nom_societe;adresse
CAMPING CHEZ MIREILLE;Chem. Genty, 62600 Berck, France
Camping Claire Rivière;560 Chem. de la Masse, 01800 Villieu-Loyes-Mollon, France
Camping Clicochic - Alpes Lodges;194 Rue du Rocher Blanc Route du, 73710 Pralognan-la-Vanoise, France
Camping Clicochic - Art de Vivre;chemin de l, 960 Chem. Islon Saint-Luc, 84230 Châteauneuf-du-Pape, France
Camping Clicochic - Baie de Cavalaire;Bd Pasteur, 83240 Cavalaire-sur-Mer, France
Camping Clicochic - Bastets;335 Chem. du Camping, 26740 Marsanne, France
Camping Clicochic - Etang de la Mutche;Rue de Morhange, 57340 Harprich, France
Camping Clicochic - Ferme des Aulnes;Marais de Fresne, 80120 Nampont, France
Camping Clicochic - Haras de Deauville;Chem. du Calvaire, 14800 Touques, France
Camping Clicochic - Havre de Bernières;Chem. de Quintefeuille, 14990 Bernières-sur-Mer, France
Camping ClicoChic - Lou Castel;3362 Rte des Côteaux, 24250 Castelnaud-la-Chapelle, France
Camping Clicochic - Peupliers (Brise de Cabourg);2 All. des Pins, 14810 Merville-Franceville-Plage, France
Camping Clicochic - Source du Jabron;200 Chem. de Brachet, 26220 Comps, France
Camping Clicochic - Verte Vallée;4092 Rte du Lac, 88400 Xonrupt-Longemer, France
Camping Club La Côte des Roses - MS Vacances;Route de Gruissan, Les Joncasses, 11100 Narbonne, France
Camping Club La Côte Sauvage - MS Vacances;La Coubre, Avenue de la Coubre Lieu-dit, 17570 Les Mathes, France
Camping Club Le Vivier - MS Vacances;681 Rue du Tit, 40600 Biscarrosse, France
Camping Club Navarrosse Plage - MS Vacances;712 Chem. de Navarrosse, 40600 Biscarrosse, France
Camping Club Plage Sud - MS Vacances;230 Rue des Bécasses, 40600 Biscarrosse, France
Camping Coeur d'Alsace;Rue du Canal, 67260 Harskirchen, France
Camping Communal au Rhin et à la Sauer;2 Rue de l'Étang, 67470 Munchhausen, France
Camping Concarneau 4 étoiles en Finistère Sud | Domaine de Pendruc;2155 Rue de Pendruc, 29910 Trégunc, France
Camping Croas-Men;Tréboul FR, 27 bis Rue du Croas Men, 29100 Douarnenez, France
Camping Cyrnos;Route de Porto Pollo, 20140 Serra-di-Ferro, France
Camping d'Angers - Lac de Maine;Av. du Lac de Maine, 49000 Angers, France
Camping d'Arpheuilles - Bord de l'eau - Vacances en France;Lieu dit Arpheuilles Saint-Paul-de-Vézelin, 42590 Vézelin-sur-Loire, France
Camping d'Oberwiese;Camping d'Oberwiesse, Rue des Vergers, 57510 Guebenhouse, France
Camping Déjà Vu;227 Latuque, 46700 Montcabrier, France
Camping dans l'Ain : Domaine de Mépillat;70 Grange Maigre, 01560 Saint-Nizier-le-Bouchoux, France
"Camping de ""La Presqu'île de Champaubert""";RD 153, 52290 Éclaron-Braucourt-Sainte-Livière, France
Camping de Belle Hutte : chalets et hébergements insolites;1 Bis Vouillé de Belle-Hutte, 88250 La Bresse, France
Camping de Bergougne;47210 Rives, France
Camping de Broceliande;Les Landelles, 56430 Néant-sur-Yvel, France
Camping de Ceyreste - Cassis La Ciotat;Av. Eugène Julien, 13600 Ceyreste, France
Camping de Chanterane;Chanterane, 05350 Molines-en-Queyras, France
Camping De Clécy Les Rochers Des Parcs;8 Route du Viaduc, La Cour, 14570 Le Vey, France
Camping de Correns Le Grand Jardin;La Condamine, 83570 Correns, France
Camping de Croas an Ter Clohars -Carnoët;Quelvez, 29360 Clohars-Carnoët, France
Camping de Fontcouverte;Fontcouverte, 05100 Névache, France
Camping de Gourjade;363 All. de Gourjade, 81100 Castres, France
Camping de Joncherey;Rue des Chênes, 90100 Joncherey, France
Camping de l'Étang des Forges - Onlycamp;Rue du Général Bethouart, 90000 Belfort, France
Camping de l'Île d'Yeu;60 Rue de St Etienne, 85350 L'Île-d'Yeu, France
Camping de l'Île Percee;Plage de, Trenez, 29350 Moëlan-sur-Mer, France
Camping de l'île;1 Imp. de l'Île, 39700 Ranchot, France
Camping de L' Oliveraie;10 Pl. de la Guinguette, 30430 Saint-Jean-de-Maruéjols-et-Avéjan, France
Camping de l'Arnel;Av. de Palavas, 34750 Villeneuve-lès-Maguelone, France
Camping de l'Ecutot;Rte de l'Ecutot, 50380 Saint-Pair-sur-Mer, France
Camping de L'Etang;15270 Champs-sur-Tarentaine-Marchal, France
Camping de l'Etang du Domaine de Boulet;La Bijouterie, 35440 Feins, France
Camping de l'Etang Philippe;Camping de, L'Étang Philippe Mazières, 63390 Saint-Gervais-d'Auvergne, France
Camping de l'Hermitage SITE OFFICIEL;46 Av. du Paradis, 44290 Guémené-Penfao, France
CAMPING DE L'ILE;1 Rue de Pontarlier, 25110 Pont-les-Moulins, France
Camping de l'Isle Saint-Jean;Rue Tardy, 89270 Arcy-sur-Cure, France
Camping de la Bageasse - Onlycamp;Chem. de la Chaud, 43100 Vieille-Brioude, France
Camping de la Baie;12 Rue du Tertre de la Fontaine, 22380 Saint-Cast-le-Guildo, France
Camping de la Baie;Lescléden, 29770 Cléden-Cap-Sizun, France
Camping de la Baie en Baie de Somme - Sites et Paysages - Camping 3 étoiles;10 Rue de la Baie, 80230 Pendé, France
Camping de la Baignade;3 Rte du Canard, 23800 La Celle-Dunoise, France
Camping de la Bouriette;199 Chem. de Tournefeuille, 31300 Toulouse, France
CAMPING DE LA BLANCHE;703 Rte de Haut Chardavon, 04140 Seyne, France
Camping de La Côte des Isles;Mielles de Rambut, 50580 Port-Bail-sur-Mer, France
Camping de la Côte des Légendes | camping Finistère Nord | Bretagne;Rue Douar ar Pont, 29890 Plounéour-Brignogan-plages, France
Camping de la Chabotière;Pl. des Tilleuls, 72800 Luché-Pringé, France
Camping de La Chanterie;581 Rte de la Gicquelière, 50380 Saint-Pair-sur-Mer, France
Camping de la Clairette - Drôme;988 Route de Die, 26340 Espenel, France
Camping de la Claysse****;178 Rue du Quai de la Claysse, 07460 Saint-Sauveur-de-Cruzières, France
Camping de La Flèche;185 All. Camping, 72200 La Flèche, France
Camping de la Forêt;Rue de l'Étang, 44130 Le Gâvre, France
Camping de la Garenne de Moncourt;Rue Siffait de Moncourt, 80120 Rue, France
Camping de la Gartempe;39 Av. de Ventenat, 87290 Châteauponsac, France
Camping de la Gautière;La, Gautière, 26170 La Penne-sur-l'Ouvèze, France
Camping de la Lône;6 bis Av. du Rhône, 42520 Saint-Pierre-de-Bœuf, France
Camping de La Laune;3724 Bd de la Vallée, 06440 Peillon, France
CAMPING DE LA LOIRE;55 Rue de la Loire, 44360 Cordemais, France
Camping de la Louve;2 Rue du Pont, 39600 Champagne-sur-Loue, France
Camping De La Météorite SARL;4 route de Boischenu, 87600 Rochechouart, France
Camping de la Manche;19 Av. de la République, 62600 Berck, France
Camping de la Montagne-Pêche;Rue de Mauconseil, 60138 Chiry-Ourscamp, France
Camping De La Motelette;80120 Forest-Montiers, France
Camping de La Motte;46 Rte de Froise, 80120 Quend, France
Camping de la Murée;35 Rue Catherine de Clèves, 08230 Bourg-Fidèle, France
Camping de La Noue de l'Anse;"D16 ""La Noue de l'Anse, 18400 Saint-Florent-sur-Cher, France"
Camping de La Piscine 4 étoiles - Fouesnant - Finistère Sud;51 Hent Kerleya, 29170 Fouesnant, France
Camping de la Plage;66470 Sainte-Marie-la-Mer, France
Camping de la Pointe;156 Chem. des Anglais, 62600 Berck, France
Camping de la reuille;1 La Reuille, 36700 Fléré-la-Rivière, France
Camping de la Rouvre;ROUVROU, 8 chemin Cul de Rouvre, 61430 Ménil-Hubert-sur-Orne, France
Camping de la Source du Doubs;Rue de la Source du Doubs, 25240 Mouthe, France
Camping de la Touche;La Touche, 37240 Ligueil, France
Camping de la Vallée;All. du Lac, 03310 Néris-les-Bains, France
Camping De la Vallée de l'Oise à Guise 02120;33 Imp. du Camping, 02120 Guise, France
Camping de la vallée du Rance L'enfant Sauvage;D33, 12380 Saint-Sernin-sur-Rance, France
Camping de Laborie Sud Ardèche;780 Route de Ruoms, 07120 Pradons, France
Camping de Mandeure;Rue de l'Église, 25350 Mandeure, France
Camping de Martiniere - Chartreuse Sites & Paysages;1941 Rte du Col de Pte., 38380 Saint-Pierre-de-Chartreuse, France
Camping de mon Village (Camping-Car Park);1 Plan d'Eau de la Vergne, 23320 Bussière-Dunoise, France
Camping de mon Village (Camping-Car Park);3 Chem. de la Planche des Dames, 87210 Le Dorat, France
Camping de mon Village (Camping-Car Park);1 Moulin du Pré, 29520 Saint-Goazec, France
Camping de Montchavin-Les Coches;2 All. du Mont Blanc, 73210 La Plagne Tarentaise, France
Camping de Montlouis-sur-Loire - Onlycamp;D751, 37270 Montlouis-sur-Loire, France
Camping de Pouchou;Pouchou, 47370 Courbiac, France
CAMPING DE RANDON;Pl. de l'Église, 48700 Monts-de-Randon, France
Camping de Rodaven;279 Chem. de la Vall. de l'Aulne, 29150 Châteaulin, France
Camping de Saumont;364 Rue de Jérusalem, 73310 Ruffieux, France
Camping de Savel;38350 Mayres-Savel, France
Camping de Serrette;2 route de sarraveille, 63790 Chambon-sur-Lac, France
Camping de Tauves - Onlycamp;31 Pl. du Foirail, 63690 Tauves, France
Camping Dei Dous Peire;86 Av. du Château de la Brague, 06600 Antibes, France
Camping de Trézulien;14 Rte de Trezulien, 29100 Douarnenez, France
Camping des Îles;1 Av. de la Plage, 50480 Sainte-Mère-Église, France
Camping Des 4 Ce;9 bis All. des Vanneaux, 33470 Gujan-Mestras, France
Camping des 5 Vallées - Briançon;Ham. Saint-Blaise, 05100 Briançon, France
Camping des Abesses;782 All. du Château, 40990 Saint-Paul-lès-Dax, France
Camping Des Acacias Tours;11 Rue Berthe Morisot, 37700 La Ville-aux-Dames, France
Camping des Alouettes (Ouvert du 1 Avril au 30 Septembre);1 Les Alouettes, 87310 Cognac-la-Forêt, France
Camping Des Arcades;5270 route de cahors, 46800 Barguelonne-en-Quercy, France
Camping des Bains;15 Av. Jean Mermoz, 58360 Saint-Honoré-les-Bains, France
Camping des Bondons;49 Rue des Bondons, 77260 La Ferté-sous-Jouarre, France
Camping des Berges de l'Yonne - Onlycamp;Rte de Clamecy, 89480 Coulanges-sur-Yonne, France
Camping des Bords de l'Aure;Bd d'Eindhoven, 14400 Bayeux, France
Camping des Capucines;Rue de la Côte Fleurie, 14860 Ranville, France
Camping des Chardonnets;D947, Abriès-Ristolas, France
Camping des Combes;Les Combes 73, 23500 Felletin, France
Camping des Combrailles;Rue de la Poule d'Eau, 63700 Saint-Éloy-les-Mines, France
Camping des Etangs;2315 Rte d'Angeville, 82100 Garganvillar, France
Camping Des Eurockéennes;38 D13, 90300 Lachapelle-sous-Chaux, France
Camping des Gorges de l'Allier;Rue Jean Baptiste Tuja, 43300 Langeac, France
Camping des Lancières;15 Rue André Henriat, 89220 Rogny-les-Sept-Écluses, France
Camping des Merveilles;Le Suquet Suquet de Lantosque (Le, 06450, France
Camping des Nations;8 B Route Nationale N° 7, 38550 Clonas-sur-Varèze, France
Camping Des Neiges - Appartement 2 personnes - Meublé VF1 1/2 P;73260 Grand-Aigueblanche, France
Camping des nières;41 Rue des Nières, 03450 Ébreuil, France
Camping des Oiseaux en Baie de Somme;591 Chem. des Oiseaux, 80120 Rue, France
Camping des Papillons;17 Rue du Stade, 03450 Lalizolle, France
Camping des Randonneurs;d'en Léon Camping des Randonneurs, 1 Camin del Serrat, 66220 Fenouillet, France
Camping des Rives de l'AA;1300 Rue Edgard Coppey, 59820 Saint-Georges-sur-l'Aa, France
Camping des Sources;350 Rte du Mouliot, 40320 Eugénie-les-Bains, France
Camping des Treilles;211 Av. Georges Bizet, 06600 Antibes, France
Camping des Trois Tilleuls;28 Rue de Frévent, 62770 Fillièvres, France
Camping Diriart;D22, 64780 Suhescun, France
Camping Dinard | Village de Yourtes | Camping Beaussais | Camping Bretagne;43 Le Bourg, 22650 Beaussais-sur-Mer, France
Camping Domaine de Fierbois - Vacances André Trigano;Av. des Alouettes, 40130 Capbreton, France
Camping Domaine de la Roudelière - Ushuaïa Villages;549 Chem. des Launes, 83870 Signes, France
Camping Domaine de Senaud;10 Route de Saint-Martin, 26140 Albon, France
Camping Domaine des Bans Yelloh Village - 4 étoiles;146 Rue James Wiese, 88430 Corcieux, France
Camping Domaine des Mathevies;255 All. de la Fontaine, 24200 Sainte-Nathalène, France
Camping Domaine du Mès;30 Rte de Mesquer, 44350 Saint-Molf, France
Camping Domaine l'Ecrin vert;Le Pont de Lincou, 12170 Réquista, France
Camping Domaine la Chabanne;l.dt, La Chabanne, 03250 Châtel-Montagne, France
Camping Domaine la Garenne - Drôme - Ouvert du 29/04/2026 au 13/09/2026;156 Chablezin, 26330 Saint-Avit, France
Camping Domaine Le Midi Sandaya - Ile de Noirmoutier - 5 étoiles;Rue du Camping, 85630 Barbâtre, France
Camping Domaine Le Quercy;1653- France, 894 chemin de Mont Marsis, 3200 Pont du Gué, 46300 Gourdon, France
Camping Domaine saint Martin du Canigou;6 Boulevard de la Cascade, 66820 Casteil, France
Camping Domaine Saint-Laurent & Salle de réception - 3 étoiles proche de Castelnaudary;Camping St Laurent Lieu-dit Les Touzets GPS : lat 43.390 / long 1.827, 11320 Montferrand, France
Camping Dordogne - Le Domaine du Lac en Périgord Noir;Le Lac, 24580 Plazac, France
Camping Dordogne La Lénotte 3 étoiles;D710, 24170 Monplaisant, France
Camping Dordogne Sarlat - Les Truffières de Dordogne;La Bouquerie, 24590 Saint-Geniès, France
Camping Douce France Antibes;244 Av. du Pylône, 06600 Antibes, France
Camping Douce Quiétude Sandaya - Saint-Raphaël - 5 étoiles;3435 Bd Jacques Baudino, 83700 Saint-Raphaël, France
Camping du Baillons;35 Rte de l'Épinette, 62650 Enquin-sur-Baillons, France
Camping du Bel Étang;20B Ham. de Marlemperche, 02170 Le Nouvion-en-Thiérache, France
Camping du Bois de St Hilaire;Rte de la Gare, 86190 Chalandray, France
Camping du bois des forts;5180 Rue Principale Cd 72, 59380 Téteghem-Coudekerque-Village, France
Camping du Bois des Sources;378 Rte d'Auberives, 38370 Saint-Prim, France
Camping du Bois Joli et Chalets d'Alésia - Chaux Des Crotenay;8 Rte de la Piscine, 39150 Chaux-des-Crotenay, France
Camping du Bord de Mer Saint Michel Chef Chef;1 bis Bd de l'Océan, 44730 Saint-Michel-Chef-Chef, France
Camping du Buisson Lac du Der en Champagne | Snack ouvert à tous;LIeu dit, Le Buisson, 52130 Louvemont, France
Camping du Château - Falaise;1 Rue du Val d'Ante, 14700 Falaise, France
Camping du Champ Neuf;8 Rue du Champ Neuf, 80120 Saint-Quentin-en-Tourmont, France
Camping du Chercheur d'or;615 Chem. du Libac, 30350 Cardet, France
Camping du Clos de l'Abbaye;Parc des sports 44.153771, 4.054170, 30480 Cendras, France
Camping du Crêt - Onlycamp;580 Rte du Crêt, 74450 Saint-Jean-de-Sixt, France
Camping du grand fay Loire Atlantique Saint Père en Retz;Rue du Grand Fay, 44320 Saint-Père-en-Retz, France
Camping du Grand Pré;10 Rue du 8 Mai, 80510 Long, France
Camping du Grand Sart;Chem. du Grand Sart, 59262 Sainghin-en-Mélantois, France
Camping du Hâble;4 Rte de la Hague, 50440 La Hague, France
Camping du Halloy;2 Chem. aux Raisins, 62600 Berck, France
Camping du Haras;5 KERSIMON, 56250 Monterblanc, France
Camping du Lac;Le Lac N94, 05310 La Roche-de-Rame, France
Camping du Lac;3400 Rte du Lac, 88400 Xonrupt-Longemer, France
Camping du Lac;Au Grand Étang, 24410 La Jemaye-Ponteyraud, France
Camping du Lac;21 Les Belles Rives, 56800 Taupont, France
Camping du Lac;29 CAMIN D'AZUN, 65400 Arcizans-Avant, France
Camping du Lac de Bignac - Charente;2 Chem. de la Résistance 1944, 16170 Genac-Bignac, France
Camping du Lac de Mondon;2 La Forge de Mondon, 87160 Cromac, France
Camping du Lac des Chênes;1106 Chem. de Réveille Haut, 82150 Montaigu-de-Quercy, France
Camping du Lyvet;Rte du Petit Lyvet, 22100 Saint-Samson-sur-Rance, France
Camping du Mas de Lastourg ***;Camping Mas de Lastourg RD66, 66500 Villefranche-de-Conflent, France
Camping du Mont Saint-Michel;8 Rte du Mont Saint-Michel, 50170 Le Mont-Saint-Michel, France
CAMPING DU MOULIN;561 Moulin Brûle, 42140 Chazelles-sur-Lyon, France
Camping du Moulin de Cantizac;Rue Kerhuillieu, 56860 Séné, France
Camping du Navoy;39300 Pont-du-Navoy, France
CAMPING DU PARC - Camping familial pour les amoureux de la nature;9 All. William Jonka, 17750 Étaules, France
Camping du Pays de Beille - Ariège Pyrénées;Route du camping camping pays de beille Pech de narappe, 09310 Les Cabannes, France
Camping du Petit Pont;111 Av. de l'Etrade, 17530 Arvert, France
Camping du Plein Air;402 Rte de Gamaches, 80230 Estrébœuf, France
Camping du Point Vert;Chem. du Point Vert, 01470 Serrières-de-Briord, France
Camping du Pont;Rue du bac prairie de Dancy Sud, 77470 Trilport, France
Camping du Pont d'Abense;D57, Quartier Le Pont d'Abense, 64470 Tardets-Sorholus, France
Camping du Pont de Maisonneuve;82 Rte du Bois de Païolive, 07460 Beaulieu, France
camping du Pont de Saint Gal;chemin du bateau, 63440 Saint-Gal-sur-Sioule, France
Camping du Port de Plaisance - Péronne (Somme - Picardie - France);Rte de Paris, 80200 Péronne, France
CAMPING DU SABLON;38 Ham. de la Mer, 50330 Vicq-sur-Mer, France
Camping du Pylône;189 Av. du Pylône, 06600 Antibes, France
Camping du Vélodrome;Av. Henry Dunant, 80300 Albert, France
Camping du Val;103 Rue des Hôpitaux, 22430 Erquy, France
Camping du Val D'Authie;4 Rte de Berck, 62390 Tollent, France
Camping du Val de Bonnal;1 Chem. du Moulin, 25680 Bonnal, France
Camping du Val de Saine;28 Grande Rue, 39460 Foncine-le-Haut, France
Camping du Valentin;6 Vieille Route des Eaux-Bonnes, 64440 Laruns, France
Camping du Viaduc des Fades;8 Le Moulin, 63770 Les Ancizes-Comps, France
Camping Dun-le-Palestel;2 Prom. Maurice Rollinat, 23800 Dun-le-Palestel, France
Camping Ecoloire;Île Batailleuse, 44370 Loireauxence, France
Camping Ecoresponsable Le Rêve | Lot & Dordogne;295 route du camping, Revers Lieu-dit, 46300 Le Vigan-en-Quercy, France
Camping Eden Biot;63 Chem. du Val de Pôme, 06410 Biot, France
Camping Eden Villages Domaine de Bréhadour;Rte de Bréhadour, 44350 Guérande, France
Camping Eden Villages Manoir de Ker An Poul - Sarzeau;lieu dit De, 1 Rte de la Grée Penvins, 56370 Sarzeau, France
Camping Egletons - Lac;19300 Égletons, France
Camping Elizanburu;Vge de Suhare, 64470 Ossas-Suhare, France
Camping En Chon les Pins | Camping Biscarrosse;600 Chem. d'en Chon, 40600 Biscarrosse, France
Camping Escale Saint-Gilles Sandaya - Finistère Sud - 5 étoiles;Cor de la Mer, 29950 Bénodet, France
Camping et Bar-Restaurant L’Etruyère;La, 17 L'Etruyère, 85120 Terval, France
Camping et camping-car du Moulin d'Erloy;Le Moulin, 02260 Erloy, France
"Camping et Complexe aqualudique ""Le Rocher de Grelet """;Av. de Langogne, 43420 Pradelles, France
Camping et gîte LA CASCADE;1504 La Brouillerie, 53500 Ernée, France
Camping et gîtes D'auberoche 3 étoiles Dordogne Perigord;100 Rte du Roc, 24640 Bassillac et Auberoche, France
Camping et gîtes Parenthèses imaginaires...;2025 Rte Source de Cardissou, 24470 Milhac-de-Nontron, France
Camping et Hébergements Insolites Le Coeur de la Forêt;34 Rue de l'Armistice, 60350 Pierrefonds, France
"Camping et Village vacances ""La Fontaine d'Annibal""";Quai de l'Ouvèze, 26170 Buis-les-Baronnies, France
Camping Europa;de, 1387 Rte du Petit Bois, 85800 Givrand, France
Camping Evasion Hérault Restaurant Fontès;Route de Cabrières, 34320 Fontès, France
Camping familial de La Prévôté ( anciennement des 2 ânes);La Prévôté, 33240 Périssac, France
Camping Fargogne;1455 D8 Route De Puycelsi Lieu Dit Fargogne, 82800 Puygaillard-de-Quercy, France
CAMPING FELIX DE LA BASTIDE;414 All. de la Plage d'Arthur, 13920 Saint-Mitre-les-Remparts, France
Camping Fontisson en Provence :Mobil Home et emplacements libres.;1125 Rte d'Avignon, 84470 Châteauneuf-de-Gadagne, France
Camping Fontpédrouse;25 Chem. du Moulin, 66360 Fontpédrouse, France
"Camping Gîtes de Plein Air "" Le Gabitou """;48210 La Malène, France
Camping Goyetchea | Camping 4 étoiles Pays Basque;Route d'Ahetze, Quartier d'Ibarron, 64310 Saint-Pée-sur-Nivelle, France
Camping Grottes d'Azé;180 All. des Grottes, 71260 Azé, France
CAMPING HAMEAU DES CANNISSES;Av. de la Jonque, 11430 Gruissan, France
Camping Hameau des Neiges;260B Rte des Neiges, 59229 Téteghem-Coudekerque-Village, France
Camping Haute-Loire : Camping Sites et Paysages de Vaubarlet;Les Obletières, 43600 Sainte-Sigolène, France
Camping Hello Soleil;4459 route de Planzolles, 07230 Lablachère, France
Camping Herbelon;par la RD 110, 1585 route d'herbelon 38650, 38650 Treffort, France
Camping Hermitage des Dunes;Rue du Bois Millet, 44760 Les Moutiers-en-Retz, France
Camping Homair - Coeur de Vendée;Bois de la Raillère, 85600 La Boissière-de-Montaigu, France
Camping Homair - Domaine de Chaussy;Route de Ruoms 5885, Petit Chaussy, 07150 Lagorce, France
Camping Homair - Domaine de Massereau;Les Hauteurs De, 1803 Rte d'Aubais, 30250 Sommières, France
Camping Homair - Green Park;136 Chem. du Vallon des Vaux, 06800 Cagnes-sur-Mer, France
Camping Homair - La Chapelle;Av. du Tech, 66700 Argelès-sur-Mer, France
Camping Homair - Le Parc de la Fecht;Rte de Gunsbach, 68140 Munster, France
Camping Homair - Le Soleil de la Méditerranée;12 Rue Sainte-Beuve, 66750 Saint-Cyprien, France
Camping Homair - Les Gorges de Provence;D211 Route de Baudinard, 04500 Montagnac-Montpezat, France
Camping Homair - Mayotte Vacances;Quartier Mayotte Lac, 368 Chem. des Roseaux, 40600 Biscarrosse, France
Camping Homair - Novela Port La Nouvelle;406 Bd Francis Vals, 11210 Port-la-Nouvelle, France
Camping Homair - Rieumontagné;D162 Lac Du Laouzas, 81320 Nages, France
Camping Homair - Rivages des Landes;236 Prom. de l'Étang, 40200 Aureilhan, France
Camping Homair - Val de Durance;1649 Rte du Camping, 84160 Cadenet, France
Camping Huttopia Arcachon;5 Avenue de la Galaxie, 33120 Arcachon, France
Camping Huttopia Bozel en Vanoise;Le Chevelu, 73350 Bozel, France
Camping Huttopia Côte Sauvage - Ile de Ré;Rue Basse Benaie, 17740 Sainte-Marie-de-Ré, France
Camping Huttopia Douarnenez;69 Av. du Bois d'Isis, 29100 Douarnenez, France
Camping Huttopia Fontvieille - Provence;Rue Michelet, 13990 Fontvieille, France
Camping Huttopia Lac de l'Uby - Gers;730 Av. du Lac, 32150 Cazaubon, France
Camping Huttopia Val Cenis;602 Route de l'Église Bramans, 73500 Val-Cenis, France
Camping Huttopia Vanoise - Champagny;Voie Stéphane Husson, 73350 Champagny-en-Vanoise, France
Camping IGESA;Rue de la Plage, 50460 Querqueville, France
Camping Ile d'Oléron - Le Montet d'Oléron;671 Rte du Treuil, 17550 Dolus-d'Oléron, France
Camping Ile de Boulancourt - Ecologique en Forêt de Fontainebleau;6 All. des Marronniers, 77760 Boulancourt, France
Camping Ile De La Comtesse - Mobilhome 4 personnes - Voilier 2 chambres 27m² 2014/2020/2021;01300 Murs-et-Gélignieux, France
Camping International - Campasun – Camping Aups - Gorges du Verdon;495 Rte de Fox Amphoux, 83630 Aups, France
Camping Isle verte;Av. de la Loire, 49730 Montsoreau, France
Camping Kerlaz | Camping à Tréguennec en Finistère Sud;5 Rue du Bourg, 29720 Tréguennec, France
Camping Kerscolper;Hent Kerscolper, 29170 Fouesnant, France
Camping Kost Ar Moor Fouesnant;17 Rte du Grand Large, 29170 Fouesnant, France
Camping L'Évasion 4 étoiles - Romanée;J6M2+VQ, 89 Rue des Sables bât L, 85220 Landevieille, France
Camping L'Île des Pêcheurs;16 Chem. du Camping, 69420 Condrieu, France
CAMPING L'AIR DU TEMPS;1 La Barrière, 15270 Beaulieu, France
Camping L'Amandier;Camping l amandier, 04250 Gigors, France
Camping l'Ambois;7 Ambois lieu dit, 85000 Mouilleron-le-Captif, France
camping l'Amitié au bord de l'eau à Trébas Tarn;Chemin des Berges VALLEE DU TARN, 81340 Trébas, France
Camping L'Anse du Brick Sandaya - Presqu'Île du Cotentin - 5 étoiles;18 Anse du Brick, 50330 Maupertus-sur-Mer, France
Camping l'Aquarelle Du Limousin;26 Chem. du Cheix, 23300 La Souterraine, France
Camping L'Armorique **** Presqu'île de Crozon;112 Rue de la Plage, 29560 Telgruc-sur-Mer, France
Camping l'Artaudois au Pradet dans le Var;Le, 529 Chem. de l'Artaude, 83220 Le Pradet, France
Camping L'Astrée - Onlycamp;Chem. de Vernat, 42220 Bourg-Argental, France
Camping l'Eau Vive;Av. de Saint-Saturnin, 66820 Vernet-les-Bains, France
CAMPING L'EAU VIVE;280 rue du camping, 33230 Les Églisottes-et-Chalaures, France
Camping L'Eau Vive - Mobilhome 4 personnes - Cottage Riviera;46110 Carennac, France
Camping L'Eau Vive - Mobilhome 6 personnes - FAMILY;46110 Carennac, France
Camping L'Ecrin Nature (Ouvert du 3 avril au 27 septembre 2026);225 chemin de la pierre creusade Etang de Jonas 87240, Ambazac, France
Camping L'Ecureuil;L'ecureuil, L'Écureuil, 15270 Champs-sur-Tarentaine-Marchal, France
Camping l'Eden - Camping La Baule ( Location Mobil Home / Piscines );13/15 Rte de Ker Rivaud, 44500 La Baule-Escoublac, France
Camping l'Eden de la Vanoise;170 Parking du Perrey, 73210 Landry, France
Camping L'Entre-Deux;18 Rue du Camping, 41130 Châtillon-sur-Cher, France
Camping l'Escale;33 Imp. du Plein Air, 74450 Le Grand-Bornand, France
Camping l'Escale de Loire;529 route de la corniche angevine, 49290 Chalonnes-sur-Loire, France
Camping L'estuaire;3 Rte de l'Estuaire, 17150 Saint-Thomas-de-Conac, France
Camping l'Etang des Haizes;43 Rue Cauticotte, 50250 La Haye, France
CAMPING L'ILE AUX PERDRIX;14 Chem. de la Rama, 38460 Siccieu-Saint-Julien-et-Carisieu, France
Camping l'Océan;17 Rue du Brandais, 85470 Brem-sur-Mer, France
Camping L'Ondine de Provence;785 Rte de Nyons, 26470 La Motte-Chalancon, France
Camping L'Orée des Boires - Onlycamp;Rue des Pêcheurs Beauregret, 49530 Orée d'Anjou, France
Camping L’Île des Papes Sandaya - Avignon - 4 étoiles;1497 D780, 30400 Villeneuve-lès-Avignon, France
Camping l’Evasion;Martignac direction Cassagnes, 46700 Puy-l'Évêque, France
Camping La Bernède Rennes-les-Bains ???;19 Chem. de la Bernède, 11190 Rennes-les-Bains, France
Camping La Bonne Vie;4 Nignolle, 71490 Saint-Maurice-lès-Couches, France
Camping La Boulinière;640 All. de Monlabeur, 17190 Saint-Georges-d'Oléron, France
Camping La Briquerie;300 Rte de Trouville D62, 14600 Équemauville, France
Camping La Buissière - Ciela Village;2530 Rte d'Orgnac, 30430 Barjac, France
Camping La Cascade *** (48);Salvinsac, 48150 Meyrueis, France
Camping La Chênaie;33 Rue Notre Dame de Buze, 17570 Les Mathes, France
Camping La Chabannerie ouverture le 1er mai fermeture le 30/09/2026;Camping, 262 Rte de la colline, 38930 Saint-Martin-de-Clelles, France
Camping La Chataigneraie;camping la Châtaigneraie, 07560 Montpezat-sous-Bauzon, France
Camping La Chaumière;501 Langhemast Straete, 59285 Buysscheure, France
Camping La Clé de Saône;Rte du Port d'Arciat, 71680 Crêches-sur-Saône, France
Camping La Cube ??;La Cube, 808 Les Farges lieu-dit, 63880 Le Brugeron, France
Camping La Digue - Ardèche - 4 étoiles;860 Chem. des Digues, 07120 Chauzon, France
Camping La Dive;12 Rte de la Mer, 85580 Saint-Michel-en-l'Herm, France
Camping La Dourbie;1144 Rte de Nant, 12230 Saint-Jean-du-Bruel, France
Camping la Ferme des Paysans Voyageurs;263 route du col du vorger Les chéseaux, 73200 Thénésol, France
Camping la Fontaine - Onlycamp;les, 524 route de saint crépin, Eyssarts, 05600 Réotier, France
Camping La Forêt Stella-Plage - Côte d'Opale;149 Bd de Berck, 62780 Cucq, France
CAMPING LA FOUILLADE;2 Rue des Genets, 12270 La Fouillade, France
Camping la Gantesse;D560 , ZA, La Foux, 83640 Saint-Zacharie, France
Camping La Garde;La Garde, 48370 Saint-Germain-de-Calberte, France
Camping La Garenne;59122 Ghyvelde, France
Camping la Grivelière;La Grivelière 2980, route de la Verne, 26350 Valherbasse, France
camping la guinguette berck;32 Chem. aux Raisins, 62600 Berck, France
CAMPING LA HERELLE;3 Rue Poulain, 80300 Miraumont, France
Camping La Maltournée;Rte de Châteauneuf, 45110 Châteauneuf-sur-Loire, France
Camping la Marette Sites et Paysages;5864 route du Tanargue, 07110 Joannas, France
Camping La Marjorie;640 Bd de l'Europe, 39000 Lons-le-Saunier, France
Camping La Marliere;Ldt La Marliere, 59247 Féchain, France
Camping La Musardière;Rte des Grandes Vallées, 91490 Milly-la-Forêt, France
Camping La Nouvelle Aventure;84 Rue Principale le Village, 62560 Audincthun, France
Camping La Pélonie · APV · 4 étoiles · Dordogne;Village de, 1750 Rte de la Pélonie, 24330 Bassillac et Auberoche, France
Camping La Pensiere;D151A, 30750 Dourbies, France
Camping la Perle;6 Route de Lavaveix, 23200 Saint-Médard-la-Rochette, France
Camping La Pinède;Rte de Saint-Pierre, 04800 Gréoux-les-Bains, France
Camping La Pinède;193 Chem. des Mannes, 83240 Cavalaire-sur-Mer, France
Camping La Pinède;10 Av. de la Plage, 74140 Excenevex, France
Camping la Pinéde en Provence;chemin de la Maresque, 84430 Mondragon, France
Camping La Plage De Cleut Rouz;168 Hent Cleut Rouz, 29170 Fouesnant, France
camping La Plage de L'Orb;Rue des Fleurs, 34460 Cessenon-sur-Orb, France
Camping La Plage de Verduzan;Rue du Lac, 32410 Castéra-Verduzan, France
Camping La Plage Lot / Vallée de la Dordogne / Rocamadour / Padirac;50 impasse de la rivière, 46200 Meyronne, France
Camping La Prairie;8 Rte du Sailhet, 65400 Lau-Balagnas, France
Camping LA PRAIRIE | le Crotoy en Baie de Somme;2 Rue de Mayocq, 80550 Le Crotoy, France
Camping La Résidence d'été - Mobilhome 4 personnes - Cottage Classique - 18 m² - 2 chambres - 4 pers;07700 Saint-Remèze, France
Camping La Résidence d'été - Mobilhome 6 personnes - Cottage « La petite tribu » - 26 m² - 2 chambres - 6 pers - Plancha;07700 Saint-Remèze, France
Camping La Résidence d'été - Mobilhome 6 personnes - Cottage Premium Clim - 29 m² - 2 chambres – 4/6 pers - climatisation & plancha;07700 Saint-Remèze, France
Camping La Résidence d'été - Mobilhome 6 personnes - Cottage Premium Famille - 33 m² - 3 chambres – 6 pers;07700 Saint-Remèze, France
Camping La Résidence d'été - Tente 4 personnes - Tente Tipi aménagée – 4 pers;07700 Saint-Remèze, France
Camping La Résidence d'été - Tente 6 personnes - Tente Tipi aménagée – 6 pers;07700 Saint-Remèze, France
Camping la Raudiere (SARL French Fields );2 La Raudière, 79150 St Maurice Étusson, France
Camping La Renouillère;655 Chem. des Hutins Vieux, 74140 Sciez, France
Camping La Ribeyre Sandaya - Auvergne - 5 étoiles;405 Rte de Montaleix, 63790 Saint-Victor-la-Rivière, France
Camping la Rivière;Pons, 12140 Saint-Hippolyte, France
Camping La Rivière Dorée - Seine et Marne;Chem. des Grèves, 77167 Bagneaux-sur-Loing, France
CAMPING LA RIVIERE;Camping La Rivière, 46200 Lacave, France
Camping La Roche Canillac;1 Impasse du, Puy Banal, 19320 La Roche-Canillac, France
Camping La Roche Percée;30 Hent Kerveltrec, 29170 Fouesnant, France
Camping la Rochette - Onlycamp;474 Rte des Campings, 05600 Guillestre, France
Camping La Romiguière en Aubrac;La Romiguière Lieu-dit, 12210 Montpeyroux, France
Camping La Roquette;745 Av. Jean Mermoz, 13160 Châteaurenard, France
Camping la Rouillère | Ramatuelle | Saint Tropez;229 Chem. des Piboules, 83350 Ramatuelle, France
Camping La Rouveyrolle;Quartier, La Rouveyrolle, 07460 Berrias-et-Casteljau, France
Camping La Sirène;Rte de Taxo à la mer, 66700 Argelès-sur-Mer, France
Camping La Source;540 Chem. de ma Rouvière, 07460 Berrias-et-Casteljau, France
Camping La Tisarne;451 Chem. de la Tisarne, 82370 Campsas, France
Camping La Tuilerie à Châtel-sur-Moselle;Ferme de, La Tuilerie, 88330 Châtel-sur-Moselle, France
Camping La Vague;193 Rte de Vaudroulin, 50400 Granville, France
Camping La Vallée de l'Avre;8 Rue de Hailles, 80110 Moreuil, France
Camping La Vallée de L'Indre;Parc la Grange Rouge, 37250 Montbazon, France
Camping La Vallée Du Ninian;Le Rocher - Ville Bonne, 56800 Taupont, France
Camping la Vologne;3030 Rte de Retournemer, 88400 Xonrupt-Longemer, France
Camping La Vaugelette;764 route de Beaufort, 26400 Montclar-sur-Gervanne, France
Camping Lac aux Oiseaux - Camping Aveyron;800 Rte de Bannac, 12200 Martiel, France
Camping Lafayette;26 Rue de la Cocarde, 43230 Chavaniac-Lafayette, France
Camping Landes | Les Pins du Soleil;701 Rte des Minières, 40990 Saint-Paul-lès-Dax, France
Camping Landes Azur - Camping 4 étoiles à Azur;Rue Henri Goalard, 40140 Azur, France
Camping Landes Océanes - Camping 4 étoiles à Léon;Route de Linxe, Lieu dit Maoucout, 40550 Saint-Michel-Escalus, France
Camping Laouba;6 Chem. de Laouba, 33930 Vendays-Montalivet, France
Camping Las closes - Hébergement au pied du Canigou;Rte de Fillols, 66820 Corneilla-de-Conflent, France
Camping Leï Suves;Route de Marchandise - 1770 Boulevard Ric Hochet, 83520 Roquebrune-sur-Argens, France
CAMPING LE BAS LARIN;88 Rte de Larin le Bas, 07340 Félines, France
CAMPING LE BASCAT;Rue de Jouandin, 40100 Dax, France
Camping Le Beauvillage;341 Rte du Camping, 82110 Lauzerte, France
Camping Le Bec de Cisse;3 Chem. du Bec de Cisse, 37210 Vouvray, France
Camping Le Bel été d'Anduze - Mobilhome 4 personnes - Lodge Confort climatisé;30140 Anduze, France
Camping Le Bel été d'Anduze - Mobilhome 5 personnes - Lodge Premium climatisé;30140 Anduze, France
Camping Le Bel Event;Bellevent, 35430 Saint-Père-Marc-en-Poulet, France
Camping Le Belvédère (Flower Camping Auvergne Cantal);4 route des vacances, 15260 Neuvéglise-sur-Truyère, France
Camping le Bivouac;4 Rte de Chalain, 39300 Pont-du-Navoy, France
Camping Le Blayais Alicat;32 Av. Joseph Béteille, 17110 Saint-Georges-de-Didonne, France
Camping Le Bocage;Le Roux, 05800 Saint-Maurice-en-Valgodemard, France
Camping Le Bois de Pins - Baie de Somme | Cayeux sur Mer;Av. Guillaume le Conquérant, 80410 Cayeux-sur-Mer, France
Camping le Bois du Coderc;185 Rte des Gaunies, 24420 Antonne-et-Trigonant, France
Camping Le Bois Fleuri 5 étoiles - Argelès-sur-Mer;Rte de Sorede, 66700 Argelès-sur-Mer, France
Camping Le Bois Joli;384 Rue du Bois Joli Chemin du, 73130 Saint-Martin-sur-la-Chambre, France
Camping Le Botanic;Launac le Vieux Route de, 34690 Fabrègues, France
Camping Le Boucher;4 Le Boucher, 03440 Buxières-les-Mines, France
Camping Le Bouloc;22 Av. du Lac, 34260 Ceilhes-et-Rocozels, France
Camping Le Braou - Hébergement 4 personnes - LODGE SUR PILOTIS;33980 Audenge, France
Camping Le Canigou;D55, 66320 Espira-de-Conflent, France
Camping Le Castel Rose Yelloh Village - 4 étoiles;610 Chem. de Recoulin, 30140 Anduze, France
Camping Le Casties -Site officiel- Camping familial 3 étoiles à Casties-Labrande Haute Garonne chalet mobile-home emplacement;Lieu-Dit Bas de Labrande, 1133 Le Gélas, 31430 Casties-Labrande, France
Camping Le Caussanel - Ciela Village - Aveyron;Le Lac de Pareloup, 12290 Canet-de-Salars, France
Camping Le Château - Tente en toile et en bois 2 personnes - Bivouac perché Cyclo 8m² 1 chambre ( sans sanitaires) 2 pers;26390 Hauterives, France
Camping Le Château - Village Club Sun Marina - 5 étoiles;50 Rue du Château Vieux, 85270 Saint-Hilaire-de-Riez, France
Camping le Château de Martragny;52 VC Ham. de Saint-Léger, 14740 Moulins-en-Bessin, France
Camping Le Château de Rochetaillée - Ciela Village;209, chemin De Bouthéon, 38520 Le Bourg-d'Oisans, France
Camping Le Châtelet 5 étoiles - Romanée;Rue des Nouettes, 22380 Saint-Cast-le-Guildo, France
Camping le chêne et le roseau;38270 Moissieu-sur-Dolon, France
Camping Le Champ Long - Tente en toile et en bois 5 personnes - Lodge sans sanitaires;38350 La Salle-en-Beaumont, France
Camping Le Champ Long - Tente en toile et en bois 5 personnes - Tente lodge premium avec sanitaires 5 personnes;38350 La Salle-en-Beaumont, France
Camping Le Chaponnet - Ciela Village;16 Rue du Chaponnet, 85470 Brem-sur-Mer, France
Camping Le Chenantier;L’envers, 73500 Val-Cenis, France
Camping le Cians;Quartier la Vignetta, 06470 Péone, France
Camping Le Clairet;121 Rte de Serpolet, 73310 Serrières-en-Chautagne, France
Camping Le Clairmarais;1 Rue du Romelaere, 62500 Clairmarais, France
Camping Le Clos de Barbey - Gorges du Verdon & Lac de Sainte-Croix;Route d'Aups, D49, 83630 Bauduen, France
Camping Le Clos des Peupliers à Barjac 48000 Lozère;2 Chemin des peupliers, 48000 Barjac, France
Camping Le Clos du Doubs;Rue Courtclavon, 25190 Glère, France
camping le clos fleuri;40 Av. de la Mission, 34110 Vic-la-Gardiole, France
Camping Le Clos Lalande;359 Route de Bioule, 82800 Montricoux, France
Camping le Clou;3655 route de Saint Georges, 24220 Coux et Bigaroque-Mouzens, France
Camping le Coin Tranquille;50 Chem. des Vignes, 38490 Les Abrets en Dauphiné, France
Camping Le Colomer;Rue du Colonel Fabien, 66130 Ille-sur-Têt, France
Camping Le Colporteur - Ciela Village;438 Rue des Colporteurs, 38520 Le Bourg-d'Oisans, France
Camping Le Colvert;route du stade, 02100 Homblières, France
Camping Le Courounba - Vacances André Trigano;764 Chemin du Chambon, Courounba, 05120 Les Vigneaux, France
CAMPING le CRIQUET;42 Rue du Criquet, 78840 Freneuse, France
Camping Le Dauphin | Camping 4 étoiles Charente-Maritime;35 All. des Bruyères, 17110 Saint-Georges-de-Didonne, France
CAMPING LE DAXIA;impasse clarius Camping le daxia, 38370 Saint-Clair-du-Rhône, France
Camping Le Diamant;29 Le Diamant, 05260 Saint-Jean-Saint-Nicolas, France
Camping Le DOLIUM 4 étoiles | Laudun L'Ardoise | Gard;Pour le GPS = Route de Saint-Victor La Coste prendre par la, 119 chemin de la Cazelle, D240, 30290 Laudun-l'Ardoise, France
Camping Le Domaine De Longemer;Le Domaine de Longemer, 121 Rte de la Plage, 88400 Xonrupt-Longemer, France
Camping Le Domaine du Colombier Sandaya - Fréjus - 5 étoiles;1052 Rue des Combattants d'Afrique du N, 83600 Fréjus, France
Camping Le Drakkar;309 Rte de la Bruyère, 50380 Saint-Pair-sur-Mer, France
Camping Le Faillal;45 Rte du Faillal, 82270 Montpezat-de-Quercy, France
Camping Le Fief Sandaya - Saint-Brevin-les-Pins - 5 étoiles;57 Chem. du Fief, 44250 Saint-Brevin-les-Pins, France
Camping Le Florida;Rte de Latour, 66200 Elne, France
Camping Le Frêche A L' âne;6 Rue du Champ Saint-Paul, 22550 Pléboulle, France
Camping Le Frêne;Les, Rte des Cornuts, 74260 Les Gets, France
Camping le Glandasse;550 route de Gap, 26150 Die, France
Camping Le Gouret;forêt de Marassan, 300 chemin du gouret, 05470 Aiguilles-en-Queyras, France
Camping Le Goutilier;Sainte-Marie, 63120 Aubusson-d'Auvergne, France
Camping Le Grand Cerf;3 Imp. du Grand Cerf, 26530 Le Grand-Serre, France
Camping Le Grand Dague Sandaya - Dordogne - 5 étoiles;Rte du Grand Dague, 24750 Boulazac Isle Manoire, France
Camping Le Grand Lac;Le Puy, 87440 Milhaguet-Marval, France
camping le grand lierne;26120 Châteaudouble, France
Camping le Grand Paris 4 étoiles - Île-de-France;10 Chem. des Belles Vues, 95690 Nesles-la-Vallée, France
Camping Le Gué;6 Rue de Couddes, 41700 Chémery, France
Camping Le Hameau des Champs;Lieu dit, 25 Route de Chalon, Les Champs, 71460 Cormatin, France
Camping Le Jardin;7 Rue du Pont Vieux, 81330 Lacaze, France
Camping Le Kérou Sandaya - Finistère Sud - 4 étoiles;15 Rue des Ajoncs, 29360 Clohars-Carnoët, France
Camping Le Léman Plage (ex Pourvoirie des Ellandes);1418 Rte du Lac, 74140 Excenevex-Plage, France
Camping Le Lac de Bonnefon;225 Route de la Gamasse, Bonnefon, 12800 Naucelle, France
Camping Le Lac Saint Clair;767 Rte de la Plaine, 73110 Détrier, France
Camping Le Lieu - Saint-Jory-de-Chalais (Dordogne);1 Chem. de Maison Neuve, 24800 Saint-Jory-de-Chalais, France
Camping Le Lido;11 Chem. du Passeur, 77250 Moret-sur-Loing - Veneux, France
Camping Le Littoral Sandaya - Vendée - 5 étoiles;Le Porteau, 85440 Talmont-Saint-Hilaire, France
Camping Le Logis de l'Aubonniere;Lieu-dit L'Aubonnière, 85310 Rives de l'Yon, France
Camping Le Luberon | Pausado;2295A Av. de Saignon, 84400 Apt, France
Camping Le Lustou de la VALLÉE DU LOURON proche Lac de Loudenvielle;42 route du louron, 65240 Adervielle-Pouchergues, France
Camping Le Luy;288 Rte de Baa, 40180 Seyresse, France
Camping Le Mas de Linde;208 Linde, 30430 Saint-Privat-de-Champclos, France
Camping le Mas Des Roses;1 Rte des Aresquiers, 34110 Vic-la-Gardiole, France
Camping le Mas Saint-Pierre;Vallée de l'Asse, D907, 04270 Saint-Julien-d'Asse, France
Camping Le Mat | Camping Trevou | Camping Bretagne;38 Rue de Trestel, 22660 Trévou-Tréguignec, France
Camping Le Mergnécois;1000 Rte du Plan d’Eau, 42380 Merle-Leignec, France
Camping Le Merin;7 Rte de Mérin, 33930 Vendays-Montalivet, France
Camping le Miroir;25 Rte de la Poste, 25370 Les Hôpitaux-Neufs, France
Camping le Mont Libre - Gannat;10 Rte de la Bâtisse, 03800 Gannat, France
Camping Le Moulin De Paulhiac - Dordogne;Camping le Moulin de, 24250 Daglan, France
Camping Le Moulin De Rambourg;51 Rambourg, 85310 Nesmy, France
Camping Le Moulin Sites et Paysages;560 Chem. Du Moulin, 31220 Martres-Tolosane, France
Camping Le Mousserein;Derrière les Vergers du Moulin, Ravin de Mousserein Quartier, Saint-Étienne, 04250 La Motte-du-Caire, France
Camping Le Muret;lieu dit Le Muret, 12200 Le Bas Ségala, France
Camping Le Noble Val - Vacances André Trigano;Rte de Marsac, 82140 Saint-Antonin-Noble-Val, France
Camping Le P'tit bois Sandaya - Saint-Malo - 5 étoiles;La Lande Chalandouse, 35430 Saint-Jouan-des-Guérets, France
Camping le P'tit Bonheur;Allée des gens heureux, 13 Voie de la Tet, 66360 Escaro, France
Camping Le Palais De La Mer | Camping Sainte-Marie-la-Mer;Av. de las Illas, 66470 Sainte-Marie-la-Mer, France
Camping Le Panoramic lac d'annecy;22 Chem. des Bernets, 74320 Sevrier, France
Camping Le Paquis (Metz-Sud);57680 Corny-sur-Moselle, France
Camping le Parc;577 Av. du Parc, 24150 Lalinde, France
Camping Le Parc de la Bastide;12 Av. Jean Moulin, 13210 Saint-Rémy-de-Provence, France
Camping Le Parc De Vaux;35 Rue des Colverts, 53300 Ambrières-les-Vallées, France
Camping Le Parc du Gué;12 Rte de Montigny, 77690 La Genevraye, France
Camping Le Pardaillan;27 Rue Pardaillan, 32330 Gondrin, France
Camping Le Pessac | Vielmur-sur-Agout | Camping 3 étoiles Tarn;14 VC Qur de Pessac, 81570 Vielmur-sur-Agout, France
Camping Le Petit Bois;Camping Le Petit Bois, 15320 Ruynes-en-Margeride, France
Camping Le Petit Bois - Camping Sites & Paysages en Ardèche;87 Rue du Petit Bois, 07120 Ruoms, France
Camping Le Petit Port - Onlycamp;516 Le Petit Port, 89660 Châtel-Censoir, France
Camping le Petit Trianon de Saint Ustre;1 Rue du Moulin de Saint-Ustre, 86220 Ingrandes, France
Camping Le Peyrelade (Flower);Lieu-dit Peyrelade, Peyrelade, 12640 Rivière-sur-Tarn, France
Camping Le Pin Franc;116 Bd de Suzac, 17132 Meschers-sur-Gironde, France
Camping le PINADA (dans l'Aude);31 Rte des Corbières, 11200 Fabrezan, France
Camping Le Pong;10 Rue du Stade, 85220 Landevieille, France
Camping le Pont d'Espagne;612 Départementale 612, Route de Millas, 66300 Thuir, France
camping Le Pont de Mazerat;le pont de mazerat, 5288 Rte de la Forêt de Lasserre, 24200 Tamniès, France
Camping Le Pont Rouge;Rue Georges Clemenceau, 85220 Saint-Révérend, France
Camping Le Port - Onlycamp;32 Rue du Port, 45730 Saint-Benoît-sur-Loire, France
Camping le Port de Lacombe;913 Port de Lacombe route du, 12300 Flagnac, France
Camping Le Port Ribouet;Rte de la Mayenne, 49220 La Jaille-Yvon, France
Camping Le Poteau;48 Rue René Guy Cadou, 44760 La Bernerie-en-Retz, France
Camping Le Pré;257 CR dit des Prés, 74110 Montriond, France
Camping Le Pré Fleuri;Rte de Fressies, 59247 Féchain, France
Camping Le Préjoly;Chemin de Hallage, Chemin des Moeres, 59122 Hondschoote, France
Camping le Provençal;1866 Rte de Mazaugues, 83470 Saint-Maximin-la-Sainte-Baume, France
Camping Le Pyla;Rte d'Arcachon À Biscarrosse, 33115 Pyla-Sur-Mer, France
Camping Le Ragis;RAGIS, LE, Chem. de la Fradinière, 85300 Challans, France
Camping Le Ranch;La Mielle, 50340 Le Rozel, France
Camping le refuge des pecheurs;57510 Holving, France
Camping Le relais de la Bresque;15 Chem. de la piscine, 83690 Sillans-la-Cascade, France
Camping le Relais du Léman;67 Rte des Repingons, 74140 Messery, France
CAMPING LE REPAIRE DORDOGNE;Le Repaire, 24800 Thiviers, France
Camping Le Repos Du Baladin;63790 Murol, France
Camping Le Roc;2803 Route d'Alvignac, 46500 Rocamadour, France
Camping Le Roc de Lavandre - Bungalow toilé 5 personnes - TENTE LODGE 40 M2 SANS SANITAIRES - AU BORD DE L'ETANG DE PECHE;24260 Saint-Félix-de-Reillac-et-Mortemart, France
Camping Le Rouquié du Lac;19 chemin du lac, 81260 Lamontélarié, France
Camping Le Safary;35 Rue de la Forêt Noire, 68390 Sausheim, France
Camping le Sedour;Rte de Condat, 15400 Riom-ès-Montagnes, France
Camping Le Soleil du Verdon - Campasun - Camping Esparron-de-Verdon - Gorges du Verdon;1000 Chem. de la Tuilière, 04800 Esparron-de-Verdon, France
Camping Le Suroit Île d'Oléron;1720 Rue de Ponthezière, 17190 Saint-Georges-d'Oléron, France
Camping Le Sous Bois;1450 route de vallon, 07170 Saint-Maurice-d'Ibie, France
Camping le Taillefer;1530 Rte de Chaparon, 74210 Doussard, France
Camping Le Tarteron;15 D940, 80550 Le Crotoy, France
Camping Le Vagabond;Camping Le Vagabond ROUTE D'ALES, N106, 48400 Florac Trois Rivières, France
Camping Le Thouet;Coteaux Chalet, 49260 Montreuil-Bellay, France
Camping Le Val du Gave d'Aspe avec piscine chauffée Pyrénées Atlantiques;6 Rue de Lazeres, 64400 Gurmençon, France
Camping le Val D'Aleth;Val d'Aleth, 2 Chem. de la Paoulette, 11580 Alet-les-Bains, France
Camping Le Val Saint-Jean;5 Rue du Val Saint-Jean, 15200 Mauriac, France
Camping Le Valserine;Rte de Confort, 01410 Chézery-Forens, France
Camping Le Vieux Moulin | Siaugues;Route de Langeac, 8 Pré Deginliou, 43300 Siaugues-Sainte-Marie, France
Camping le Verger;Les Gillis, 05310 La Roche-de-Rame, France
Camping Le Vieux Port - Landes;850 Rte de la Plage S, 40660 Messanges, France
Camping Le Viginet;2 Chem. du Manoir, 63710 Saint-Nectaire, France
Camping Le Village;285 Chem. de la Piscine, 26470 La Motte-Chalancon, France
Camping Le Village Tropical Sen-Yan - Camping Landes;991 Av. de la Gare, 40170 Mézos, France
Camping Le Walric;345 Rte d'Eu, 80230 Saint-Valery-sur-Somme, France
Camping Les Écrins;9 Av. de la Pierre Sainte, 05120 L'Argentière-la-Bessée, France
Camping les Étangs de Bouzencourt;16 hameau de Bouzencourt, 80800 Le Hamel, France
Camping Les 12 Cols dans l'Ain à Hauteville Lompnes;403 Rte de Cormaranche en Bugey chemin de, 01110 Plateau d'Hauteville, France
Camping Les 2 Lacs;Lieu-dit Gerbal, 332 Rte de Bourg-de-Visa, 47470 Beauville, France
Camping Les 2 Rivières;Pré Bouche, 71400 La Celle-en-Morvan, France
Camping les 3 Sablières;1850 Rue de la Maye, 80550 Le Crotoy, France
Camping Les 4 Saisons;1 Rte des Îles, 38550 Saint-Maurice-l'Exil, France
Camping les Acacias;4610 avenue de la clairette, 26340 Vercheny, France
Camping Les Actinidias *** en Ardèche / Location Paddle;179 Chem. des Cayres, 07460 Berrias-et-Casteljau, France
Camping Les Alicourts Sandaya - Sologne - 5 étoiles;Les Alicourts, 41300 Pierrefitte-sur-Sauldre, France
Camping Les Alouettes;La Haute Fontaine, 85470 Bretignolles-sur-Mer, France
Camping Les Arbouses;Les Plaines, 83330 Le Castellet, France
Camping Les Aubépines;Le, 800 Rue de la Maye, 80550 Le Crotoy, France
Camping les Aubazines - Onlycamp;Rte d'Ussel, 19110 Bort-les-Orgues, France
Camping Les Bö-Bains ****;Rte des Cygnes, 24150 Badefols-sur-Dordogne, France
Camping Les Babelles;1394 Rte du Bord du Lac, 73310 Conjux, France
CAMPING LES BALMASSES;Chem. des Balmasses, 73500 Val-Cenis, France
Camping les Bardons;Camping les Bardons, 84400 Castellet-en-Luberon, France
Camping les Bonnets;Jeanselme Vincent, 155 Les Bonnets, 05000 Neffes, France
Camping Les Bords du Rhin;67470 Rue Annexe du Rhin, 67470 Seltz, France
Camping Les Bosquets;1 Rue du Capitaine Quenault, 50270 Barneville-Carteret, France
Camping Les Bouldouires;Les Bouldouïres, 34330 La Salvetat-sur-Agout, France
Camping Les Brillas;Le Bois des Tréans, 44760 Les Moutiers-en-Retz, France
Camping Les Bruyères en Normandie;92 Chem. de Ronces, 27210 Conteville, France
Camping Les Calquières - Camping Aveyron;France, 17 Av. Jean Moulin, 12150, France
Camping Les Castors;8 Rue Clavelaud, 17500 Saint-Simon-de-Bordes, France
Camping Les Cerisiers;4 Chem. de la Peña, 66820 Vernet-les-Bains, France
Camping Les Chênes Verts - Meschers sur Gironde;15 Bd du Marais, 17132 Meschers-sur-Gironde, France
Camping Les Chagnelles;108 Chem. du Porteau, 85300 Le Perrier, France
Camping les Charmes (85);1 Les Lilas, 85220 Apremont, France
Camping Les Chenes Dax | Hebergement vacances ou curiste;All. du Bois de Boulogne, 40100 Dax, France
Camping Les Cigales;Camping Les Cigales, 1039 Chem. de la Rouvière, 07460 Berrias-et-Casteljau, France
Camping Les Cigales - Ciela Village - Rocamadour;L'Hospitalet, 46500 Rocamadour, France
Camping Les Cigognes;4 rue Roger Hassenforder, 68700 Cernay, France
Camping Les Deux Rives;Rte du Rhône, 07800 Charmes-sur-Rhône, France
Camping Les Dunes;50 Av. des Dunes, 85470 Bretignolles-sur-Mer, France
Camping Les Dunes;2 Chem. de la Grande Mielle, 50270 Saint-Georges-de-la-Rivière, France
Camping Les Ecureuils - Chadotel;24 Av. Gilbert Burlot, 44760 La Bernerie-en-Retz, France
Camping Les Embruns;63 Rte de Biot, 06600 Antibes, France
Camping Les Embruns;2 Rue du Philosophe Alain, 29360 Clohars-Carnoët, France
Camping Les Etangs;Le Pont de la Motte D4, 22410 Lantic, France
Camping Les Etangs - Onlycamp;La, 25 Rue des Étangs, 35780 La Richardais, France
Camping Les Etangs de Plessac;695 Rte des Grands Prés, 24340 Saint-Félix-de-Bourdeilles, France
Camping Les Forges 3 étoiles;98 Rte de la Villes Blais, 44380 Pornichet, France
Camping Les Fouguières;165 Chem. des Fouguières, 83570 Carcès, France
Camping Les Genêts - Village Club Sun Marina - 5 étoiles;55 Av. des Épines, 85160 Saint-Jean-de-Monts, France
Camping Les Grands Champs;31 Rue de la Baumotte, 25190 Saint-Hippolyte, France
Camping Les Grands Pins;Le, Le Camp Du, 3084 Mnt du Vieux Camp, 83330 Le Castellet, France
camping Les Grands Sables;22 Rue du Philosophe Alain, 29360 Clohars-Carnoët, France
Camping Les Gravieres;Les bonnets, 05000 Neffes, France
Camping Les Grenettes Sandaya - Île de Ré - 5 étoiles;3 Rue de l'Ermitage, 17740 Sainte-Marie-de-Ré, France
CAMPING LES GUERINS;Les Guérins, 05130 Sigoyer, France
Camping Les Hautes Prairies - Campasun – Camping Lourmarin – Luberon;28 Rte de Vaugines, 84160 Lourmarin, France
Camping les Jardins de l'Atlantique - Saint Jean de Monts;100 Rte de la Caillauderie, 85160 Saint-Jean-de-Monts, France
Camping Les Jardins de L'Authie;20 Rue Vincent, 62180 Waben, France
Camping Les Jardins de La Pascalinette®?;1800 Rte de Hyères, 83250 La Londe-les-Maures, France
Camping Les Jardins de Privas Sandaya - Ardèche - 4 étoiles;108 Chem. du Camping, 07000 Privas, France
Camping Les Lanchettes;Rte de Bovereche, 73210 Peisey-Nancroix, France
Camping Les Loges;Les Loges, 63340 Nonette-Orsonnette, France
Camping Les Lumes;10 Rue des Lumes, 25250 L'Isle-sur-le-Doubs, France
Camping Les Lupins;1 Rue de la Gare, 68580 Seppois-le-Bas, France
Camping les Mélèzes;1668 Rte de la Vall. du Mélézet, 05600 Ceillac, France
Camping Les Mélèzes;Rte du Doron, 73500 Termignon, France
Camping Les Maraises;7 Chem. des Salieres, 17410 Saint-Martin-de-Ré, France
Camping Les Marins;Camping, 2 Les Marins, 63700 Lapeyrouse, France
Camping Les Mielles;80 Rte des Laguettes, 50270 Surtainville, France
Camping Les Mouettes;Les Théneaux, 38119 Saint-Théoffrey, France
Camping Les Myrtilles Auvergne;Camping les Myrtilles, 03250 Saint-Nicolas-des-Biefs, France
Camping Les Ourmes Hourtin;90 Av. du Lac, 33990 Hourtin, France
Camping Les Oursinières - Vacances André Trigano;374 Chem. Pass. des Gardeens, 83220 Le Pradet, France
Camping Les Oyes;route des gorges de Nouailles, D67, 25920 Mouthier-Haute-Pierre, France
Camping Les Pêcheurs - Var;D7, 83520 Roquebrune-sur-Argens, France
Camping les Petites Minaudières ***;Senillé, Les Petites Minaudières, 86100, France
Camping Les Peupliers;21 Lieu-dit Besnelais, 35190 Tinténiac, France
Camping Les Peupliers;5 Logan, 29710 Pouldreuzic, France
Camping Les Peupliers | Vendays Montalivet;17 Rte de Sarnac, 33930 Vendays-Montalivet, France
Camping Les Pins;Les Pins Lieu-dit, 05380 Châteauroux-les-Alpes, France
Camping Les Pivolles;333 Chem. du Château Jaune, 38122 Montseveroux, France
Camping Les Plages de l'Ain;11 Chem. du Stade, 01800 Saint-Maurice-de-Gourdans, France
Camping Les Plans - Gard;Les Plans, D50, 30140 Mialet, France
Camping Les Pommiers d'Aiguelèze;Espace de Loisirs, 81600 Rivières, France
Camping Les Portes de la Baie de Somme (Changement de propriétaire Avril 2023);Rue du Marais Talsac, 80132 Mareuil-Caubert, France
Camping Les Portes du Trièves;22 Chem. des Chambons, 38650 Monestier-de-Clermont, France
Camping les Prés d'Arly;229 Rte des Thouvassières, 74120 Praz-sur-Arly, France
Camping Les Prairies - Alpes de Haute Provence;197 chemin de Charcherie, La Haute Gréyère, 04140 Seyne, France
Camping Les Résidences La Becque - Mobilhome 4 personnes - Confort Plus - 2 chambres;59380 Warhem, France
Camping Les Résidences La Becque - Mobilhome 6 personnes - ECO LODGE 2 chambres;59380 Warhem, France
Camping les randonneurs;Le Colombier, 04200 Valbelle, France
Camping les rives de courtès (les lacs de courtès);23 Rte de Panjas, 32240 Estang, France
Camping Les Rives de l'Adour;Av. René Crabos, 40500 Saint-Sever, France
Camping Les Rives de Paris - Neuilly-sur-Marne;9 Chem. de la Haute Ile, 93330 Neuilly-sur-Marne, France
Camping Les Rives du Lac | Camping Gap - Hautes Alpes;Plan d'eau, Le Plan d'eau, 05400 Veynes, France
Camping Les Rives du Lac de Vinça;Rue des Escoumes, 66320 Vinça, France
Camping Les Rivières;Chem. de la Sablière, 34800 Canet, France
Camping Les Routes de Provence - Ciela Village;5044 Av. Claude Delorme, 04300 Forcalquier, France
Camping Les Sables;Chem. du Pontreau, 17440 Aytré, France
Camping Les Sapins;4 Rte de Tarbes, 64320 Ousse, France
Camping Les Saules du Lac Chambon;Le Lac Chambon, 63790 Chambon-sur-Lac, France
Camping les Sources à Saint-Jean-du-Gard - Cévennes;Rue de Mialet, 30270 Saint-Jean-du-Gard, France
Camping Les Suchères;Les Sucheres, 63700 Buxières-sous-Montaigut, France
Camping les Terrasses de Rivarennes;2 All. des Prés Sillauts, 37190 Rivarennes, France
Camping les tourterelles;Clos Fauré, 563 Rte de Coulaures, 24390 Tourtoirac, France
Camping Les Tropiques Sandaya - Torreilles Plage - 4 étoiles;11 Bd de la Plage, 66440 Torreilles, France
Camping Les Tuillères - Onlycamp;Route de Die, 26340 Vercheny, France
Camping les Ulèzes;400 Av. Raymond Pavon, 26260 Saint-Donat-sur-l'Herbasse, France
Camping Les Vagues;20 Bd du N, 85470 Bretignolles-sur-Mer, France
Camping Les Vaudois - Vacances André Trigano;La Ruinette, 05120 Les Vigneaux, France
Camping Les Vergers de Squividan;Lieu dit, Squividan, 29730 Treffiagat, France
Camping les Vigères;9 Les Vigeres, 87500 Le Chalard, France
Camping Les Violettes;17, RD 813, 31450 Deyme, France
CAMPING LES VISTES *** entre Cévennes et Camargue - ouverture le 4 avril;1 Les Vistes, 30360 Saint-Jean-de-Ceyrargues, France
Camping Les Voiliers** - Ardèche;L'île Blaud, 07800 Beauchastel, France
Camping Little Carpe Diem;Les Pourcelles, 04190 Les Mées, France
Camping Lizoé - Pont-Croix;1 Chemin de Langroas, 29790 Pont-Croix, France
Camping Location de chalets Gerardmer Vosges - JP Vacances;15 Chem. de l'Étang du Noirrupt, 88530 Le Tholy, France
Camping Location Mobil Home Maubeuge Valenciennes - Les Nénuphars;10 Rue Gilles Beaurieux, 59570 Taisnières-sur-Hon, France
Camping Loire et Châteaux;7 Le Stade, 37130 Bréhémont, France
CAMPING LOISIRS DES GROUX;1 Chem. de l'Île, 78270 Mousseaux-sur-Seine, France
Camping Lot Les Rives du Céou;Pont de Rhodes, 46310 Saint-Chamarand, France
CAMPING LOU CANTOU CÉVENOL;140 Chem. les Hauts de Labahou, 30140 Anduze, France
Camping Mérou;1137 Chem. de Mérou, 82160 Saint-Projet, France
Camping Maguide Sandaya - Biscarrosse - 4 étoiles;870 Chem. de Maguide, 40600 Biscarrosse, France
Camping Mandala;Le Village, 04420 Prads-Haute-Bléone, France
Camping Mas de Pierredon - Campasun - Camping Sanary sur Mer - Côte d'Azur;652 Chem. Raoul Coletta, 83110 Sanary-sur-Mer, France
Camping Mer et Vacances - Hébergement 2 personnes - Insolite BAROUDEUR 2 Personnes sans sanitaires;59495 Leffrinckoucke, France
Camping Mer et Vacances - Mobilhome 4 personnes - Cabane confort + 2 chambres;59495 Leffrinckoucke, France
Camping Mer et Vacances - Mobilhome 4 personnes - CONFORT PLUS DEUX CHAMBRES;59495 Leffrinckoucke, France
Camping Mer et Vacances - Mobilhome 6 personnes - CONFORT 3 CHAMBRES;59495 Leffrinckoucke, France
Camping Mer et Vacances - Tente 4 personnes - INSOLITE ECOCHIC 1 à 4 pers.;59495 Leffrinckoucke, France
Camping Mer et Vacances - Tente en toile et en bois 4 personnes - TENTE VENDREDI;59495 Leffrinckoucke, France
Camping Mirabel La Crique;10 Rue de la Mare, 22380 Saint-Cast-le-Guildo, France
Camping Mirabel Le Clos Tranquille;12 Rue Guy Homery, 22380 Saint-Cast-le-Guildo, France
Camping Monplaisir Provence;435 Chem. Monplaisir, 13210 Saint-Rémy-de-Provence, France
Camping Montacabana;32 Av. de Joinville le Pont, 33930 Vendays-Montalivet, France
Camping Montana Parc - Coeur de l'Esterel - Oasis Village;1320 Rte de la Bouverie, 83480 Puget-sur-Argens, France
Camping Mont-Saint-Michel Sandaya - Normandie - 4 étoiles;14 Rte du Bec d'Andaine, 50530 Genêts, France
Camping Morédéna;Rue du Pont, 49640 Morannes sur Sarthe-Daumeray, France
Camping Morbihan - Camping Au Gré des Vents à Rochefort-en-Terre;2 Chem. du Bogeais, 56220 Rochefort-en-Terre, France
Camping Municipal;Unnamed Road, 48700 Serverette, France
Camping Municipal;La Scierie, 70440 Servance-Miellin, France
Camping municipal;Le Bourg, 43300 Pinols, France
Camping Municipal / Auberge de Jeunesse de Saint-Quentin;93 Bd Jean Bouin, 02100 Saint-Quentin, France
Camping Municipal Alesia;15 Rue du Dr Roux, 21150 Venarey-les-Laumes, France
Camping Municipal Audenge | Camping Le Braou | Arcachon;26 Rte de Bordeaux, 33980 Audenge, France
Camping Municipal Bellevue;15240 Saignes, France
Camping Municipal Challain-la-Potherie;JXQ5+38, 49440 Challain-la-Potherie, France
Camping Municipal d'Aumont-Aubrac**;Rte du Languedoc, 48130 Peyre en Aubrac, France
Camping Municipal d'Herculat;15 Route de l’Étang d'Herculat, 03380 Treignat, France
Camping Municipal de Chaley;01230 Chaley, France
Camping Municipal de l'Océan;33 Av. de Joinville le Pont, 33930 Vendays-Montalivet, France
Camping Municipal de la Falaise;Rue de la Barre, 56410 Étel, France
Camping municipal de la Plage;309 La Plage, 71190 Saint-Nizier-sur-Arroux, France
Camping Municipal de la Vallée du Dourdu;Rte de Pont ar Hoail, 22450 Kermaria-Sulard, France
Camping Municipal de Nivigne et Suran;1 All. du Camping, 01250 Nivigne et Suran, France
Camping Municipal de Verdalle;2 All. de l'Infante, 33470 Gujan-Mestras, France
Camping Municipal des Mouettes;Chem. des Mouettes, 67630 Lauterbourg, France
Camping Municipal du Bouchet saint Nicolas;Route du Stade, 43510 Le Bouchet-Saint-Nicolas, France
Camping municipal du Guet;13 Av. Eugène Collin, 58360 Saint-Honoré-les-Bains, France
Camping Municipal du Lac;Av. Marx Dormoy, 03310 Néris-les-Bains, France
Camping Municipal du Moulin de l'Horte;base de loisirs du moulin de l'horte, Chem. de l'Horte, 12550 Plaisance, France
Camping Municipal du Pradeau Langeac;Le Terrain de Camping, 43300 Langeac, France
Camping Municipal du Vieux Moulin;01110 Champdor-Corcelles, France
Camping Municipal Irouleguy;166 Sotoko bidea, 64430 Saint-Étienne-de-Baïgorry, France
Camping Municipal Issoire;14 Av. du Dr Bienfait, 63500 Issoire, France
Camping Municipal La Garenne - Bas-en-Basset;Rte du Camping, 43210 Bas-en-Basset, France
Camping Municipal La Grange;09800 Sentein, France
Camping municipal la Lame;Riou de Robion, 05100 Névache, France
Camping Municipal La Porte Juhel;35290 Saint-Méen-le-Grand, France
Camping Municipal La Sélune;Rue de Boishue, 50220 Ducey-Les Chéris, France
Camping Municipal La Sapinière;20 Rue Perdue, 62140 Labroye, France
Camping Municipal La Vialette;La Vesquesse, 43380 Villeneuve-d'Allier, France
Camping Municipal Le Dorat;3 Chem. de la Planche des Dames, 87210 Le Dorat, France
Camping Municipal Le Ponget;50 Chem. des Neuf Pierres, 82140 Saint-Antonin-Noble-Val, France
Camping Municipal Le Pré du Roi;Rte des Bouchets, Le Pré du Roi, 89660 Mailly-le-Château, France
Camping Municipal le Sezanne;Rte de Launat, 51120 Sézanne, France
Camping Municipal Les Écureuils - Drôme;68 rue des Ecureuils, 26310 Recoubeau-Jansac, France
Camping municipal Les Lignières;Unnamed Road 23430, Châtelus-le-Marcheix, France
Camping municipal Les Patisseaux;Unnamed Road, 49290 Chaudefonds-sur-Layon, France
Camping Municipal Les Pins Bleus;Camping Les Pins Bleus, 40530 Labenne, France
Camping Municipal Les Rives du Douet;619 Rte des Blanchisseries, 49700 Doué-en-Anjou, France
Camping municipal les vieux chenes;1 All. des Vieux Chênes, 36310 Chaillac, France
Camping Municipal Montpezat-Sous-Bauzon;Ville Basse, 07560 Montpezat-sous-Bauzon, France
Camping Narbaitz;Rte de Bayonne, 64220 Ascarat, France
Camping nature Lot- Le Valenty - Camping Occitanie sans voiture en vallée de la Dordogne;Valenty, 41 Rte de Cahors, 46700 Soturac, France
Camping Naturiste La Genèse;Rte de la Genèse, 30430 Méjannes-le-Clap, France
Camping naturiste Le Fiscalou;3889 Rte de Monclar, 81140 Puycelsi, France
Camping Naturiste Le Petit Dauphin;1696 Rte de la Fouasse, 17570 Les Mathes, France
Camping Naturiste Les Hesperides;Chemin des Vaugibourgs, RN 20, 91580, 91580 Étréchy, France
Camping Naturiste Tikayan Petit Arlane;4225 Rte de Riez, 04210 Valensole, France
Camping Naturiste Verdon Provence;Chem. des Cigales, 04800 Esparron-de-Verdon, France
Camping Nefiach La Garenne | Camping proche Perpignan;D916, 66170 Néfiach, France
Camping Night&Day des Loisirs - Evron;Bd du Maréchal Juin, 53600 Évron, France
Camping Night&Day Tournefeuille;32 Rue des Lices, 41200 Romorantin-Lanthenay, France
Camping Océan vacances - Saint Georges de Didonne;63 All. des Bruyères, 17110 Saint-Georges-de-Didonne, France
Camping Odé Vras - 3 étoiles - Finistère Nord;Ode Vras, 29430 Plounévez-Lochrist, France
Camping Ohana :location chalets mobil homes et bungalows avec piscine(Rocamadour Lot Dordogne);156 Rte de Bouriette, 46350 Reilhaguet, France
Camping Ondres Océan Sandaya - Landes - 4 étoiles;2511 Av. de la Plage, 40440 Ondres, France
Camping Orée de l’Océan;4 Rue du Cap de Mazenod, 85220 Landevieille, France
Camping Outreval;ST JULIEN PR, 2 OUTREVAL Outre-Val, 19110 Sarroux - St Julien, France
Camping Péneyrals Sandaya - Dordogne - 5 étoiles;616 Rte des Petits Etangs, 24590 Saint-Crépin-et-Carlucet, France
Camping pêche Dordogne | L'ETANG DE BAZANGE Sites et Paysages;1202 Rte de la cabane, 24130 Monfaucon, France
Camping Paradis À La Corniche;Chem. de la Platere, 17690 Angoulins, France
Camping Paradis - Village De Vacances La Gineste - Mobilhome 4 personnes - Cottage Vue Lac;15150 Arnac, France
Camping Paradis Belle Dune | Berck-sur-Mer (62);202 Chem. des Anglais, 62600 Berck, France
Camping Paradis Domaine de Bellevue;1 Bellevue du Ligneron, 85670 Saint-Christophe-du-Ligneron, France
Camping Paradis l'Europe Murol - Camping Auvergne;Jassat, 63790 Murol, France
Camping Paradis La Croix L'Abbé - Baie de Somme | Saint Valery sur Somme l Camping 4 étoiles;1 Pl. de la Croix l'Abbé, 80230 Saint-Valery-sur-Somme, France
Camping Paradis La Grand' Métairie en Vendée | Saint Hilaire la Forêt;8 Rue de la Vineuse en Plaine, 85440 Saint-Hilaire-la-Forêt, France
Camping Paradis Le Rocher De La Granelle (Site Officiel) Dordogne Périgord Noir;Camping Paradis le Rocher de la Granelle, Dordogne Périgord, 1078 Rte de la Borie, 24260 Le Bugue, France
Camping Paradis Le Royon Baie de Somme à Fort-Mahon Plage;1271 Rte de Quend, 80120 Fort-Mahon-Plage, France
Camping paradis le viaduc;121 Av. de Millau Plage, 12100 Millau, France
Camping Paradis Les Chanterelles 4 étoiles;710 Route de la Chaponnière, 63550 Saint-Rémy-sur-Durolle, France
Camping Paradis les Rives de l'Hérault - Mobilhome 2 personnes - Premium Otello;34150 Gignac, France
Camping Paradis Soleil d'Oc;D332, Route de Gruissan, 11100 Narbonne, France
Camping Paradis Utah Beach;La Madeleine, 50480 Sainte-Marie-du-Mont, France
Camping Parc de la Brenne;Camping Parc de la Brenne Domaine de Puylagorge, 36370, 36370 Lignac, France
Camping Parc Les Goélands;Bétahon - Plages, 33 Rue Mors Bras, 56190 Ambon, France
Camping Parc de la Dranse;823 Rte de la Dranse, 74500 Publier, France
Camping Parc Mogador - Campasun - Camping Sanary sur Mer - Côte d'Azur;167 Chem. de Beaucours, 83110 Sanary-sur-Mer, France
Camping Pascalounet;9 Rte de la Saulce, 13500 Martigues, France
Camping Passus Lupi;110 Rue Jeanne Couret, 31440 Saint-Béat-Lez, France
Camping Pegomas | Pausado;Chem. de Pegomas, 13210 Saint-Rémy-de-Provence, France
Camping Penhoat Côté Plage;15 Rte du Grand Large, 29170 Fouesnant, France
Camping Plage du Staedly;30 Rue de l'Étang, 67480 Rœschwoog, France
Camping Plein Air des Chênes Sandaya - Montpellier - 4 étoiles;531 Av. Georges Frêche, 34830 Clapiers, France
Camping Plijadur · APV · Morbihan · 4 Etoiles;94 Rue de Carnac, 56470 La Trinité-sur-Mer, France
Camping Polder Et Vacances;14 Rue Saint-Antoine, 59122 Ghyvelde, France
Camping Pont du Rouffet;Pont du Rouffet, 10 route du Pont du Rouffet, 15140 Saint-Martin-Cantalès, France
Camping Port Manec'h Sandaya - Finistère Sud - 4 étoiles;10 Kercouliou Stang, 29920 Névez, France
Camping Porte de Provence dans un écrin de verdure;1715 Route de Marsanne, 26270 Mirmande, France
Camping Porte des Alpilles | M.A DESTINATION GLAMPING;Camping Municipal porte des alpilles, 2 Av. du Dr Barberin, 13103 Saint-Étienne-du-Grès, France
"Camping privé ""Le Maine Blanc"" (Rue autorisée au +3T5)";335 Maine Blanc, 33920 Saint-Christoly-de-Blaye, France
Camping Qualité le Val de Saures - Entraygues - au Bord du Lot;Camping le Val de Saures, 15 chemin du camping, 12140 Entraygues-sur-Truyère, France
Camping Résidéa;18 Rte de Soullans, 85270 Saint-Hilaire-de-Riez, France
Camping Résidentiel - L'Orée des Landes;259 Rte de Mimizan, 40110 Onesse-Laharie, France
Camping résidentiel - Ma Campagne;71 Rte d'Uxem, 59254 Ghyvelde, France
Camping Riviera d'Azur Sandaya - Saint-Aygulf - 5 étoiles;189 Les Grands Châteaux De, Villepey, 83370 Saint-Aygulf, France
Camping Royal Océan;41 Rte de Royan, 17200 Saint-Sulpice-de-Royan, France
Camping Ruisseau du Treil;100 Route de la Croix de Triel, 46160 Larnagol, France
Camping Rural de la Chênaie;Quartier, Les Batailles, 26120 Ourches, France
Camping Rural des Marronniers;La Bussiere, Pleuville, 16490 Pleuville, France
Camping Saint Clair - Canal de Nantes à Brest - Velodyssee;12 Rue des Hauts du Port, 44530 Guenrouet, France
Camping Saint Evroult;61550 Saint-Evroult-Notre-Dame-du-Bois, France
CAMPING SAINT GABRIEL;Quartier Saint Gabriel, Route de Fontvieille, 13150 Tarascon, France
Camping Saint Grégoire - Vacances André Trigano;47 Rue Saint-Grégoire, 50170 Servon, France
Camping Saint James Les Pins;962 Rte des Campings, 05600 Guillestre, France
Camping Saint Malo | Hébergements insolites en Bretagne;Les Dis, 35114 Saint-Benoît-des-Ondes, France
Camping Sandaya La Nublière - Lac d'Annecy;30 All. de la Nublière, 74210 Doussard, France
Camping Sandaya Le Château des Marais - Mobilhome 4 personnes - Cottage Relax - 2 chambres - 4 personnes;41500 Muides-sur-Loire, France
Camping Sandaya Les Vagues - Vendres Plage - 4 étoiles;Chem. des Montilles, 34350 Vendres, France
Camping Sandaya Séquoia Parc - Charente-Maritime - 5 étoiles;La Josephtrie, 17320 Saint-Just-Luzac, France
Camping Sarthe La Sittelle ouvert à l'année;Pl. Hector Vincent, 72540 Loué, France
Camping Savoie | Les Bords du Guiers;640 Rte de la Glière, 73240 Saint-Genix-les-Villages, France
Camping SEASONOVA de La Forêt - Sillé le Guillaume;Sillé Plage, 72140 Sillé-le-Guillaume, France
Camping SEASONOVA l'Étang de la Vallée - Combreux;180 Rte de la Vallée, 45530 Combreux, France
Camping SEASONOVA L'international du lac - Vesoul ***;Av. des Rives du Lac, 70000 Vaivre-et-Montoille, France
Camping SEASONOVA Le Brabois - Villers-lès-Nancy;2301 Av. Paul Muller, 54600 Villers-lès-Nancy, France
Camping SEASONOVA Les Plages De Loire - Rochefort sur Loire;Rte de Savennières D106, 49190 Rochefort-sur-Loire, France
Camping SEASONOVA Val de Coise - Saint Galmier;Rte de la Thiéry, 42330 Saint-Galmier, France
CAMPING SER SIRANT;569 Chem. du Lavoir, 38119 Saint-Théoffrey, France
Camping Sisteron | Le Clot du Jay - Flower Campings | Clamensane | Alpes-de-Haute-Provence;4593 route du val de sasse, 04250 Clamensane, France
Camping Sites & Paysages L'Orée de Provence;3375 Route du col d'Ey - ROMEGAS, 26170 Buis-les-Baronnies, France
Camping Sites et Paysages - Camping de la Baie - Mobilhome 4 personnes - Premium 2 ch. - Terrasse couverte - 30 m2;80230 Pendé, France
Camping Sites et Paysages - Camping de la Baie - Mobilhome 6 personnes - Premium 3 ch. - Terrasse couverte - 35 m2;80230 Pendé, France
Camping Sites et Paysages - La Pinède - Tente 4 personnes - LODGE - Sans sanitaires;11200 Lézignan-Corbières, France
Camping Smile & Braudieres;30 route de Boisouge Lieu-dit les Braudières, 72240 Mézières-sous-Lavardin, France
camping snac saint nizier le desert;178 Rte de la Nizière, 01320 Saint-Nizier-le-Désert, France
Camping Sobieta;ferme Sobieta, 455 Sobietako bidea, 64470 Alçay-Alçabéhéty-Sunharette, France
Camping Soleil levant - Ribes / Meschers sur Gironde;33 All. de la Longee, 17132 Meschers-sur-Gironde, France
Camping Soulac Plage Sandaya - Soulac-sur-Mer - 4 étoiles;62 Pass. de la Negade, 33780 Soulac-sur-Mer, France
Camping Sous Les Étoiles;3 Pont du Richaldon, 48160 Le Collet-de-Dèze, France
Camping Sunêlia l'Hippocampe;7 Rue de la Durance, 04290 Volonne, France
Camping Sunêlia La Clémentine - Cévennes;1313 La Baume, 30480 Cendras, France
Camping Sunêlia La Source - Aveyron;Presqu'ile de, 12600 Thérondels, France
Camping Sunêlia Mazet Plage;Camping Mazet Plage, 260 route du château, 07460 Berrias-et-Casteljau, France
Camping Sunelia Le Séquoia - Vallée de La Dordogne;1620 Av. de Toulouse, 46350 Payrac, France
Camping Terre d'Entente SAINT MARTIN DE LA PLACE proche de SAUMUR;Dsc de la Croix Rouge, 49160 Gennes-Val-de-Loire, France
Camping Terre Rouge – Séjour insolite et nature en Aveyron;le verdier, 17 Rte de Senepjac, 12580 Villecomtal, France
Camping Tikayan La Pinatelle;269 Chem. de Saint-Alban, 06850 Saint-Auban, France
Camping Tikayan La Prairie - Le Muy;Art de, 114 Rte de Draguignan, 83490 Le Muy, France
Camping Toulouse - Camping Lac de La Thésauque;384 Chem. de la Thésauque, 31560 Montgeard, France
Camping Tours Val de Loire - Onlycamp;61 Rue de Rochepinard, 37550 Saint-Avertin, France
Camping Trois Châteaux;10 Rue du Bass., 68420 Eguisheim, France
Camping UR-ONEA vous souhaite la Bienvenue;489 Rue de la Chapelle, 64210 Bidart, France
Camping USHUAÏA Villages Au Bois Joli;2 Rte de Villeprenoy, 89480 Andryes, France
Camping Ushuaïa Villages La Chesnays;8 Rte de Mayan, 33930 Vendays-Montalivet, France
Camping Ushuaïa Villages Le Parc de la Grève;5 Rue des Sables, 85220 L'Aiguillon-sur-Vie, France
Camping Ushuaïa Villages Les Chalets de Moulière;2 Rue des Ardentes, 86210 Vouneuil-sur-Vienne, France
Camping Ushuaïa Villages Les Fougères;841 Rue Charles de Gaulle, 17940 Rivedoux-Plage, France
Camping Ushuaïa Villages Les Myotis;21 bis Rte de Sisteron, 05300 Val Buëch-Méouge, France
Camping Vagues Océanes - Chataigneraie;Camping La Châtaigneraie, 24370 Prats-de-Carlux, France
Camping Vagues Océanes - Hamacs;La Guirlande Lieu dit, 11560 Fleury, France
Camping Vagues Océanes - Marina Landes;8 Rue Marina, 40200 Mimizan, France
Camping Vagues Océanes - Près de la Fontaine;11 Chem. de Bray aux Chaises, 77114 Gouaix, France
Camping Val André Sandaya - Côtes-d'Armor - 4 étoiles;26 Rue Jean Lebrun, 22370 Pléneuf-Val-André, France
Camping Val de Flux;Rte de Lailly, 45190 Beaugency, France
Camping Val St Georges;St Georges de Luzençon, 1 Rue du Larzac, 12100 Millau, France
Camping VAL ST GEORGES Parc Résidentiel de Loisirs - Ouvert du 01 avril au 31 octobre;6 Av. Bernard Pottier, 1 Rue du Larzac, 12100 Saint-Georges-de-Luzençon, France
Camping Valras Lodges Méditerranée;Chem. des Montilles, 34350 Vendres-Plage, France
Camping Vauban - Emplacements Résidentiels / Emplacements de passages camping-car;Av. Vauban, 59380 Bergues, France
Camping Vert Auxois : Camping au bord du Canal de Bourgogne avec piscine / Côte d'Or;15 Rue du Vert Auxois, 21320 Pouilly-en-Auxois, France
Camping Vert Auxois - Mobilhome 2 personnes - Lodge Charme 1 chambre - Nouveauté 2024;21320 Pouilly-en-Auxois, France
Camping Vert Bord'Eau;2 Au Moulin de Lescroumpes, 33113 Saint-Symphorien, France
Camping Verte Rive - Onlycamp;Rte d'Arles sur Tech, 66260 Saint-Laurent-de-Cerdans, France
Camping Vichy : Camping Beaurivage au bord de l'Allier en Auvergne;15 Rue Claude Decloitre, 03700 Bellerive-sur-Allier, France
Camping Village Club L'Evasion - Chalet 5 personnes - 2 chambres;46700 Puy-l'Évêque, France
Camping Village Club L'Evasion - Chalet 5 personnes - Chalet 5 personnes et +;46700 Puy-l'Évêque, France
Camping VueduLac;Les Champs Donjon, 58250 Fours, France
Camping Yelloh! Village Ilbarritz Côte basque;1050 Av. de Biarritz, 64210 Bidart, France
Camping Yelloh ! Village - Saint-Emilion;1000 route de Trimoulet, 33330 Saint-Émilion, France
Camping Yelloh ! Village Le Sérignan Plage;Camping Le Sérignan Plage, 34410 SERIGNAN PLAGE, France
Camping Yelloh Village La Bastiane;1056 Chem. des Suvières, 83480 Puget-sur-Argens, France
Camping Yelloh Village La Grange de Monteillac;Monteillac, 12310 Laissac-Sévérac l'Église, France
Camping Yelloh Village La Pomme de Pin - Saint Hilaire de Riez - Vendée;Les Mouettes, 6 Av. des Becs, 85270 Saint-Hilaire-de-Riez, France
Camping Yelloh Village Le Domaine de Louvarel;805 route du camping, 71480 Champagnat, France
Camping Yelloh Village Le Village Western;180 Chem. de Bécassine, 33990 Hourtin, France
Camping Yelloh Village Mané Guernehué 5 étoiles Golfe du Morbihan;52 Rue Mané er Groez, 56870 Baden, France
Camping Yelloh Village Nature et Rivière Gorges du Tarn;route de Millau, 48210 Gorges du Tarn Causses, France
Camping Yelloh Village Parc Sainte Brigitte - La Turballe;Chem. des Routes, 44420 La Turballe, France
Camping Yukadi Villages Les Couleurs de la Coubre;2884 Rte de la Fouasse, 17570 Les Mathes, France
CAMPING-CAR PARK;5 Le Gat, 33230 Saint-Médard-de-Guizières, France
Campinus;Domaine J.j. Bousquet, 150 Rte de la Bouverie, 83480 Puget-sur-Argens, France
Castel Camping Château de l'Epervière;6 Rue du Château, 71240 Gigny-sur-Saône, France
Castel Camping du Château de Poinsouze;Poinsouze, 23600 Boussac-Bourg, France
Castel Chalets / aire de camping cars;680 All. des Cigales, 47700 Casteljaloux, France
"Centre de loisirs ""les Sapins"" Camping municipal 3*";14 Rue de la Paix, 67260 Keskastel, France
Complexe Touristique du Soleil - Camping et Gîtes -;Rue des Érables, 34370 Creissan, France
Domaine Camping InNature;7 Chem. du Lac, 11190 Arques, France
Domaine de la Ville Huchet | Camping à Saint Malo;Rue de la Passagère, 35400 Saint-Malo, France
Domaine De Litteau - Camping Siblu;Le Perron, 14490 Litteau, France
Domaine du Lac de Douzy (camping);Route de Mouzon, 08140 Douzy, France
Domaine du Val de Tamié - Camping & Locatifs - Privatisation;SEYTHENEX, 255 Route des Noyers, 74210 Faverges-Seythenex, France
Domaine La Colombière - Camping et Résidence Les Cerisiers;166 Chem. Neuf, 74160 Neydens, France
Domaine La Résinière Camping Hourtin;100 Av. du Lac, 33990 Hourtin, France
Domaine Le Pra de Mars - Camping Auvergne Haute Loire;Pra de Mars, Le Chambon de Vorey, 43800 Vorey, France
Domaine Naturiste de Riva Bella - Camping Corse (ouvert à l'année);5H42+X7, Rte de Riva Bella, 20230 Linguizzetta, France
Eco-camping De La Tiere;La Tierre, 48400 Florac Trois Rivières, France
Eco-Camping des Buis**;La Basse Bouère, 35330 Les Brulais, France
Eldapi Vacances - Camping La Ferme;20 Rue du Bourg, 17570 Saint-Augustin-sur-Mer, France
Emplacement de camping car et tente en pleine nature;11300 Villarzel-du-Razès, France
Espace aquatique Hacienda - Camping Le Castellas;8HVM+3C, 34200 Sète, France
Europ' Camping;RD 918, 64220 Ascarat, France
Ferme Les Therondels - Gîtes & Camping à la ferme;Avenue de Narbonne, 34220 Saint-Pons-de-Thomières, France
Flower Camping | Camping de Rouffiac 3 étoiles;424 «, Base de loisirs de Rouffiac », 24270 Angoisse, France
Flower Camping du Lac Bourgogne du Sud;Lac Saint-Point Lamartine, 71520 Saint-Point, France
Flower Camping du Lac de la Seigneurie | Camping en Franche Comté dans les Vosges;Lieu-dit Seigneurie, 90110 Leval, France
Flower Camping L'Île d'Offard;Rue de Verden, 49400 Saumur, France
Flower Camping La Pinède à Die dans la Drôme;135 impasse du pont neuf, 26150 Die, France
Flower Camping La Plage | Camping 3 étoiles | Corrèze - Treignac;LAC DES, Les Bariousses, 19260 Treignac, France
Flower Camping La Rivière | Camping Luberon en Provence;596 Les Côtes, 04300 Saint-Maime, France
Flower Camping Le Bel Air;5 Rte de la Noue, 17630 La Flotte, France
Flower Camping Le Jardin De Sully (Ouvert à l’année);1 Rue d'Orléans, 45600 Saint-Père-sur-Loire, France
Flower Camping Le Kerleyou;15 Kerleyou, 29100 Douarnenez, France
Flower Camping Le Platin - La Redoute;125 Av. Gustave Perreau, 17940 Rivedoux-Plage, France
Flower Camping Le Val de la Marquise;Le Petit Moulin, 544 Rte de Saint-Cyprien, 24260 Campagne, France
Flower Camping Le Vieux Moulin;14 Rue des Moulins, 22430 Erquy, France
Flower Camping Le Vorlen;78 Chem. de Kerambigorn, 29170 Fouesnant, France
Flower Camping Les Chênes Rouges - Argelès sur Mer;11 Rue Jean Jacques Roux, 66740 Saint-Génis-des-Fontaines, France
Flower Camping Les Mijeannes Ariège Tourisme Piscine/Parc Aquatique;Route de Ferriès, 09120 Rieux-de-Pelleport, France
Flower Camping Les Ondines - Mobilhome 4 personnes - Confort 27m² 2 chambres + terrasse semi-couverte 18m² + TV + CLIM;46200 Souillac, France
Flower Camping Les Ondines - Mobilhome 6 personnes - Standard 31m² 3 chambres dont terrasse semi-couverte 7m² + TV;46200 Souillac, France
Flower Camping Moulin Des Iscles - piscine et restaurant de charme - camping entre saint tropez et Cannes - proche mer;690 CHEMIN DU MOULIN DES ISCLES, 83520 Roquebrune-sur-Argens, France
Flower Camping Provence Vallée à Manosque;1138 Av. de la Repasse, 04100 Manosque, France
Flower Camping Tamarins Plage;5756A Rte de la Couarde, 17580 Le Bois-Plage-en-Ré, France
Fontaineblhostel Hostel & Camping (near Fontainebleau);14 Pl. de la République, 77760 La Chapelle-la-Reine, France
GÎTES ET CAMPING: Vacances à la ferme La Borie Basse;La Borie Basse, 12800 Cabanès, France
Gîte Chambres Camping Normandie Baie et Bocage;2 rue de l'olivet, Chefdeville, 14230 Osmanville, France
Gîtes & Camping de Penn ar Pont;Pont du Roi, 29520 Châteauneuf-du-Faou, France
GAIA ECOLODGE –Glamping Camping Nature avec Étang de péche de 3 ha & Piscine à Douville prés de Bergerac;Les 3 freres, 180 Rte des Bergeries Lieu dit, 24140 Douville, France
Gite-camping à la ferme Mas de Bordes;4, rue d'entre valls, 66360 Thuès-Entre-Valls, France
Green Village Sunêlia - Camping Arcachon;243 Rte des Lacs, 33470 Gujan-Mestras, France
Holiday Green - Camping Fréjus 5 étoiles -Yelloh! Village;1900 Route départementale 4, 1900 D4, 83600 Fréjus, France
KABANEKO - Camping insolite de pleine nature en limousin;Route de nouailhas, 87130 La Croisille-sur-Briance, France
L'Anse des Pins · APV · Camping Ile d'Oleron · 4 étoiles;397 Chem. du Râteau, 17190 Saint-Georges-d'Oléron, France
L'Orée du Bois camping;20 Rte des Chasseurs, 40100 Dax, France
La Bucaille Gite ~ Camping;La Bucaille, 50250 La Haye, France
La Maison des Druides & camping Le Jardin des Druides;3 Le Bas Boulay, 61320 Rouperroux, France
La Plage - Camping Siblu;9 Bd de l'Atlantique, 40200 Mimizan, France
La Pointe - Camping Siblu;Qur de la Pointe, 40130 Capbreton, France
La Ribiere sud camping;Sud Camping, 2 La Ribière, 87230 Pageas, France
Lac Saint Georges Village Vacances & Camping;1 route de la seygouade, 31350 Sarrecave, France
Le Camping de l'Arche;240 Route de Vogue, 07200 Lanas, France
Le Camping de l'Arche - Camping 5 étoiles à Anduze;Rte de Saint-Jean du Gard, 30140 Anduze, France
Le Camping de la Plage;RN 197 RN 197, 20220 Algajola, France
Le Camping des 4 Saisons;Chem. du Saillet, 64660 Asasp-Arros, France
Le Camping Moto;764 route de Beaufort, 26400 Montclar-sur-Gervanne, France
Le Château de Monfréville - Camping & Gites;Le Chateau de Monfreville, 14230 Monfréville, France
Le Clos du Pin - Campasun - Camping Grand Bornand;1222 Rte de la Vall. du Bouchet, 74450 Le Grand-Bornand, France
Le CosyCamp | Glamping et Cabane dans les Arbres | Camping Auvergne;Les Ribes, 43800 Chamalières-sur-Loire, France
Le Domaine de Soulac - Camping Siblu;8 All. Montaigne, 33780 Soulac-sur-Mer, France
Le Lagon de la Prée - Camping à Rochefort et Fouras;305 rue du Petit Loire, 17450 Saint-Laurent-de-la-Prée, France
Le Madriniacus camping pour randonneurs cyclistes ou pédestres;7 Rue de la Cure, 21150 Marigny-le-Cahouët, France
Le Prado 63 camping accueil restaurant bio tisanes;Félines, 63320 Tourzel-Ronzières, France
Les Bois du Bardelet - Camping en Val de Loire - Camping Chateaux de la Loire;le petit bardelet, 45500 Poilly-lez-Gien, France
Les Cottages de Perpignan **** Camping maeva Escapades;3252 Av. de la Salanque, 66000 Perpignan, France
Les Embruns - Camping Siblu;Av. Edouard Branly, 33950 Lège-Cap-Ferret, France
Les Sables du Midi / La Jasse - Camping Siblu;Chem. des Rompudes, 34410 Sérignan, France
Lubea Camping;1392 Chem. des Abayers, 84400 Apt, France
Maison de vacances Camping Le Clou - Lodge de Luxe;24220 Coux et Bigaroque-Mouzens, France
Maurienne Outdoor : Eco Camping et hébergement insolite;69 chemin des Artisans, 73220 Saint-Georges-d'Hurtières, France
Medrose Camping;120 Impasse du Médiéval, 07220 Saint-Thomé, France
Mini camping- Gites- Dortoir/Slaapzaal Trouvé;2 Les Couteaux, 63700 La Crouzille, France
Minicamping Lomont;12 Imp. de la Vigne, 70200 Lomont, France
Natuurcamping La Perche;Chateau la Perche, 63700 Buxières-sous-Montaigut, France
Olydea Le Lambon - Camping et résidence aux pieds du lac du Lambon;3 route des Vacances, 79370 Prailles-La Couarde, France
Piscine du Camping Les Dunes;50 Av. des Dunes, 85470 Bretignolles-sur-Mer, France
Plan d'eau du camping - Val de Durance;Rte du Camping, 84160 Cadenet, France
Résidence Andurans - Camping Les 3 Vallées;12 Av. des Pyrénées, 65400 Argelès-Gazost, France
Reine Mathilde: Camping;Route de Sainte Honorine, Lieu dit le Marais, 14400 Étréham, France
Rivière sous camping C4;07460 Berrias-et-Casteljau, France
Sarl Le Cattiaux Camping;Imp. de la Varenne, 91720 Courdimanche-sur-Essonne, France
Städtischer Campingplatz;Camping, Rue du Stade, 43510 Le Bouchet-Saint-Nicolas, France
Stade Camping;12 Rue du Petit Saint-Lazare, 51210 Montmirail, France
Syl-Vallée western Village camping hébergement insolite lot et Garonne;Rte de Birac, 47250 Bouglon, France
Ushuaïa Villages - Camping Les Cruses – Ribes Ardèche;210 Route du Gineste, 07260 Ribes, France
Vacances ULVF Camping O'aka;Hameau de Gamiac, 46120 Leyme, France
Village Camping les Vignes;1945 Route de la Plage Le Méouré, 46700 Puy-l'Évêque, France
VILLAGE DE LOISIRS ET CAMPING LE LOMAGNOL;Av. du Lac, 82500 Beaumont-de-Lomagne, France
Village Nature Zen - camping bien-être en Sud Ardèche;365 Fontane, 07110 Uzer, France
Village Vacances et Pêche - Camping Villiers Charlemagne;6 Rue des Sports, 53170 Villiers-Charlemagne, France
VVF Camping Haute Corrèze aux Pays d'Eygurande Limousin;L'abeille, 19340 Eygurande, France
VVF Camping Les Dunes Créances - Plage du Cotentin;832 Bd de la Mer, 50710 Créances, France
Yelloh! Village - Ranc Davaine | Camping Ardèche;500 Chem. du Ranc Davaine, 07120 Saint-Alban-Auriolles, France
Yelloh! Village Camping Le Pin Parasol - Vendée - 5 étoiles;6 Château Long, 85220 La Chapelle-Hermier, France
Yelloh! Village Domaine Berrua | Camping Bidart | Camping Pays Basque;570 Rue Berrua, 64210 Bidart, France
Yelloh! Village Domaine Les Carrelets de Soulac | Camping Soulac-sur-Mer | Camping Medoc;126 Rte des Lacs, 33780 Soulac-sur-Mer, France
Yelloh Village Camping Fayolan;Chem. du Langard, 39130 Clairvaux-les-Lacs, France
ZEcamping;40 Rue de la Station, 95130 Franconville, France
ZEcamping 4 étoiles familial espace aquatique familial bien-être;47150 Salles, France
ZEcamping 4 étoiles familial parc aquatique locatif 28m2;47150 Salles, France
ZEcamping 4 étoiles familial pet friendly restaurant et espace aquatique;85300 Challans, France
ZEcamping 4 1km plage espace aquatique animations locatif BBQ clim;34300 Agde, France
ZEcamping 5 étoiles 600m plage parc aquatique pet friendly sauna;85470 Brem-sur-Mer, France
Capocamping Les Terrasses Du Lac;La Souquette Route du Vibal, 12290 Pont-de-Salars, France
Camping Domaine Relais du Lac;8 rue du lac, 12460 Saint-Symphorien-de-Thénières, France
Camping grand bois;Fertôt, 58470 Gimouille, France
Camping Le Pré des Moines;1 Rue du Pont de Saint-Leu, 60270 Gouvieux, France
Camping Paradis La Promenade;41 La Promenade, 49570 Mauges-sur-Loire, France
Camping Les Rives de Mayenne;Av. du Président Kennedy, 49460 Montreuil-Juigné, France
Camping Étang;603 Imp. du Dom. de l'Étang, 49320 Brissac Loire Aubance, France
Flower Camping du Port Caroline;Rue du Pont Caroline, 49800 Loire-Authion, France
Camping Des Gorges de la Loire;73 Rue du Port, 43110 Aurec-sur-Loire, France
Camping Huttopia Etang de Fouché;Fouché, Rue du 8 Mai 1945, 21230 Arnay-le-Duc, France
Camping a la Ferme le Verger;4 Rte de Vitteaux, 21350 Marcilly-et-Dracy, France
Camping Le Relais des Hautes-Côtes;6 Imp. du Château d'Eau, 21220 Chambœuf, France
Camping du Lac de Pont - Onlycamp;All. des Frênes, 21140 Pont-et-Massène, France
Camping de Bourbon-Lancy - Onlycamp;11 Rue des Eurimants, 71140 Bourbon-Lancy, France
Camping Huttopia La Clarée;8 Route des Alberts, 05100 Val-des-Prés, France
Flower Camping le Montana;05100 la vachette, France
Camping Du Pas Des Biches;75 Rue du Pass. des Biches, 17520 Celles, France
Camping Belle Rivière;65 Rue Aliénor d'Aquitaine, 17610 Chaniers, France
Camping « Le Moulin de Bidounet »;Chem. du Moulin de Bidounet, 82200 Moissac, France
Les Bois de Prayssac Village Vacances & Camping;8 Rue Sœur Marguerite Meynen, 46220 Prayssac, France
Camping Touristique de Gien;1 Rue des Iris, 45500 Poilly-lez-Gien, France
Camping Du Moulin De Thoard;le vieux moulin, 8 Le Planas, 04380 Thoard, France
Camping Douce Provence (Yelloh Village);255 Rte de Forcalquier, 04300 Niozelles, France
Les Lauzons - Camping naturiste Provence;Les Bouires campagne de briasse, 04300 Limans, France
Camping le Merval;Merval, 85450 Puyravault, France
Camping Le Beaulieu La Rochelle;3 Rue du Treuil Gras, 17138 Puilboreau, France
Camping Paradis Au Port de l' Houmeau;4 Rue des Sartières, 17137 L'Houmeau, France
Camping Le Petit Booth;79 Rue nationale, 85770 L'Île-d'Elle, France
Camping La Siesta;237 Rte de la Tranche sur Mer, 85460 L'Aiguillon-la-Presqu'île, France
Flower Camping Les Dunes;Av. du Dr Joussemet, 85560 Longeville-sur-Mer, France
Camping de la Croix Saint-Martin VICHY;All. du Camping, 03200 Abrest, France
Camping Capfun - Ranch des Volcans;Rue de la Piscine, 63140 Châtel-Guyon, France
Camping du Lac Kir;3 Bd Chanoine Kir, 21000 Dijon, France
Camping Le Galier ***;3 Route du Galier, 48120 Saint-Alban-sur-Limagnole, France
CHALETS DU LAC DE GANIVET (camping);Ganivet, 48700 Lachamp-Ribennes, France
Flower Camping Du Gévaudan;2 bis Le Pré de France, 48100 Marvejols, France
Camping Auvergne-Village Vacances Lac de Menet;18 route autour du lac, 15400 Menet, France
Camping – La Résidence des Bois;Chemin de la Cuve, 14130 Le Faulq, France
Camping Résidentiel Le Clos Tranquille;17 Rue de Troarn, 14810 Gonneville-en-Auge, France
Camping de la Plage;59 Rue Henri Dobert, 14510 Houlgate, France
Camping Bois et Marais;1001 La Butte Verte route de, 14940 Touffréville, France
Camping du Lac de Saint-Pardoux;Granges Lavaud, 87250 Saint-Pardoux-le-Lac, France
Camping Municipal Le Soleil Levant;Le Bord du Lac, 87400 Saint-Martin-Terressus, France
Camping Homair - Domaine la Yole;Av. de la Méditerranée, 34350 Vendres, France
Camping Vagues Océanes - Manoir de Balkos;Chem. des Pêcheurs, 34350 Valras-Plage, France
Camping Les Mûriers - L'Ami Soleil;Route Départementale 37, 34350 Vendres-plage, France
Camping La Coronne;route du pègue, 84600 Valréas, France
Camping Le Matin Calme;5193 Perrerie, 26220 Vesc, France
Camping Huttopia Dieulefit;220 chemin de saint Maurice, 26220 Dieulefit, France
Camping Les Rives de l'Aygues;142 chemin des rives l'aygues, 26790 Tulette, France
Forest View Camping & Chambre d'Hote;L'Espérance, 61110 Rémalard en Perche, France
Camping du Perche;3 Rue de la Ferrière, 28240 Fontaine-Simon, France
Camping Monaco Parc;Rte de Monceaux, 61290 Longny les Villages, France
camping BELLEME- Camping du Perche Bellemois;12 Rue Famille Gaulin, 61130 Bellême, France
Camping Château des Marais Sandaya;Rue de Chambord, 41500 Muides-sur-Loire, France
Camping La Tour de France / Pays Cathare;43 Avenue du Général de Gaulle, 66720 Latour-de-France, France
Camping Al Comu;Rte de Fourques, 66300 Llauro, France
Camping au fil de la Volane;camping Au fil de la Volane, 4 Chem. du Stade, 07600 Vals-les-Bains, France
Camping Paradis Family les Issoux d'Ardèche;All. de Vals, 07380 Lalevade-d'Ardèche, France
Camping L'estival;Le Village, 07380 Fabras, France
Camping à l'ombre des sycomores;Chem. du Perdu, 07380 Lalevade-d'Ardèche, France
Camping Le Barutel en Ardèche;25 rue des Magnaneries Quartier, Le Barutel, 07380 Meyras, France
CAMPING LES LAVANDES DARBRES;340 Violle, 07170 Darbres, France
Camping La Charderie;410 Quartier La Charderie, 07380 Pont-de-Labeaume, France
Camping Paradis Bois Simonet;2771 Rte de valgorge, 07260 Joyeuse, France
Eco-camping Le Folastère;Intres, 07190 Saint-Julien-du-Gua, France
Camping de Toucy;12-34 Rue du Patis, 89130 Toucy, France
Camping Le Brévedent;241 Rte du Pin, 14130 Le Brévedent, France
Mer et Vacances Camping Resort & Spa;56 Av. de la Libération, 14830 Langrune-sur-Mer, France
Camping Clicochic - Village des Meuniers;344 Rue du Stade, 71520 Dompierre-les-Ormes, France
Camping Clicochic - Monts du Maconnais;Lieu-dit La Chaux, 71520 Dompierre-les-Ormes, France
Camping Les Bruyères;9 Rte de Gibles, 71800 La Clayette, France
Camping Municipal Les Feuilles;18 Rue du Châtillon, 71170 Chauffailles, France
Camping municipal de l'Étang;Rue de l'Étang, 35140 Saint-Aubin-du-Cormier, France
Camping Les Rives Du Lac;Rue des Rouxières, 35210 Châtillon-en-Vendelais, France
Camping Homair - Domaine du Logis;Domaine du logis, 35190 La Chapelle-aux-Filtzméens, France
Camping Sur La Route Du Der en Champagne ***;D13, 51290 Moncetz-l'Abbaye, France
Camping Yelloh! en Champagne - Yelloh Village;D384, 52290 Éclaron-Braucourt-Sainte-Livière, France
Camping Nature;13 Rue de l'Evangile, 51300 Luxémont-et-Villotte, France
Camping du Val d'Ante;25 Rue de Champagne, 51330 Givry-en-Argonne, France
Flower Camping La Chênaie;56 Rue Henry Simon, 76111 Yport, France
Camping 3 étoiles Au Tylo Soleil;Lieu-dit Les Encontres, 627 route des Encontres, 04300 Dauphin, France
Camping Homair - Domaine de la Sainte Baume;Delvieux S, 83860 Nans-les-Pins, France
Camping Couleurs du Monde;1 Rdpt Montparnasse, 41400 Faverolles-sur-Cher, France
Domaine de Dugny - Camping Siblu;Dugny, 41150 Veuzain-sur-Loire, France
Camping Le Moulin Fort;Rue du Moulin Fort, 37150 Francueil, France
Camping la Grande Tortue;3 Rte de Pontlevoy, 41120 Candé-sur-Beuvron, France
Camping Sites Et Paysages Les Saules;1 Les Saules 1, 41700 Cheverny, France
Camping L'Heureux Hasard;La Petite Mesnerie, 41700 Le Controis-en-Sologne, France
Camping Huttopia Les Châteaux;113 impasse des guernazelles, 41250 Bracieux, France
Camping Le Soleil Des Bastides dans le Tarn;279 Rte de Cordes, 81140 Cahuzac-sur-Vère, France
Camping de Rousieux;La Téoulière 81220, 81220 Serviès, France
CAMPING LES MONTS D'ALBI;29 Rue du Baron Solignac, 81120 Teillet, France
Camping Le Val aux Fées - Brocéliande;5 Rue Renan le Cunff, 56430 Concoret, France
Camping Val de Landrouet;14 Rue du Gouede, 22230 Merdrignac, France
Camping Des Cerisiers;29 Brancillet, 56800 Guillac, France
Camping Paris;2 All. du Bord de l'Eau, 75016 Paris, France
Camping Huttopia Versailles;31 Rue Berthelot, 78000 Versailles, France
Camping Clicochic - Forge Sainte Marie;La Forge de Sainte Marie, RD427, 52230 Thonnance-les-Moulins, France
CAMPING LE BOIS DES ROCHES;Chem. des Sablières, 26790 Bouchet, France
Flower Camping Le HautDick;30 Chem. du Grand Bas Pays, 50500 Carentan-les-Marais, France
Camping Capfun - Lodge;Le Bas Bohat Lieu Dit, 56370 Sarzeau, France
Flower Camping Le Conleau;188 Av. Maréchal Juin Maréchal de France, 56000 Vannes, France
Camping Fort Espagnol 4 étoiles - Romanée;Route du Fort Espagnol, 56950 Crach, France
Camping Sandaya Moulin de l'Eclis;5 bis Rue de la Plage, 44410 Assérac, France
Camping Les Étangs du Moulin;Le Champ Fercot, 02320 Cessières-Suzy, France
Camping L'Isle aux moulins;1 Allée de l'Isle aux Moulins, 45150 Jargeau, France
Camping Les Evoïches;01 Route de Flînes - Les Evoïches, 59870 Marchiennes, France
Bellevues glamping and camping;15 À Bellevue, 17210 Mérignac, France
Camping du Mettey;Chem. du Camping, 88120 Vagney, France
Camping du Lac de la Moselotte;336 Rte des Amias, 88290 Saulxures-sur-Moselotte, France
Camping Huttopia Forêt des Vosges;2 Gademont, 88640 Granges-Aumontzey, France
Camping La Sténiole;1 b, Le Haut Rain chemin du, 88640 Granges-Aumontzey, France
Camping Domaine Des Messires;Rue des Messires, 88600 Herpelmont, France
Camping L'hermitage;54 Rue du Boulot, 88370 Plombières-les-Bains, France
Le Lac des Rêves - Camping Siblu;Rte de Pérols, 34970 Lattes, France
Camping les lodges du lagon;210 Rte d'Aigues-Vives, 30420 Calvisson, France
Camping du Val de Cère;2 Rue du Cansel, 15800 Polminhac, France
Camping Paradis La Gineste;La Gineste, 15150 Arnac, France
Camping La Bédisse;3 Rue de la Bedisse, 15800 Thiézac, France
Camping Cantal : La Pommeraie;Camping La Pommeraie, 15800 Vic-sur-Cère, France
Camping des Blats;Route de la Gare, 15800 Saint-Jacques-des-Blats, France
Camping Les Rives du Lac Cantalès;10 Rte de la Presqu'Île, 15150 Saint-Gérons, France
Camping du Viaduc Cantal;12 rue du Viaduc, 15290 Le Rouget-Pers, France
Camping Sous Les Étoiles Normandie;2 Rue Slaugham, 14350 Souleuvre en Bocage, France
Camping La Serre;5 Chem. de la Serre, 09600 Aigues-Vives, France
Camping La Régate;Avenue Montjean Route du Lac, 09600 Léran, France
Camping Ariège le Roc del Rey;Camping Le Roc Del Rey, 09600 Belloc, France
Camping des vignes;Hameau d'Engravies, 09600 Dun, France
Camping Yelloh! Village Le Pré Lombard;Av. de l'Ayroule, 09400 Tarascon-sur-Ariège, France
Chalets & Camping Villa Mayari;Rte de Saint-Michel, 09100 Escosse, France
Camping Le Fort Montbel;Le Fort, 09600 Montbel, France
Camping Vallée de Beille;176 Barry d'en Bas, 09310 Verdun, France
Camping la prairie;Route de Vicdessos, 09400 Capoulet-et-Junac, France
Camping Homair - Le Ried;1 Rue du Camping, 67860 Boofzheim, France
Camping Les Reflets du Val d'Argent;20 Rue d'Untergrombach, 68160 Sainte-Marie-aux-Mines, France
Piscine Camping Capfun Duravel;2435 Rte de Vire, 46700 Duravel, France
Camping le Moulin de Julien;330 CHEMIN DE LA RATAYRIE CAMPING, 81170 Livers-Cazelles, France
Camping Camp Redon;route de carmaux 375, 81170 Livers-Cazelles, France
Camping Domaine les Clots;LD, Les Clots, 81190 Mirandol-Bourgnounac, France
Camping la Prade;4649 route de Lagarde Viaur, 81190 Montirat, France
Camping Municipal la Cascade;Camping La Cascade, allée de la cascade, 89700 Tonnerre, France
Camping Dordogne 3 étoiles Au P'tit Bonheur;le, 148 Chem. du Pech Saint-Martin, 24370 Pechs-de-l'Espérance, France
Camping & Gîtes du Lac du Causse;207 La Prairie, 19600 Lissac-sur-Couze, France
Camping Le Temps de Vivre;345 Rte de Marmont, 24590 Salignac-Eyvigues, France
Camping Village du Port - chez Sophie;58- 62 Rue de l'Occitanie, 46200 Saint-Sozy, France
Resort & Camping du Val De Braye;25 Rue du Val de Braye, 72310 Bessé-sur-Braye, France
Camping Jura Sous Doriat;34 Rue Marcel Hugon, 39300 Monnet-la-Ville, France
CAMPING LE MONT JOLI BOIS;29 Rue de la Plage, 76910 Criel-sur-Mer, France
Camping de l'Hippodrome;5 Av. des Rives, 06270 Villeneuve-Loubet, France
Camping Le Colombier;35 Chem. de Sainte-Colombe, 06800 Cagnes-sur-Mer, France
Camping Les Pinèdes - Sites & Paysages;1402 Rte du Pont de Pierre, 06480 La Colle-sur-Loup, France
Camping Val Fleuri ATC Routes du Monde;139 Chem. du Vallon des Vaux, 06800 Cagnes-sur-Mer, France
Camping Parc des Maurettes;730 Av. du Dr Julien Lefebvre, 06270 Villeneuve-Loubet, France
Camping Les Rives du Loup;Rte de la Colle, 06140 Tourrettes-sur-Loup, France
Camping La Vieille Ferme - Alpes-Maritimes;296 Bd des Groules, 06270 Villeneuve-Loubet, France
Notre Village Camping & Gîtes;11 Le Maury, 36400 Néret, France
Camping Etang Merlin;Rte de Vicq Exemplet, 18370 Châteaumeillant, France
Camping du Chateau de Leychoisier;1 Rte de Leychoisier, 87270 Bonnac-la-Côte, France
Camping Le Val D'amour;1 Rue du Val d'Amour, 39380 Ounans, France
Camping Huttopia La Plage Blanche;3 Rue de la Plage, 39380 Ounans, France
Camping au coeur des vignes;5 Rte de la Piscine, 39600 Arbois, France
Camping de Boÿse;20 Rue Georges Vallerey, 39300 Champagnole, France
Camping Domaine de l'Epinette;15 Rue de l'Épinette, 39130 Châtillon, France
Camping des Bords de Loue;Rue du Camping, 39100 Parcey, France
Camping-Chalets La Favière;10 La Favière, 39150 Lac-des-Rouges-Truites, France
Yelloh! Village Camping Bordeaux Lac;Bd Jacques Chaban-Delmas, 33520 Bruges, France
Camping Maeva Bel Air - Proche Bordeaux;150 RD 671, 33670 Sadirac, France
Camping du Vieux Château;Blabot-Bas 579 Route de Luneau, 33420 Rauzan, France
Camping Village Mont-Blanc l'Ecureuil;132 Rte de l'Arve, 74190 Passy, France
Camping Le Relais de la Vallée Blanche;390 Rte de Passy, 74700 Sallanches, France
Camping Fontenoy;11 Rte de Saint-Loup, 88240 Fontenoy-le-Château, France
Camping La Halte de Mainville;18 Rue du Routy, 02290 Ressons-le-Long, France
Camping les 2 Salamandres;Camping les 2 Salamandres, 4 Bas Prézelle, 17120 Arces, France
Camping Le Bellevue;220 Rte Verte, 17120 Barzan, France
Camping Yukadi Village Le Logis;22 Rue des Palombes, 17420 Saint-Palais-sur-Mer, France
Camping Port Maubert;8 Rue de Chassillac, 17240 Saint-Fort-sur-Gironde, France
Camping Au Pré du Lac;25 route du 45 ème parallèle, 38119 Saint-Théoffrey, France
Camping du Sabot & Chalets à louer;Mnt du Sabot, 38144 Notre-Dame-de-Vaulx, France
CAMPING DU MOULIN DE TULETTE;290 Rte du Moulin de Tulette, 38760 Varces-Allières-et-Risset, France
Camping des Chevrets;38 rue de, La Guimorais, 35350 Saint-Coulomb, France
Camping à la ferme de la Bréarde;La Brearde, 35350 Saint-Coulomb, France
Camping Duguesclin;Rue de Tannée, 35350 Saint-Coulomb, France
Camping de Tannée;1B Rue de Tannée, 35350 Saint-Coulomb, France
Camping de l'Île Verte;42 Rue de l'Île Verte, 35114 Saint-Benoît-des-Ondes, France
Camping Le Paquis;Rue du Pont, 55270 Varennes-en-Argonne, France
Camping Municipal*** de Vitré;2 All. de Saint-Etienne, 35500 Vitré, France
Camping Manoir de Soeuvres;Soeuvres, 35135 Chantepie, France
Camping Résidentiel le Paradis;Chp des Ardouins, 33230 Abzac, France
Sainte-Terre Camping Camp Municipal Bord Dordogne;Rte de la Plage, 33350 Sainte-Terre, France
Camping Le Chêne du Lac;lieu-dit châteauneuf, 33230 Bayas, France
Camping de la Bastide;2 All. du Camping, 33220 Pineuilh, France
Camping Homair - Domaine de la Brèche;5 Imp. de la Brèche, 49730 Varennes-sur-Loire, France
Camping de La Grange au Maire;1 Imp. de la Grange au Maire, 79190 La Chapelle-Pouilloux, France
Camping Homair - Le Lac des Vieilles Forges;D40E, 08500 Les Mazures, France
Flower Camping La Samaritaine;3 All. des Étangs, 08240 Buzancy, France
Camping à la ferme de la Croix-Villière;2 La Croix Villière, 08130 Neuville-Day, France
Château camping la Grange Fort;Les Pradeaux, 63500 Les Pradeaux, France
Camping Sauxillanges L'Eau Mère;Chem. des Prairies, 63490 Sauxillanges, France
Camping Le Pré - Onlycamp;3 Pl. Amouroux, 63320 Montaigut-le-Blanc, France
Camping Aux Rives du Lac;Rue du Fort Saint-Georges, 10220 Géraudot, France
Camping Le Lac d'Orient;17 Rue du Lac, 10140 Mesnil-Saint-Père, France
LES TERRES ROUGES - camping Troyes - AUBE Grand Est;Avenue de Champagne, CAMPING, Les Terres Rouges, 10390 Clérey, France
Camping d'Artagnan;Camping d'artagnan, 32290 Margouët-Meymes, France
Camping Les Résidences de La Becque Wahrem;791 Rue de l'Est, 59380 Warhem, France
CAMPING Domaine du GROENE VELD;6 bis Voie Romaine, 59470 Zegerscappel, France
Camping MIAMI PLAGE;123 Strada Di I Querci, 20230 Poggio-Mezzana, France
Camping Domaine d'Anghione;3731 Anghione, 20213 Castellare-di-Casinca, France
Bonne Anse Plage - Camping Siblu;7 Rte du Phare de la Coubre, 17570 Les Mathes, France
Les Pierres Couchées - Camping Siblu;6R3X+8X, 16 Av. des Pierres Couchées, 44250 Saint-Brevin-les-Pins, France
Camping Sandaya Le Ranolien;Sémaphore de Ploumanac'h, 60 Bd du Sémaphore, 22700 Perros-Guirec, France
Camping Sandaya L'Orée du Bois;225 Rte de la Bouverie, 17570 Les Mathes, France
Domaine de Kerlann - Camping Siblu;50 Land Rosted, 29930 Pont-Aven, France
Le Bois Dormant - Camping Siblu;168 Rue des Sables, 85160 Saint-Jean-de-Monts, France
Le Bois Masson - Camping Siblu;149 Rue des Sables, 85160 Saint-Jean-de-Monts, France
Les Charmettes - Camping Siblu;Av. de la Palmyre, 17570 Les Mathes, France
Camping Le Mas de Reilhe;169 Chem. du Mas de Reilhe, 30260 Crespian, France
Camping Mer et Camargue;271 Rte d'Aigues-Vives, 30420 Calvisson, France
Camping Domaine de Gajan;651 Rue de Pie Bouquet, 34160 Boisseron, France
Camping L'Olivier;147 Chem. d'Aubais, 30250 Junas, France
Camping Le pré Saint André;16 Rte d'Uzès, 30250 Souvignargues, France
Camping associatif LCH La Haye de Gerville;501 Rue de Normandie, 76280 Fongueusemare, France
Camping Le Marache Vacances;25 Rue Gambetta, 33380 Biganos, France
La Réserve - Camping Siblu;1229 Av. Félix Ducournau, 40160 Gastes, France
"Camping de la Dune ""Les Flots Bleus""";Rte d'Arcachon À Biscarrosse, 33115 Pyla-sur-Mer, France
Les Viviers - Camping Siblu;1 Av. Léon Lesca, 33950 Lège-Cap-Ferret, France
Camping Les Écureuils;1 Rue des Oyats, 33740 Arès, France
Camping de Samba;2 Rue de Samba, 33380 Mios, France
Camping Rochecondrie;172 Rte du Teil, 07220 Viviers, France
Camping des Petites Roches - Onlycamp;Plateau-des, 1 Chem. du Bec Margain, 38660 Plateau-des-Petites-Roches, France
Camping Municipal les Berges du Guiers;25 Rue du Guiers, 38380 Saint-Laurent-du-Pont, France
Camping L'Arc En Ciel ***;37 Chem. des Berges, 38380 Entre-deux-Guiers, France
Camping Municipal et Village vacances du lac;9 Av. du Lac, 31350 Boulogne-sur-Gesse, France
Camping Le Rural (camping bord de riviere);54 Le Boucoulan, 65150 Tibiran-Jaunac, France
Camping Huttopia Pays des Bastides;Fauquie Haut 207 chemin des ormes, 47210 Saint-Étienne-de-Villeréal, France
Camping Le Petit Liou;Camping Sites & Paysages, le Petit Liou, 05200 Baratier, France
Camping Rioclar;Route de Barcelonnette, 04340 Méolans-Revel, France
Camping Sunelia La Presqu'île - Embrun;32 chemin du Roustou Le Roustourias, 05230 Prunières, France
Camping New Rabioux;Saint-James, 05380 Châteauroux-les-Alpes, France
Camping ** Le Clos Des Tourterelles;29 Rue des Rendillons, 45300 Bouzonville-aux-Bois, France
Camping Night&Day du Bois Vert;14 Rue de Boisseau, 79200 Le Tallud, France
Campings Les Alouettes et L'Image;130 Rue Brune, 59116 Houplines, France
Camping de l'Arquebuse;departementale 24, 21130 Athée, France
Camping Le Bois Vieux;1 Bois Vieux, 58260 Thianges, France
Camping le Manoir de Bezolle;Le Bezolles, 58110 Saint-Péreuse, France
Camping Homair - La Croix du Vieux Pont;8 Rue de la Fabrique, 02290 Berny-Rivière, France
CAMPING DE L'AIGRETTE;22 Rue de la Font Aubier, 60350 Attichy, France
Camping du Vivier aux Carpes;4 Rue Charles Voyeux, 02790 Seraucourt-le-Grand, France
Camping du Lac de Rebecques;121 Chem. des Etiais, 62120 Saint-Augustin, France
Camping Beauséjour;Rue Michelet, 62510 Arques, France
Camping La Petite Forêt;16 Rue du Canal, 62120 Aire-sur-la-Lys, France
Camping La Chênaie;All. de la Chênaie, 02000 Laon, France
Camping de la pointe;5 Rue de Moulins, 02160 Bourg-et-Comin, France
Camping Porte Des Vosges;ZA La Grande Tranchée, Rte de Contrexeville, 88140 Bulgnéville, France
Camping du Château;2 Les Chapes, 88640 Granges-Aumontzey, France
Camping Pré Vologne;12 Rue du Pré Dixi, 88640 Granges-Aumontzey, France
Camping Vosges Les Deux Pins;191 Rue Léonard de Vinci, 88650 Anould, France
Camping les Thézières - Onlycamp;166 Rte du Stade, 74440 Taninges, France
Camping-Ferme Pédagogique de Prunay;Camping Ferme Pédagogique de Prunay, 41150 Valloire-sur-Cisse, France
Camping Les Nénuphars;765 Rue des Deux Tilleuls, 76480 Roumare, France
Camping chez l'habitant;137 Côte du Poteau, 76940 Heurteauville, France
Camping de la Forêt - Jumièges;582 Rue Mainberte, 76480 Jumièges, France
Camping de la Seine;2699 Rte du Conihout, 76480 Jumièges, France
Camping Domaine des Poteries;Rue des Poteries, 59158 Flines-lès-Mortagne, France
Camping Le Mont Des Bruyeres;806 Rue Basly, 59230 Saint-Amand-les-Eaux, France
Camping de la Sensée;1Bis Rue Jean Baptiste Alphonse, 59265 Aubigny-au-Bac, France
Camping Mille Étoiles;4089 Mas de Serret route du, 07150 Labastide-de-Virac, France
Camping La Ferme des Epinettes;277 Rue des Epinettes, 38460 Saint-Romain-de-Jalionas, France
Camping Les 3 Lacs du soleil;296 chemin du camping, 38460 Trept, France
Camping de la Vallée Bleue;290 Chamboud, 38390 Montalieu-Vercieu, France
Camping Pyrénées L'Arriou;133 Rte des Cols, 65710 Beaudéan, France
Camping en gites Le Tournesol;les mauralts, 03390 Camping Le Tournesol, France
Camping Domaine La Charvière;9 La Charviere, 03390 Saint-Priest-en-Murat, France
Camping la Colline;Lieu dit la soubraud, 03330 Chirat-l'Église, France
Eco Camping l alternatif;Rue du Moulin de Lyon, 03380 Huriel, France
Camping Le Chanet;9 Rue du Chanet, 25290 Ornans, France
Camping Municipal Les Berges du Bramont;LES BERGES DU BRAMONT, 48000 Saint-Bauzile, France
Camping Les Galets;48500 Banassac-Canilhac, France
Camping à La Ferme Les Deux Vallées;15110 Fridefont, France
Camping Le Val de Cesse;Lieu-dit La Garenne, 11120 Mirepeisset, France
Camping Les Auberges;6 Les Auberges, 11120 Pouzols-Minervois, France
Camping Aude | Flower Camping de l'Olivigne;3 Chemin de Montouliers, 11120 Bize-Minervois, France
Camping Domaine Le Vernis ***;Le Vernis, 34210 Azillanet, France
"Camping ""La Griole"" en Cerdagne";39 Rte de l'Andorre, 66120 Targasonne, France
Camping Las Clotes;6 Rue de Nalga, 66120 Égat, France
Camping Huttopia Font-Romeu;Rte de Mont Louis, 66120 Font-Romeu-Odeillo-Via, France
Camping Le Puigmal;30 Rte du Puigmal, 66800 Err, France
Camping LE PETIT CANADA (Les Bouillouses);RD 60, 66210 La Llagonne, France
Camping Las Closas;1 Pl. Sant Genis, 66800 Err, France
Camping Aux Rives du Soleil;Port de Fleurville, 01190 Pont-de-Vaux, France
Camping de Matour - Onlycamp;2 Rue de la Piscine, 71520 Matour, France
Rives de Condrieu - Camping Siblu;12 Chem. du Camping, 69420 Condrieu, France
Camping des Barolles;88 Av. Maréchal Foch, 69230 Saint-Genis-Laval, France
Camping Paradis Les Nobis d'Anjou;Rue Georges Girouy, 49260 Montreuil-Bellay, France
Camping La Vallée des Vignes;2 route de Méat, La Croix Patron Lieu-dit, 49700 Doué-en-Anjou, France
Camping Huttopia Saumur;1 Chem. de Chantepie, 49400 Saumur, France
Camping Le Serpolin;2 Le Serpolin, 49560 Cléré-sur-Layon, France
Camping Yelloh! Village Les Voiles d'Anjou;6 Rue Sainte-Baudruche, 49350 Gennes-Val-de-Loire, France
Camping les Rives d'Auzon;505 Route du Viaduc, 07170 Lavilledieu, France
Camping et Lodges de Coucouzac;Camping et Lodges de Coucouzac, 742 route de la vallée d'ibie, quartier, Cocusas, 07150 Lagorce, France
Camping Huttopia Sud Ardèche;145 Route D’Orgnac, 07150 Vagnas, France
Camping le Barralet;6 Chem. du Grès, 30210 Collias, France
Camping Paradis Bellerive;Face aux arènes A gauche du stade, Cr Emile Antelme, 30490 Montfrin, France
LODGES & NATURE Camping les 2 Rhône;151 Chem. de Bellegarde, 84000 Avignon, France
Camping de la Grande Prade***;lieu dit, 24120 La Cassagne, France
Camping Le Soleil Fruité;480 Les Communaux, 26300 Châteauneuf-sur-Isère, France
Camping de la combe d oyans;15, Ch, La Combe d'Oyans, 26300 Rochefort-Samson, France
Camping la Cascade | Aveyron;Av. du Pont du Tarn, 12490 Saint-Rome-de-Tarn, France
Camping Le Gallo Romain ****;1090 Rte du Col, 26300 Barbières, France
Camping Les Arbois;514 Les Arbois, 71310 Montjay, France
Camping La Motte Flottante;Les Pons, 05000 La Freissinouse, France
Camping Mon Repos;camping Mon Repos Le Candillon 400 m RD 937 A, à 1,2 km, D994, 05400 Montmaur, France
Camping Les Auches;les Auches, 90 All. du Camping, 05260 Ancelle, France
Camping Alpes Dauphiné;Croisement N85, Rte de la Descente, 05000 Gap, France
Camping Merendella;Camping Corse Merendella, Moriani Plage, 20230 San-Nicolao, France
Camping U Punticchiu;santa lucia di moriani, 20230 Santa-Lucia, France
Corsica Vacanze Promotion de Campings en Corse;Corsica Vacanze Agence de voyage, Moriani Plage, 20230 San-Nicolao, France
Camping La Paille Haute;145 Rue de Sailly, 62156 Boiry-Notre-Dame, France
Camping Municipal de Plouvain;Unnamed Road, 62118 Plouvain, France
Camping Europe;Le Chambon, Monceaux sur Dordogne, 19400 Argentat-sur-Dordogne, France
CAMPING LA BELLE ÉTOILE;2 bois Viel, 19430 Reygade, France
Camping Echo Du Malpas;Camping L'echo Du Malpas, 19400 Monceaux-sur-Dordogne, France
Camping Le Vaurette****;1 Ldt Vaurette, 19400 Monceaux-sur-Dordogne, France
Camping Le Saulou;Lieu-dit Vergnolles, 19400 Monceaux-sur-Dordogne, France
Camping municipal d'Argentat-sur-Dordogne;Limousin Route d'Egletons, Le Longour, 19400 Argentat-sur-Dordogne, France
Camping Les Vernières La Bourboule;170 Av. Mal de Lattre de Tassigny, 63150 La Bourboule, France
Camping Les Clarines;1424 Av. Mal Leclerc, 63150 La Bourboule, France
Camping La Vallée;Chauderie Basse, 63680 La Tour-d'Auvergne, France
Camping Puy de Dome - Camping La Chauderie;Rte de Besse, 63680 La Tour-d'Auvergne, France
Camping La Sauleraie (Camping Perron-Beauvineau);10200 Meurville, France
Camping rural - Foyer Saint Martin;10 Rue du Buhl, 67600 Ebersheim, France
Camping de Lyon;6 All. du Camping international, 69570 Dardilly, France
Camping Municipal Sous Roche;Rue sous Roche, 89200 Avallon, France
Camping De La Ferme;89200 Avallon, France
Camping le grun de Chignore;4 Les Plaines, 63120 Vollore-Ville, France
camping d'étival;41 Rue de Trieuché, 88480 Étival-Clairefontaine, France
Camping Vosgina;1 Rue de la Cheville, 88420 Moyenmoutier, France
Camping Huttopia Lac de Rillé;Lac de Rillé, D49, 37340 Rillé, France
Camping du Pasquier;18 Rue Thévenot, 39100 Dole, France
Camping 39700 Eclans-Nenon;17 Rte de Nenon, 39700 Éclans-Nenon, France
Camping La Falaise;Rue Charles Cazin, 62224 Équihen-Plage, France
Camping l'Escale;15 Rue nationale, 62250 Wacquinghen, France
Camping l'Île de la Ronde;Quai de la Ronde, 03500 Saint-Pourçain-sur-Sioule, France
Camping La Courtine;7 Rue de Saint-Laurent, 03500 Châtel-de-Neuvre, France
Camping Deneuvre;Chem. du Stade, 03500 Châtel-de-Neuvre, France
Camping Domaine d'Aucroix;33 Quai du Canal, 25110 Baume-les-Dames, France
Camping des Grands Cols;422 Av. du Mont Cenis, 73300 Saint-Jean-de-Maurienne, France
LE CAMPING by LE MARINTAN;Rue de la Provalière, 73140 Saint-Michel-de-Maurienne, France
Camping Le Village Vert;30 Les Pins, 50470 Tollevast, France
Camping de Collignon;Rue des Algues, 50110 Tourlaville, France
Camping de la Plage;2 Village, Fréval D116, 50840 Fermanville, France
Camping Cotentin;Rue des Dauphins, 50110 Cherbourg-en-Cotentin, France
Camping de Santenay - Onlycamp;Av. des Sources, 21590 Santenay, France
Camping Le Pontillou;Chem. de la Gautherie, 24140 Villamblard, France
Camping et Gîtes De Beausejour;La Hisse, 22100 Saint-Samson-sur-Rance, France
Camping Au Bocage du Lac 4 étoiles - Bretagne;16 Rue du Bocage, 22270 Jugon-les-Lacs, France
Camping Le Vallon aux Merlettes;43 Rue Dr Jobert, 22550 Matignon, France
Camping des Pêcheurs;16 Beaulieu l'Etoile, 22270 Saint-Rieul, France
Camping du Lac;RD562, quartier, Domaine de la Chesnaie, 83440 Montauroux, France
Camping Le Domaine des Floralies;100 Chem. de l'Ancienne Gare, 83440 Montauroux, France
Le Montourey - Camping Siblu;2399 Rue de Montourey, 83600 Fréjus, France
Camping Le Parc Des Monges;635 Chem. du Gabre, 06810 Auribeau-sur-Siagne, France
Camping Clicochic - Lou Cantaïre;RD 562, 83440 Fayence, France
Camping de Nevers - Onlycamp;Rue de la Jonction, 58000 Nevers, France
Camping du Lac;Camping Du Lac, 46130 Laval-de-Cère, France
Camping La Bourgnatelle;56 Al Port, 46130 Bretenoux, France
Camping Les Trois Sources Maeva Escapades;2158 Route de Lamativie, 46190 Sousceyrac-en-Quercy, France
Camping Les Chalets sur la Dordogne;152 rue du Bernadou, Au Port lieu-dit, 46130 Girac, France
CAMPING DE LA SOLE;Champs de Bétaille, 46130 Puybrun, France
Camping La Garrigue - Camping Lot 3 étoiles;327 Rte de Sarrouil, 46130 Loubressac, France
Camping Crozon Sites & Paysages LE PANORAMIC;130 Rue de la Plage, 29560 Telgruc-sur-Mer, France
Camping du Lac de Néguenou;Domaine du Lac de Néguenou 2980 route de Néguenou, 47360 Prayssas, France
Camping Le Mouliat;407 Route des Menteurs, 47600 Moncrabeau, France
Camping Hameau de Lustrac;47140 Trentels, France
Flower Camping Omaha Beach;Rue de la Hérode, 14710 Vierville-sur-Mer, France
Camping La Pinede;477 Chemin de Confoux, 13250 Cornillon-Confoux, France
Camping Marina Plage;All. David Guillermet, 13127 Vitrolles, France
Camping La Vallée Heureuse | Pausado;Imp. de Lavau, 13660 Orgon, France
Camping*** La Ferme Riola;5309 Rte de Sclos, 06390 Contes, France
CAMPING DOMAINE SAINTE MADELEINE;3803 Rte du Moulinet, 06380 Sospel, France
Camping Les Templiers;La Bourgade, 06450 Roquebillière, France
Camping de Pougues les Eaux - Gaia vacances;119 Allée des Loisirs, 58320 Pougues-les-Eaux, France
Camping La Ferme des 4 chênes;101 Chem. de Paylan, 64240 Urt, France
Les Oyats - Camping Siblu;Route de la plage des Casernes, 40510 Seignosse, France
Domaine du Cayre LANDES gîtes et camping;751 Rte des Chevreuils, 40550 Saint-Michel-Escalus, France
CAMPING Port Carrère;60 Rte de Houron, 40300 Orist, France
Camping de la Ferme des Saules;453 Rte du Mont-Noir, 59270 Bailleul, France
Camping La Sablière du Mont Noir;2810 Rte du Parc, 59270 Saint-Jans-Cappel, France
Camping des Hortensias;22 Rue Basse, 80240 Vraignes-en-Vermandois, France
Camping de la Source;6 Rue du Cimetière, 80400 Voyennes, France
Camping les Puits Tournants;6 Rue du Marais, 80800 Sailly-le-Sec, France
Camping Country Park - Touquin;Rte de la Couture, 77131 Touquin, France
Camping de l'Orival;885 Rue d'Orival, 76950 Les Grandes-Ventes, France
Camping Les Craouès;682 Rue du 8 Mai 1945, 65130 Capvern, France
Camping Huttopia Rambouillet;Rue du Château d'Eau, 78120 Rambouillet, France
Camping Verbéla Village;1004 Chem. des Mules, 13550 Noves, France
Camping La Marana - Vacances André Trigano;3610 Rte des Marines de Borgo, 20290 Borgo, France
Wellness Sport Camping Loudenvielle;9 Chem. de la Mainette, 65510 Loudenvielle, France
camping l'Orée du Lac;68 Rte du Barrage, 42300 Villerest, France
Camping de la Maladière;île de la Maladière, 70170 Port-sur-Saône, France
Camping Saône Jolie;Gd Rue du Bourg, 70360 Scey-sur-Saône-et-Saint-Albin, France
Camping la Tuilerie;Unnamed Road, 70160 Baulay, France
Camping l'Esplanade;1 prairie de la riviere, Rue du Pont, 70190 Cromary, France
Camping Municipal La Louvière;70130 Soing-Cubry-Charentenay, France
Camping la Tuilerie;La Tuilerie 2ème Canton, 70190 Boult, France
Camping du Bois de Reveuge;D113, 25680 Huanne-Montmartin, France
Camping du Lac;1 Pl. des Loisirs, 70190 Rioz, France
Camping Beausejour;61 Mnt de la Rippe, 73410 Entrelacs, France
Camping : Au Cœur des Monts;283 Montée de, La Flachardière, 69610 Les Halles, France
Camping DOMANIUM;2 Chem. du Planil, 69510 Yzeron, France
Camping Du Sonnay;Rte du Sonnay, 69210 Sourcieux-les-Mines, France
Camping Le Paradis;Rte de Lesparre, 33112 Saint-Laurent-Médoc, France
LODGING LE LAC - Camping Lacanau Lac du Moutchic;30 Av. de la Plage, 33680 Lacanau, France
Camping du Bois Joli **;9 Rue Haute Gaston Parant, 55210 Saint-Maurice-sous-les-Côtes, France
camping de l'espérance en Meuse;3 chemin des pâchis, 55220 Villers-sur-Meuse, France
Camping Au Mica (3 étoiles);1006 Rue d'Alsace, 88430 Corcieux, France
Camping Les Jardins de Biffontaine;823 Chem. de la Basse de Belmont, 88430 Biffontaine, France
Camping les Tréxons;36 Les Trexons, 88430 Gerbépal, France
Camping de la tour;4 Rue James Wiese, 88430 Corcieux, France
Camping Les Collieures;1 Les Collieures, 88430 Corcieux, France
Camping Au Fil de L'Oô;37 Av. de Vénasque, 31110 Bagnères-de-Luchon, France
Camping Carcassonne | Le Moulin de Sainte-Anne;2 Chem. de Saint-Anne, 11600 Villegly, France
Camping du Lac Birotos;Chem. du Lac Birotos, 11380 Pradelles-Cabardès, France
Camping Yelloh Village Domaine d'Arnauteille;Arnauteille, 11250 Montclar, France
Camping la Pinède;Rue des Rousillous, 11200 Lézignan-Corbières, France
Camping de la Cité;Chemin Bernard Délicieux, 11000 Carcassonne, France
Camping Clicochic - Commanderie;6 Chem. de l'Église, 11800 Rustiques, France
Camping Domaine Beauséjour;1 chemin du grangeon, 38390 La Balme-les-Grottes, France
Camping de Saint Just - Onlycamp;de Saint Just, Le Bourg, 15320 Val d'Arcomie, France
Camping Sérendipité;4 Imp. Fontbielle, 15260 Neuvéglise-sur-Truyère, France
Camping de la Prade;en, Pinatelle, 19 Rte de Murat, 15170 Neussargues en Pinatellle, France
Camping Del Padel;6 Rue du Stade, 38630 Les Avenières Veyrins-Thuellin, France
Camping de l'Île de la Comtesse;25 Chem. de l'Île de la Comtesse, 01300 Murs-et-Gélignieux, France
Camping le bord du lac;Hameau du Petit Bilieu, 687 Rte du Bord du Lac, 38850 Bilieu, France
Camping Capfun - Temps Libre;580 Rte de Fond Rozier, 38150 Bougé-Chambalud, France
Camping Huttopia Pays de Condrieu;5900 Rte du Grand Bois, 69420 Tupin-et-Semons, France
Camping le Cottet (au cœur du Pilat);372 route de limonne, 42520 Saint-Appolinard, France
Camping Le Bontemps - Ciela Village - Isère;5 Imp. du Bontemps, 38150 Vernioz, France
Camping du Loc'Han;Le Minihy, 22170 Plélo, France
Camping Le Panoramic;6 Rue Gasselin, 22520 Binic-Étables-sur-Mer, France
Camping Bellevue Mer;46 Rue de Fonteneau, 22120 Hillion, France
Camping Village Nature d'O;Bon Abri, 22120 Hillion, France
Camping Les Tamaris;26 Rte du Vieux Brehec, 22580 Plouha, France
Camping Le Varquez;5 Rte de la Corniche, 22580 Plouha, France
Camping Bellevue Cotes d'Armor;68 Bd du Littoral, 22410 Saint-Quay-Portrieux, France
Camping Le Neptune;Ker Guistin, 22580 Lanloup, France
Camping le Cap de Bréhat;Rte de Port Lazo, 22470 Plouézec, France
Camping des Vallées Flower;Chem. du Petit Pré, 22000 Saint-Brieuc, France
Camping Domaine Du Launay;11 Rte de Toul ar Veing, 22470 Plouézec, France
Camping RCN Port l'Epine;10 Ven. Pors Garo, 22660 Trélévern, France
Camping et gites Ferme de Kerloury Paimpol;2 Chem. du Père Marivin, 22500 Paimpol, France
Camping Les Sables Blancs;17 Av. du Dorlett, 29900 Concarneau, France
Camping de Kérantérec;1 Route de St Laurent, 29940 La Forêt-Fouesnant, France
VVF Camping Fouesnant les Glénan;Hent Land Gwen, 29170 Fouesnant, France
Camping Landes Vertes;144 Imp. du Village Vacances, 40630 Sabres, France
Camping familial les chalets d'Uza;1101 Rue de Saint Julien en Born, 40170 Uza, France
Camping La Baie du Mont Saint Michel;1 La Mottaiserie, 50220 Céaux, France
Camping Huttopia Baie du Mont St Michel;Voie de la Liberté, 35120 Baguer-Pican, France
Camping SEASONOVA Haliotis;Rue Général Patton, 50170 Pontorson, France
Camping SEASONOVA Saint Michel - Courtils;35 route du, Rue du Mont Saint-Michel, 50220 Courtils, France
Camping le Balcon de la Baie du Mont Saint Michel;3 Le Verger, 35120 Saint-Marcan, France
Camping Capfun - Lac de Ribou;All. Léon Mandin, 49300 Cholet, France
Camping LES HAUTES HERBES proche du Puy du Fou;1 Lieu dit les 4 Moulines, 49710 LE LONGERON, France
Camping Paradis de la Motte | Camping Puy du Fou;14 Bis Rue de la Motte, 85250 Vendrennes, France
Camping rural Le Relais des Garennes;La Bauche Coiffee, 44140 Montbert, France
Camping La Vallée de Poupet;Poupet, 85590 Saint-Malô-du-Bois, France
Camping des Îles;Rte de Villevallier, 89330 Saint-Julien-du-Sault, France
Camping et Base de loisirs Les Etangs des Moines;100 Rue des Étangs, 59610 Fourmies, France
Camping Municipal de Saint Martin en Haut;Rte du Camping, 69850 Saint-Martin-en-Haut, France
Camping Le Sagone;Route de Vico, 20118 Vico, France
Camping LACASA;Lieu-dit, D81, Pianottolo, 20111 Calcatoggio, France
Camping A Marina;Golfe de la Liscia, 20111 Calcatoggio, France
Camping l'Acciola;D70, 20126 Évisa, France
Yelloh! Village Camping Les Ramières;2235 Les Hermasses, 26510 Sahune, France
Camping Homair - Château de Fonrives;Route D'Issigeac, 47210 Rives, France
Camping de l’Estuaire;16 bis Rue Jean Boyer, 35730 Pleurtuit, France
"Camping Municipal ""Le Rivage""";5 Rue de la Chevalerie, 35870 Le Minihic-sur-Rance, France
Camping La Touesse;171 Rue de la ville Géhan, 35800 Saint-Lunaire, France
Camping La Tourelle;6 Rue la Tourelle, 22150 Plémy, France
Camping Clicochic - La Forêt d'Azalée;La Petite Beauce, 91530 Saint-Chéron, France
Vacance Normandie Camping and B&B;Les Rivières, 14570 Saint-Rémy sur Orne, France
Camping Bellevue Erquy;Route de la libération, 22430 Erquy, France
Camping Municipal Poix-de-Picardie;Route Forges les Eaux, 80290 Poix-de-Picardie, France
Camping Le Clos Cacheleux;12 route de, Rue de Bouillancourt, 80132 Miannay, France
Piscine du Camping municipal;19 Chem. du Bez, 26410 Châtillon-en-Diois, France
CAMPING L HERMITAGE DES 4 SAISONS;37 Rte de la Forêt, 24310 Brantôme en Périgord, France
Camping Les Tournesols de Beaulieu;9 Chem. du Combeau, 03120 Saint-Prix, France
Camping du Batut;1051 route de Gos, 12480 Saint-Izaire, France
Camping des Baumes;Le Mas des Baumes, 12250, France
Camping Homair - Paris Est;110 Bd des Alliés, 94500 Champigny-sur-Marne, France
Camping Paris Beau Village;1 Voie des Prés, 91700 Villiers-sur-Orge, France
"camping 52 "" camping de la croisée""";52250 Flagey, France
Camping du Lac de Villegusien;8 Rue du Bocage, 52190 Villegusien-le-Lac, France
Camping Municipal;2 Rue de la Mouche, 52200 Humes-Jorquenay, France
Camping Kanopée Village Trévoux Ain;Rue Robert Baltie, 01600 Trévoux, France
Camping la Source;Rue de la Citadelle, 66730 Sournia, France
Camping le Maurynate;D117, 66460 Maury, France
Camping Les Rives du Lac;Chem. de las Serres, 66180 Villeneuve-de-la-Raho, France
Le Camping de Tautavel;9011 Rte d'Estagel, 66720 Tautavel, France
Camping et halte des pèlerins de Morlaas;Rue de la Bastide, 64160 Morlaàs, France
Camping Ushuaïa Villages du Sabot;813 Rte du Stade, 43200 Saint-Maurice-de-Lignon, France
Camping l’Estela;7 Le Moulin de Savin, 43150 Le Monastier-sur-Gazeille, France
Camping Les Murmures du Lignon;709 ROUTE DE, La Levée des Frères, 43190 Tence, France
Camping du pont de bourgogne Saint- Marcel;Camping du Pont de Bourgogne, 12 Rue Julien Leneveu, 71380 Saint-Marcel, France
Camping Moulin de la Noue;337 Rue de Fresnes, 60240 Senots, France
Camping Huttopia Lac d'Aiguebelette;231 Rte du Sougey, 73610 Saint-Alban-de-Montbel, France
Camping Ferrand - Onlycamp;La Thuillère, 73610 Lépin-le-Lac, France
Camping Les Peupliers - Onlycamp;3011 Route d'Aiguebelette-le-Lac, 73610 Lépin-le-Lac, France
Camping Le Hameau des Pêcheurs;801 Rte des Plages, 73470 Novalaise, France
Camping Le Mont Grêle;3319 Rte d'Aiguebelette, 73610 Lépin-le-Lac, France
Camping des Chavannes ***;52 Chem. des Chavannes, 73470 Novalaise, France
Camping de L'Arbaz - Lac D'Aiguebelette;1205 Rte des Plages, 73470 Novalaise, France
Camping Bellevue;Chem. de Lavy, 73610 Saint-Alban-de-Montbel, France
Camping Le Grand Verney;1063 Rte du Neyret, 73470 Novalaise, France
Camping Paradis Les Amarines;D23, 30630 Cornillon, France
Camping Le Nid Vert;35 Rue de Ballancourt, 91590 Mondeville, France
Les Rives du Lac du Laouzas Chalets Camping;13 Rte de Rieumontagné, 81320 Nages, France
Camping Les Deux Ballons;17 Rue du Stade, 88560 Saint-Maurice-sur-Moselle, France
Camping Municipal LE CLOS DE CHAUME;36 Rue de la Chaume, 88160 Le Thillot, France
Camping Municipal Benelux-Bâle;Rue de la Scierie, 68121 Urbès, France
Camping des Tilleuls;Chem. des Tilleuls, 57480 Sierck-les-Bains, France
Camping Municipal de Malling;19 Rue du Plan d'Eau, 57480 Malling, France
Camping Du Cheylard Sur Eyrieux;275 Vialon, 07160 Le Cheylard, France
Camping de Retourtour;1 Rue de Retourtour, 07270 Lamastre, France
Camping La Chazalet;Chazalet, 07160 Belsentes, France
Camping Clicochic - Eyrieux;La Fereyre Chemin de, 07360 Les Ollières-sur-Eyrieux, France
Camping Municipal La Virette;à 12 km de Grenoble, 38700 Le Sappey-en-Chartreuse, France
Camping Du Buisson;252 Chem. des Buissons, 38410 Saint-Martin-d'Uriage, France
Camping Parc de Montauban;Rue de Montauban, 60350 Hautefontaine, France
Camping De La Trye;32 Rue de Trye, 60510 Bresles, France
Camping du Château vert;221 Rue de Beauvais, 60250 Hondainville, France
CAMPING LE SAILLET;le saillet, 64800 Lestelle-Bétharram, France
Camping Les O Kiri;5 Av. du Lac, 64800 Baudreix, France
Camping les 3 Cantons;Lieu Dit Les 3 Cantons, 82140 Saint-Antonin-Noble-Val, France
Domaine La Peiriere Camping et Restaurant;route de paziols, 11350 Tuchan, France
Camping La Maison Seule;12 ROUTE DE MONTENDRE, La Maison Seule, 17500 Mortiers, France
Camping Domaine du Lac - camping 3 étoiles;Av. de Onda, 17130 Montendre, France
Camping Margot;Rue des Voituriers, 17520 Archiac, France
Camping Chez Gendron;Chez Jandron S, 33820 St. Palais de Blaye, France
SARL gîtes et camping des acacias;10 Rte de Bourdenne, 17240 Clion, France
Camping Au Chêne Vert;Au Chêne Vert, 6 Le Chêne Vert, 17150 Saint-Bonnet-sur-Gironde, France
Camping Les 3 Ours;28 Rue du Pont, 39380 Montbarrey, France
Camping de Villey-le-Sec;34 Rue de la Gare, 54840 Villey-le-Sec, France
"Accueil Camping ""La Tour Du Stock""";Étang du Stock, 57400 Langatte, France
Camping de la Falaise;1 Bd Belmont, 44420 La Turballe, France
Camping Homair - Les Chardons Bleus de la Turballe;Bd de la Grande Falaise, 44420 La Turballe, France
Flower Camping Les Paludiers;Rue Appert, 44740 Batz-sur-Mer, France
CAMPING DE L ETANG DU PAYS BLANC;47 Rue des Chênes, 44350 Guérande, France
Camping Paradis L'île de Kernodet;19 Rte de la Turballe, 44350 Saint-Molf, France
Camping Municipal de Soissons;Av. du Mail, 02200 Soissons, France
Camping du Lac de la Terrasse;Lac de La Terrasse, 1303 Rte du Lac, 38660 La Terrasse, France
Camping La Palatrière Serre Ponçon;201 route d'Orbanne, 05160 Le Sauze-du-Lac, France
Camping La Viste;273 Rte de Sainte-Catherine, 05190 Rousset-Serre-Ponçon, France
Camping Sites et Paysages De Penboch;9 Chem. de Penboch, 56610 Arradon, France
Flower Camping Le Kerarno;52 Rte des Plages, 56470 Saint-Philibert, France
Camping Le Cadran Solaire***;50 Rue de Benester, 56370 Le Tour-du-Parc, France
Camping Le Petit Bois;73 Rue de l'Étang, 56330 Camors, France
Camping l'Arada Parc - Tours en Indre-et-Loire;100 Rue de la Baratière, 37360 Sonzay, France
Camping Caravaning et Camping car BeauSoleil;371 Cr du Général de Gaulle, 33170 Gradignan, France
Camping nature Au-delà des nuages;Arquejols, 43340 Rauret, France
Flower Camping La Rochelambert | Camping Auvergne;3 Via Bolena, 43350 Saint-Paulien, France
Camping Municipal d'Audinet;240 All. du Camping d'Audinet, 43700 Brives-Charensac, France
Camping Rural Pastura;100 route du camping, 43200 Saint-Jeures, France
Camping L'Escale Occitane;"La Pujade, 2° 11' 14"" (E) 43° 15' 35"" (N, 11170 Alzonne, France"
Camping Homair - Saint-Louis;2160 Av. de la République, 06550 La Roquette-sur-Siagne, France
Camping Les Mimosas;421 Chem. de Cabrol, 06580 Pégomas, France
Les Bungalows du Golfe - Camping Les Pruniers;118 Rte de la Pinéa, 06210 Mandelieu-la-Napoule, France
Camping Les Cigales;505 Av. de la Mer, 06210 Mandelieu-la-Napoule, France
Camping Homair - Côté Mer;630 Bd du Bon Puits, 06210 Mandelieu-la-Napoule, France
Camping Huttopia Divonne Les Bains;2465, Chemin de la Vie de l'Étraz, 216 Le Fleutron, 01220 Divonne-les-Bains, France
Odesia Vacances - Camping le Grand Lac;Chem. du Langard, 39130 Clairvaux-les-Lacs, France
Camping Jura La PETITE MONTAGNE Lac de Vouglans;54 Av. de Saint-Claude, 39260 Moirans-en-Montagne, France
Camping 2* Résidence La Rivière;25 Rue du Stade, 85110 Sainte-Cécile, France
Camping Municipal;Rue Michel Servet, 21500 Montbard, France
Camping La Ferme du Lac;646 Route du Lac de Saint-André, 73800 Porte-de-Savoie, France
Camping L' Aventure;1165 Route du la, Rte de la Vall. des Huiles, 73110 Presle, France
Camping L'escale;133 rue de la gare, 73800 Sainte-Hélène-du-Lac, France
Camping Clair Matin;20 Rue de Pommiers, 38580 Allevard, France
Camping résidentiel L'Envie d'Ailleurs;94 Chem. de la Coharde, 38580 Le Haut-Bréda, France
Camping Le Haut Verdon;Camping Le Haut Verdon, 04370 Villars-Colmars, France
Camping de l'île Cherlieu;Rue de Châlons, 10700 Arcis-sur-Aube, France
Camping Les Sablons;130 Rte de Morsang, 91250 Saintry-sur-Seine, France
Camping municipal de Juillac;Le Grand Bayot, 19350 Juillac, France
Le Ranch Camping et Glamping;1 Rue des Chalets, 19470 Madranges, France
Camping du Lac - Onlycamp;28 route du viaduc, 19320 Marcillac-la-Croisille, France
Camping du Bois Coutal;141 Le Bois Coutal, 19410 Vigeois, France
Aire Naturelle camping Et Gite D'etape De La Bontat;53 Côte de la Bontat, 19130 Voutezac, France
Camping du Manoir de Penn Ar Ster;2 chemin de penn ar ster, 29940 La Forêt-Fouesnant, France
Camping Des Pins SARL;89 Rue des Écoles, 59254 Ghyvelde, France
Camping Corrèze Aux Portes des Mille Sources;16 Rue des Trois Ponts, 19170 Bugeat, France
VVF Camping Pays d'Eygurande;L'Abeille, 19340 Pays d'Eygurande, France
Camping de l’île - Onlycamp;Île de Cosne, 18300 Bannay, France
Camping & gîtes Champagne Manoir;2 Champagne, 58420 Champallement, France
Camping de Saulieu - Onlycamp;Rte de Paris, 21210 Saulieu, France
Camping Village;Camping de L Hermitage, 77130 La Tombe, France
Camping le Clos Auroy Flower Camping Auvergne;19 Rue de la Narse, 63670 Orcet, France
Camping Huttopia Royat;Quartier l'Oclède, Rte de Gravenoire, 63130 Royat, France
Camping du Clérigo;Le Marais, 56450 Theix-Noyalo, France
Camping Maisonneuve;Lieu dit Maisonneuve, 24250 Castelnaud-la-Chapelle, France
Camping Les Cabanes du Tertre;35 Voie du Tertre, 41700 Cour-Cheverny, France
Camping Hautoreille;6 Rue du Boutonnier, 52360 Bannes, France
Camping de la Naute;Etang de la Naute, 23190 Champagnat, France
Camping Le Domaine du Bois Coquet;505 chemin des vacances LIEU DIT LAULURIE, 24330 La Douze, France
Camping Huttopia Lanmary - Périgord;RD69, 24420 Antonne-et-Trigonant, France
Camping du Manoire - Camping Dordogne Périgord Noir;367 Rte André Delage, 24210 Fossemagne, France
Au bois de Calais - Camping correze;Rue René Cassin, 19800 Corrèze, France
Camping Le Pré du Moulin;Voie du Poc, 19150 Laguenne-sur-Avalouze, France
Camping du Lac de Viam;6 rue de la plage, 19170 Viam, France
Camping Pré des Pèlerins;Cors S, 19260 Veix, France
Camping SEASONOVA du Lac de Bournazel - Seilhac;Seilhac le Lac, 19700 Seilhac, France
Camping Le Petit Bois;22 route de St Privat, 19320 Saint-Merd-de-Lapleau, France
Camping Terre Ferme;386 Chem. des Baisses, 71480 Condal, France
Camping La Grange du Pin;330 Chem. de la Grange du Pin, 01370 Val-Revermont, France
Camping Huttopia Beaulieu sur Dordogne;Bd Rodolphe de Turenne, 19120 Beaulieu-sur-Dordogne, France
Camping les Pinasses;215 Rte de Bruyères, 88600 La Chapelle-devant-Bruyères, France
Camping Val Vert en Berry;La Vicairerie- Route de Briantes, Vavre, 36400 La Châtre, France
Camping Le Nice - Campotel de l'Orb;Rue du Temps libre, 34460 Roquebrun, France
Camping résidentiel la Pinède;Départementale 161, Route de Pomerols, 34120 Castelnau-de-Guers, France
Camping Les Berges du Canal;Prom. des Vernets, 34420 Villeneuve-lès-Béziers, France
Camping L'Oliveraie;1600 Chem. de Bédarieux, 34480 Laurens, France
Camping Vagues Océanes - Îles;42 rue des Frères Delaby, 50510 Hudimesnil, France
O2 Camping;Lieu dit, 50290 Longueville, France
Camping Les Gorges du Chambon - Ciela Village;861 rue de la tardoire, 16220 Eymouthiers, France
Camping Domaine de la Dombes;941 Chem. de Verfey, 01240 Saint-Paul-de-Varax, France
Camping Paradis Les Gorges du Haut Bugey;734 Rue du Lac, 01580 Matafelon-Granges, France
Camping D'hurongues;805 Chemin d'HuronguesPOMEYS, 69590 Pomeys, France
Camping de Montreal;Rue du Petit Moulin, 87380 Saint-Germain-les-Belles, France
Camping LES VOILES DE LAIVES;2 rue des lacs, 71240 Laives, France
Camping de Tournus;14 Rue des Canes, 71700 Tournus, France
Camping Le Moulin du Luech en Cévennes;29 Le Martinet, 30160 Peyremale, France
Camping Capfun - Le Fréjus;3 401 Rue des Combattants d'Afrique du N, 83600 Fréjus, France
Camping Site de Gorge Vent;654 Av. Général Norbert Riera, 83600 Fréjus, France
Camping Santa Lucia - Vacances André Trigano;650 Av. des Magnolias, 83700 Saint-Raphaël, France
Camping Les Ripettes;283 Rte des Ripettes, 01190 Chavannes-sur-Reyssouze, France
Camping de la Vallee de l’Aube;Soulon, 52160 Rouvres-sur-Aube, France
Camping Château De Bouafles;2 Rue de Mousseaux, 27700 Bouafles, France
Camping Normandie | Flower Camping les trois rois;Flower Camping de l'Ile des Trois Rois***, 01 Rue Gilles Nicolle, 27700 Les Andelys, France
Camping Eure | Les Iles Parc de Loisirs;1 les petites iles, Chem. du Roy, 27540 Ivry-la-Bataille, France
Camping Les Escales;240 Rte de la Haye Malherbe, 27400 Louviers, France
Camping LAS PLANES;117 Av. du Vallespir, 66740 Laroque-des-Albères, France
Camping Les Albères;route moulin de cassagnes, 24 Rte du Moulin Cassanyes, 66740 Laroque-des-Albères, France
Mar Estang - Camping Siblu;Voie des Flamants Roses, 66140 Canet-en-Roussillon, France
Camping Mas Llinas;Chem. du Mas Llinas, 66160 Le Boulou, France
Aloa Vacances - Camping Beauséjour;Av. du Tech, 66700 Argelès-sur-Mer, France
Camping Les Casteillets;Camping Les Casteillets, 5 Chem. de l'Ille, 66490 Saint-Jean-Pla-de-Corts, France
Camping Del Mar;Rte du Littoral, 66700 Argelès-sur-Mer, France
Nantes Camping;21 Bd du Petit Port, 44300 Nantes, France
Camping les Rives de Grand Lieu;1 Av. de Nantes, 44310 Saint-Philbert-de-Grand-Lieu, France
Camping Huttopia Senonches;25 Av. de Badouleau, 28250 Senonches, France
CAMPING DE LA COLLINE a SAINT PAUL TROIS CHATEAUX;31 Rue du Serre Blanc, 26130 Saint-Paul-Trois-Châteaux, France
Camping des Pêcheurs;9 Chem. de la Plage, 39130 Pont-de-Poitte, France
Camping*** La Bonne Aventure;Rte de la Cunaille, 41100 Thoré-la-Rochette, France
Camping Au Coeur de Vendôme;Site des Grands Prés, 25 Rue Geoffroy Martel, 41100 Vendôme, France
Camping Paradis Le Val de Trie en Baie de Somme;1 Rue des Sources Bouillancourt, 80870 Moyenneville, France
Camping Domaine Du Château De Drancourt;Hauts de France FR, 185 Rue du Château, 80230 Estrébœuf, France
Camping De La Peupleraie;Rue de la Chasse À Vaches, 80510 Long, France
Flower camping Saint Lambert;2050 Av. de l'Aigoual, 12100 Millau, France
Camping Huttopia Millau;455 Av. de l'Aigoual, 12100 Millau, France
Camping LARRIBAL;Av. de Millau Plage, 12100 Millau, France
Camping Saint Martin - Millau;Saint Martin de Pris, 12100 Creissels, France
Camping Millau Plage;Av. de Millau Plage, 12100 Millau, France
Eco-Camping du Larzac **;Le Cun, Rte de Saint-Martin du Larzac, 12100 Millau, France
Camping Beauséjour Le Mans;72100 Mulsanne, France
Camping Le Pont Romain - Onlycamp;1 Chemin de Réveillon, 72530 Yvré-l'Évêque, France
Camping Neuville - Camping Le Vieux Moulin;Rue Le Vieux Moulin Neuville-sur-Sarthe, 72190 Le Mans, France
Camping des Breuils;7 All. des Breuils, 55100 Verdun, France
Camping Les Étangs De Mandre;2 Rue du Moulin, 55400 Châtillon-sous-les-Côtes, France
Camping X'TREM VILLAGE;Lac de Pellessac, 47310 Lamontjoie, France
Camping municipal de l'Étang;Rue de l'Étang, 57230 Haspelschiedt, France
Camping Hanau Plage;3 Rue de l'Étang, 57230 Philippsbourg, France
Camping Ramstein Plage - Vosges;Rue du Ramstein, 57230 Baerenthal, France
Camping st vit;6 All. des Mirabelles, 57910 Neufgrange, France
Camping de l'Ill;1 Rue Pierre de Coubertin, 68100 Mulhouse, France
Camping Le Marqueval;1210 Rue de la Mer, 76550 Hautot-sur-Mer, France
Camping La Source;63 Rue des Tisserands chemin des pouquettes, 76550 Hautot-sur-Mer, France
Flower Camping Vitamin';865 Chem. des Vertus, 76550 Saint-Aubin-sur-Scie, France
Camping Le Mesnil - Gaia Vacances;1 Route de Sotteville sur Mer, 76740 Saint-Aubin-sur-Mer, France
Camping Le Clos Savoye;4 Chem. du Clos Savoye, 76630 Petit-Caux, France
Camping à la ferme - Mas d'Arbousse;Mas d'Arbousse, 12540 Fondamente, France
Camping La Mouline;La Mouline, 12540 Fondamente, France
CAMPING AU TOUR DE L'AVEYRON**;D809, 12230 L'Hospitalet-du-Larzac, France
Camping Albirondack Park;31 All. de la Piscine, 81000 Albi, France
Camping de Roquelongue;Roquelongue, 12300 Boisse-Penchot, France
Camping Navarre;9 Bd du Maréchal de Lattre de Tassigny, 52200 Langres, France
Camping;52200 Langres, France
Camping la Croix d'Arles;D974, 52200 Bourg, France
Camping L'Orée d'Alsace - Onlycamp;6 Rue des Sapins, 67310 Wasselonne, France
Camping-Caravaning du Château;21 Rue Nouvelle, 62360 Condette, France
Camping de la mer - Ste Cécile;Av. de Cambrai, 62176 Camiers, France
Camping Le Fontarache;2 Rue du Moulin, 04400 Les Thuiles, France
CAMPING MIRABEL DE L'ERMITAGE;Rue de l'Ermitage, 50350 Donville-les-Bains, France
Camping de la Vanlée;Rue des Gabions, 50290 Bréhal, France
Camping Côté Vercors - site officiel;100 b rue des Condamines, Les Bouveries, 26190 Saint-Nazaire-en-Royans, France
Camping La Porte Saint Martin;Le Village, 26420 Saint-Martin-en-Vercors, France
Association Touristique Camping;Etang du Stock, 57400 Langatte, France
Camping-Piscine du Plan Incliné;Annexe Hoffmuhl, D98, 57820 Henridorff, France
Camping Paradis Domaine de Gaujac - Anduze;2406 Chem. de la Madeleine, 30140 Boisset-et-Gaujac, France
Camping du Mas Cauvy;559 Chem. du Mas Cauvy, 30380 Saint-Christol-lez-Alès, France
Camping Le Graniers;1511 Route de st Hippolyte duFort Graniers, 30170 Monoblet, France
Camping des Deux Moulins;11 Rue du Camping, 35890 Bourg-des-Comptes, France
Rives Nature - Cottages & Camping La Gacilly;Le Clos Sérot, Route de la Gacilly, 35550 Sixt-sur-Aff, France
Camping Le Roc de Lavandre;1335 Rte de la Préhistoire, 24260 Saint-Félix-de-Reillac-et-Mortemart, France
Camping Naturiste Coteau de l'Herm;Ld La Coste, Rte de l'Herm 1323, 24580 Rouffignac-Saint-Cernin-de-Reilhac, France
Camping Alsace Les Castors;4 Rte de Guewenheim, 68520 Burnhaupt-le-Haut, France
Camping Huttopia Wattwiller;Route des Crêtes, 68700 Wattwiller, France
Camping le Florival;Rue de Soultz, 68500 Issenheim, France
Flower Camping Le Rompval;Blengues Lieu dit, 80350 Mers-les-Bains, France
Camping Municipal Parc du Château **;76260 Eu, France
Camping de la Falaise;5 Rue de la Falaise, 80350 Mers-les-Bains, France
Camping SEASONOVA Les Marguerites - Gamaches;Rue Antonin Gombert, 80220 Gamaches, France
Emplacement de Camping;20 Rue du Cougnot, 88300 Rebeuville, France
Camping Intercommunal de Neufchâteau ***;Place Pitet, 88300 Neufchâteau, France
Camping Capfun - Régnière;23 Chem. des Églantiers, 38280 Villette-d'Anthon, France
Camping Le Nid du Parc;164 Av. des Nations, 01330 Villars-les-Dombes, France
CAMPING LA VERTE COLLINE;11 Rue d'Heuchin, 62134 Teneur, France
camping le pré saint gilles;17 Rue Basse Boulogne, 62770 Blangy-sur-Ternoise, France
Camping Les Baumelles;1 Rte de la Madrague, 83270 Saint-Cyr-sur-Mer, France
Chill-Lot / Camping Insolite;663 Route de Calvignac, 46330 Cénevières, France
Camping Le Bois Fleuri;Montjouvin, Route de Brou, 28120 Illiers-Combray, France
Camping du Lac d'Arfeuille à Saint-Yrieix;4 allée du lac d'Arfeuille, 87500 Saint-Yrieix-la-Perche, France
Flower Camping L'Air du Lac;2 Imp. du Lac Plaisance, 87800 Saint-Hilaire-les-Places, France
Camping de la Grappe Fleurie;161 Rue de la Grappe Fleurie, 69820 Fleurie, France
Camping du Colombier;8 Rue des Charrots, 63410 Loubeyrat, France
camping bélair;place de la promenade, Chem. Lapastoure, 64290 Lasseube, France
Camping Pyrénées Nature;Chem. de la Gravette, 64400 Oloron-Sainte-Marie, France
Camping Barétous Pyrénées;6 Ripaude, 64570 Aramits, France
Camping les colombes;2 Rue des Colombes, 59265 Aubencheul-au-Bac, France
"Camping ""La Forestière"" ACTIF Hainaut Loisirs";Chem. des Gardes la Forestière, 59288 Preux-au-Bois, France
Camping des lacs;188 route des lacs, 73170 Saint-Jean-de-Chevelu, France
CAMPING Municipal DE LA MORINIERE*;44710 Rue de la Morinière, 44710 Port-Saint-Père, France
Aloa Vacances - Camping La Riviera;Rue des Gâtineaux, 44730 Saint-Michel-Chef-Chef, France
Camping Insolite le Haut Village;4 Rue de l'Étang, 44730 Saint-Michel-Chef-Chef, France
Camping La Pindiere;102 La Denais, 44810 Héric, France
Camping du Moulin;16 Rue du Moulin, 02820 Aizelles, France
Camping du Tuillié;Le Tuillie, 31460 Cambiac, France
Camping La Vidaresse;1024 Rd 15, 83136 Sainte-Anastasie-sur-Issole, France
Camping du Château;69 Rue Prte du Château, 38160 Beauvoir-en-Royans, France
Camping Le Clos des Berges;925 Rte de Port Neuf, 33240 Saint-André-de-Cubzac, France
Camping Paradis Domaine Oyat;7 Rue du Centre, 85800 Le Fenouiller, France
Camping Le Domaine des Pins;151 Av. de la Faye, 85270 Saint-Hilaire-de-Riez, France
Camping Lac du Marandan - Onlycamp;657 Les Marandans, 38160 Saint-Romans, France
Flower Camping Le Port de la Chaîne;Lieu Dit, 22610 Pleubian, France
Camping domaine du colombier Begard;71 Rue de Gwenezhan, 22140 Bégard, France
Camping de la Ferme des Hauts Frênes;6 Rue de la Voie Puiseaux, 10130 Eaux-Puiseaux, France
Gîtes et camping La Pomarede;La Pomarède, 66230 Serralongue, France
Camping Saint Martin;Rte de Maureillas, 66400 Céret, France
Camping Le Rotja;6 Chemin de la Mouillère, 66820 Fuilla, France
Camping les 2 Étangs;Camping les 2 étangs, Lieu-dit, 41160 Fréteval, France
Camping Car Park Vatan;31 Rue du Grand Gué, 36150 La Chapelle-Saint-Laurian, France
Camping** de Graçay;4 Chem. de Trompé Souris, 18310 Graçay, France
Camping des Landes d'Armagnac;1529 Rte de Roquefort, 40240 Saint-Justin, France
Camping Homair - Le Parc des Allais;Les Allais, 37220 Trogues, France
Camping l'Orée du Bois by Noricamp;2 All. des Sports et Loisirs, 64370 Arthez-de-Béarn, France
Camping de l'Armançon;RN, 77 Av. du 19 Mars 1962, 89600 Saint-Florentin, France
Ushuaïa Villages - Camping Les 4 Saisons;495 Route de Roche, 26400 Grane, France
Camping la Quintaine et OT Destination Brenne;La Quintaine, 36370 Bélâbre, France
"Camping ""l'Ile d'avant""";60 Av. Pierre Mendès-France, 36300 Le Blanc, France
Camping du Chateau;52140 Val-de-Meuse, France
Camping du Figaret;Rte de Lasalle, 30170 Saint-Hippolyte-du-Fort, France
Camping La Devèze;Mas La Devèze, chemin de la Devèze, 34190 Montoulieu, France
camping à la ferme du nouveau mas;1757 Rte du Causse, 30120 Montdardier, France
Camping Le Val de L'Arre;Roudoulouse, Rte du Pont de la Croix, 30120 Le Vigan, France
Camping La Fressange;140 La Fressange, 43140 Saint-Didier-en-Velay, France
Camping Les Terrasses Du Jaur;5 Rue du bout du pont, 34390 Prémian, France
CAMPING DU CAROUX;34390 Mons, France
Camping Gouville Belle étoile;50 Rue du Beau Rivage, 50560 Gouville-sur-Mer, France
Camping Les Vignettes;27 Rue Gérard Gaunelle, 50200 Coutances, France
Camping Les Gravelets;3 Rue du Rey, 50590 Montmartin-sur-Mer, France
Camping Le Grand Large;92 Rue du soleil couchant, 50560 Gouville-sur-Mer, France
Camping Night&Day Les Peupliers;Rue des Peupliers, 50660 Tourneville-sur-Mer, France
Camping Municipal de Jonzac;Rue du lycée, Place St Exupéry, 17500 Jonzac, France
Camping la Haie Penée;6 Rue de la Haie Pennée, 80120 Saint-Quentin-en-Tourmont, France
Camping Pyrénées Passion;29 Rue de la Naou, 64400 Aren, France
Camping Uhaitza Le Saison;867 route d'Argouague, Libarrenx O, 64130 Mauléon-Licharre, France
Camping du Moulin de Barescou;D294, 64490 Escot, France
Camping du Gave;Chemin du camping, 64390 Sauveterre-de-Béarn, France
Camping au bord de l'Aisne;14 bis Rue des Godins, 02190 Villeneuve-sur-Aisne, France
Camping Sisteron le Jas du Moine;Le Jas Du Moine, 43 route du village, 04290 Salignac, France
Camping Les Prés Hauts Sites & Paysages;44 Chem. des Prés Hauts, 04200 Sisteron, France
Camping Les Galets De La Molliere;Rue Faidherbe la Mollière, 80410 Cayeux-sur-Mer, France
Camping Paradis Les Roses;7 Rue des Floralies, 80120 Quend, France
Yelloh village Camping Le Bout du Monde;Rodes Lieu-dit, 11400 Verdun-en-Lauragais, France
Camping Municipal L'Ilon;Rue de Limage, 36800 Saint-Gaultier, France
Camping Les Chambons;37 Rue des Chambons, 36200 Argenton-sur-Creuse, France
Camping Eure et loir | Les Ilots de Saint Val;3 Le Haut Bourray, 28130 Villiers-le-Morhier, France
Camping du Plan d'eau 31310;2 Impasse du Plan d'eau, 31310 Rieux-Volvestre, France
Camping l'Estélas;05 rue principale, 09160 Mauvezin-de-Prat, France
Camping Pré Fixe Occitanie;175 rue de l'abbé Duthil, 31420 Cassagnabère-Tournas, France
camping Maeva Club Les riviéres;Chem. de la Sablière, 34800 Canet, France
Camping L'Imprévu;62 Chem. des Molières, 38410 Vaulnaveys-le-Bas, France
Camping Les Ombrages;Rue de Pont du Château, 63111 Mur-sur-Allier, France
Camping Le Pré des Laveuses;Rue des Laveuses, 63800 Cournon-d'Auvergne, France
Camping Clermont Ferrand;pres, Rue des Laveuses, 63800 Cournon-d'Auvergne, France
Camping Les Sablons;Rte de Vichy, 63430 Pont-du-Château, France
Camping de la Doller;Rue du Commandant Charpy, 68116 Guewenheim, France
Camping de Masevaux;14 Rue du Stade, 68290 Masevaux, France
Camping Le Plan D'eau Saint-Charles;791 Rte des Lacs, 81220 Damiatte, France
Camping Les Portes de Sancerre;Quai de Loire, 18300 Saint-Satur, France
Camping et Gîte La Clé des Champs;Le Champ de la Cure, 85400 Luçon, France
Camping Paradis Le Grand'R;132 Rte de la Tranche sur Mer, 85460 L'Aiguillon-la-Presqu'île, France
Aloa Vacances - Camping Les Flots Bleus;Av. des Chardons, 85460 L'Aiguillon-la-Presqu'île, France
Camping Au Vent Des Marais;Le Poiré, Rte d'Angles, 85560 Longeville-sur-Mer, France
Camping Huttopia Calvados-Normandie;332 Chemin du Val Séry, 14590 Moyaux, France
Camping Mare de Roy;14 Chem. de Sassenay, 71590 Gergy, France
Camping des Gayeulles - Rennes;Rue du Professeur Maurice Audin, 35700 Rennes, France
Camping Arotxa Karrita - Vacances André Trigano;639 Chem. d'Olhasso, 64310 Saint-Pée-sur-Nivelle, France
Camping 3 étoiles Ibarron - Pays Basque;quartier ibarron-lizardia, 1321 rd 918, 64310 Saint-Pée-sur-Nivelle, France
Camping Eden Villages Bela Basque;Quartier Brindos, 2 Allée Etchecopar, 2 All. Etchecopar, 64600 Anglet, France
Camping *** Etche Zahar;175 All. de Mesples, 64240 Urt, France
Camping Le Plein Air Neuvicois;D39, 24190 Neuvic, France
Camping Paradis Nature;18380 La Forge, 18380 Ivoy-le-Pré, France
Camping Le Devancon;451 Chem. de Pourrachon, 13790 Peynier, France
Camping le Cézanne Montagne Sainte-Victoire;Chem. Philippe Noclercq, 13114 Puyloubier, France
Camping Ferme et Sources de la Hooghe Moote;188 Rte d'Uxem, 59254 Ghyvelde, France
Camping Val Roma Park;66480 Maureillas-las-Illas, France
Camping de la Vallée;Clots des Oulieux, 66490 Saint-Jean-Pla-de-Corts, France
Camping les Bruyeres;Route de Céret, 66480 Maureillas-las-Illas, France
Camping La Patte d'Oie;La Patte d'Oie, 1271 Route de Couterne, 53110 Saint-Julien-du-Terroux, France
Camping Le Clos Normand;60 La Frogerie Route de, 61410 Rives d'Andaine, France
Camping de la Ferme - Aire du Champ Miguet;1634 Rte de Bouzey, 88390 Renauvoid, France
Camping Homair - Les Catalpas de Royan;45 Chem. d'Enlias, 17110 Saint-Georges-de-Didonne, France
Camping Moulin De La Geneste;Le Moulin de la Geneste, 19140 Condat-sur-Ganaveix, France
Camping Montard;2 Rte du Ruisseau des Forges, 19510 Lamongerie, France
Aimee Porcher Camping Naturiste;701 Route du Camping, 19140 Eyburie, France
Camping Les Cognets;3 Rte des Cognets, 50530 Dragey-Ronthon, France
Camping Libarrey;100 Rte de Libarey, 40300 Orthevielle, France
CAMPING L'ETANG DE LAUBANERE;790 Rte de Laubanere, 40380 Louer, France
Camping Les Douces Nuits;Les Douces Nuits, 380 Chem. des Mêmes, 32140 Bellegarde, France
Camping et ferme de la Maison Neuve;102 La Maison Neuve, 85600 Montaigu-Vendée, France
Flower Camping du Lac de la Chausselière;Rue des Herbiers, 85600 Montaigu-Vendée, France
Camping Domaine de l'Oiselière;L'Oiselière, 85140 Chauché, France
Camping Paris MBS Les Chesnets;441 Rte de Chapet, 78480 Verneuil-sur-Seine, France
Glamping Sainte-Suzanne - Camping en Mayenne;Rue de la Croix Couverte, 760 rue de Saulges, 53270 Sainte-Suzanne-et-Chammes, France
Camping La Dune des Sables - Chadotel;Chem. de la BernardièreVoie communale, 85100 Les Sables-d'Olonne, France
Aloa Vacances - Camping Le Nid d'Eté;6 Rue de la Vigne Verte, 85340 Les Sables-d'Olonne, France
Camping La Mignardière;22 Av. des Aubépines, 37510 Ballan-Miré, France
Camping des Joyeux Campeurs Pont sur Seine;Fbg Saint-Nicolas, 10400 Pont-sur-Seine, France
Camping à la Ferme de Rivet;Le Rivet, 81170 Tonnac, France
Camping L'ARIZE ouvert du 22 avril au 20 septembre;Parc naturel régional des Pyrénées Ariégeoises, Nescus, 09240 La Bastide-de-Sérou, France
Camping du Lac VAP!;camping du lac, 09000 Foix, France
Camping Le Canteraines;Le Château, 09700 Le Vernet d Ariège, France
Camping La Mariennee;551 Rte du Chesnay, 50380 Saint-Pair-sur-Mer, France
Camping l'Oasis des Dombes;Rte de Saint-Jean de Thurigneux, 01330 Ambérieux-en-Dombes, France
Camping Municipal des Viennes;Rue des Viennes, 28400 Nogent-le-Rotrou, France
camping le fossat;Lailleres, 09130 Le Fossat, France
Camping Les Eychecadous;camping les Eychecadous, 2 Chem. du Camping, 09130 Artigat, France
Camping Mirabel Les Prairies de la Mer - Calvados;4 All. des Prairies de la Mer, 14150 Ouistreham, France
Camping Au Gré Du Vent;32120 Taybosc, France
CAMPING ISLE DE LA SERRE;Chemin de l, 631 Isle de la Serre, 38390 Porcieu-Amblagnieu, France
Camping du Châtelet;658 Chem. des Hutins Vieux, 74140 Sciez, France
Camping le Nant des Mules;Chem. des Mules, 74140 Massongy, France
Camping de la Moselle/Quinot Loisirs;7 Av. Eugène Lerebourg, 54460 Liverdun, France
Camping & Village Vacances Bagheera;Bagheera, 20230 Bravone, France
Camping La Teyre;55 Allée du Camping, 07310 Saint-Martin-de-Valamas, France
Camping du Lac de Devesset;S.I.G.L.D Lac de, 07320 Devesset, France
Camping Municipal du Lac;Le Lac, 07310 Saint-Martial, France
Camping Le Camp des Roses;60 Rue Basse, 59249 Aubers, France
Camping du Bois de Beaumard;1 Rue de l'Île de Beaumard, 44160 Pontchâteau, France
Airotel Camping la Roseraie;20 Av. Jean Sohier, 44500 La Baule-Escoublac, France
Camping la Montagne;944 Chem. de la Montagne, 84700 Sorgues, France
Camping Homair - Domaine des Iscles;route Du Plan D’Eau, 13640 La Roque-d'Anthéron, France
Camping de l'Arconce;Rte de Viry, 71120 Charolles, France
Camping du Château de Montrouant;71800 Gibles, France
Camping Clicochic - Orée d'Azur;18 Rte de Cannes, 06650 Opio, France
Camping Notre Dame;Quartier Notre Dame, 83840 La Roque-Esclapon, France
Camping les Deux Rives - Onlycamp;32 Rue du Moulin du Duc, 22300 Lannion, France
Camping Armor Loisirs;38 Rue de Kernévez, 22560 Trébeurden, France
Le Village Perrosien | Camping PERROS GUIREC;26 Rue de Toul al Lan, 22700 Perros-Guirec, France
Camping Municipal de Landrellec;2 Karrhent, 22560 Pleumeur-Bodou, France
Camping village de l'Armorique;18 Rue de Milin Avel, 22310 Plestin-les-Grèves, France
Camping La Belle Étoile - La Rochette;Camping La Belle Etoile, 1 Quai de Seine, 77000 La Rochette, France
Camping Lous Seurrots 5 étoiles Yelloh! Village;606 Av. de l'Océan, 40170 Saint-Julien-en-Born, France
Camping Le Pont D'Allagnon;Rue René Filiol, 43410 Lempdes-sur-Allagnon, France
Camping du Molinel;29 Rte de Ponches, 62140 Tortefontaine, France
Camping l'Orée Des Cévennes;1 Chem. de L’Auzonnet, 30960 Saint-Jean-de-Valériscle, France
Camping La Résidence du Lac;3 Chem. de la Source, 85190 Maché, France
Camping de la Petite Boulogne;12 Rue du Stade, 85670 Saint-Étienne-du-Bois, France
Camping Le Mouretou;363 route du Mouretou, 30570 Val-d'Aigoual, France
Camping Beau Rivage;22 Chem. du Bosquet, 30350 Cardet, France
Camping Lot | Camping du Port;160 La Souleille, 46600 Creysse, France
Camping Les Falaises | Camping Lot;231 route des falaises, 46600 Martel, France
Camping de La Mer - Onlycamp;Cr des Champs Elysées, 62780 Cucq, France
Camping Homair - La Dune Blanche;Rte d'Etaples, 62176 Camiers, France
Camping-Club Les Jardins De La Mer;Rue Camille Delacroix, 62155 Merlimont, France
Christelijke Camping La Bonne Source;Limousin, Frankrijk, Le Moulin de Gany, 19210, France
Camping du Domaine d'Anglas;D108, 34190 Brissac, France
Camping Le Cardinal de Richelieu;6 Av. de Schaafheim, 37120 Richelieu, France
Camping le Roc;Rte de Brem Sur Mer, 85150 Vairé, France
Camping Homair - Château la Forêt;3 Rue de la Forêt, 85150 Saint-Julien-des-Landes, France
Camping Paradis la Bretonnière;La Bretonnière, 85150 Saint-Julien-des-Landes, France
Camping Village de la Guyonnière;1 La Guyonnière, 85150 Saint-Julien-des-Landes, France
Castel Camping La Garangeoire;La Garangeoire, 85150 Saint-Julien-des-Landes, France
Camping Villages Collection le Lac du Jaunay;La Servantière, 85220 Landevieille, France
Camping Maeva Escapades Sun Océan;538 Av. des Sables, 85440 Talmont-Saint-Hilaire, France
Camping Clicochic - Brandais;Rue du Sablais, 85470 Brem-sur-Mer, France
Flower Camping Le Pavillon;175 Av. Georges Clemenceau, 85150 Les Achards, France
Camping l'Île aux Oiseaux;36 Rue du Pré Neuf, 85340 L'Île-d'Olonne, France
Camping Méditerranée;11 Av. des Vacances, 34110 Frontignan, France
Camping Bar Horizon;12 Av. des Vacances, 34110 Frontignan, France
IGESA Camping Frontignan Plage;68 Av. d'Ingril, 34110 Frontignan Plage, France
Camping le Mas De La Lagune;10 Av. des Vacances, 34110 Frontignan, France
Le Camping Des Vignes;1 Chem. des Vignes, 34540 Balaruc-les-Bains, France
Camping Aigue Marine;162 Av. Ferdinand de Lesseps, 34110 Frontignan, France
Camping New Day;27 Rte de Montpellier, 34110 Vic-la-Gardiole, France
Camping Antton;1861 Rte de Sare, 64310 Saint-Pée-sur-Nivelle, France
Camping Huttopia Forêt de Janas;1820 Rte de Janas, 83500 La Seyne-sur-Mer, France
IGESA Camping Pin de Galle Le Pradet;le pin de galle, 295 Rue Général Weygand, 83220 Le Pradet, France
Camping Mer et Montagne;373 Rue de Mirondin, 83140 Six-Fours-les-Plages, France
Camping la lezardiere;Av. de la 1ère Division Française libre, 83160 La Valette-du-Var, France
Camping l'Hermitage;296 Av. Raimu, 83220 Le Pradet, France
Camping Le Rayolet - Vacances André Trigano;147 Chem. du Plan de la Mer, 83140 Six-Fours-les-Plages, France
Camping Mauvallon 2;Le, 148 Chem. de la Gavaresse, 83220 Le Pradet, France
Camping Ar Roc'h;367 Kersauzon, 29250 Sibiril, France
camping l'Albanou 100 % Résidentiel;280 CHEMIN DE PAMPELONNE, 280 Chem. des Oliviers, 07000 Saint-Julien-en-Saint-Alban, France
Camping Coeur d'Ardèche;St. Vincent de Durfort, D2 entre Privas et Les Ollières, 07360 Saint-Vincent-de-Durfort, France
Camping Homair - Les Lacs du Verdon;Chem. Carraire de l'Eouvière, 83630 Régusse, France
Camping Huttopia Lac de Sillé;512 route forestière des Molières, 72140 Sillé-le-Guillaume, France
Camping Les Chênes;40 Rte de Loches, 36600 Valençay, France
Camping Les Rives du Lac;331 Chem. des Communaux, 74320 Sevrier, France
Camping La Dune;Chem. de la Kabylie, 34450 Vias, France
Camping Yelloh Village Parc du Val de Loire;Rte de Fleuray, 41150 Mesland, France
Camping Domaine de la Faurie - Lot;Domaine de la Faurie, 46240 Séniergues, France
Camping La Baie Des Veys;28 Le Grand Vey, 50480 Sainte-Marie-du-Mont, France
Camping Dordogne Les Deux Vallées;168 Imp. du Temps Libre, 24220 Vézac, France
SARL QUEYRAS CARAVANEIGE CAMPING BAR RESTAURANT;camping caravaneige face télésiège pied des pistes, 4 Av. du Viso, 05460 Abriès-Ristolas, France
Camping du Plan d'Eau;Langlade, 43270 Céaux-d'Allègre, France
Camping Les Ombrelles;Av. J Vallès, 43800 Lavoûte-sur-Loire, France
Camping à la ferme Les Baies Sauvages;43230 Saint-Georges-d'Aurac, France
Flower Camping La Bexanelle | Camping Ariège;La Bexanelle Vicdessos, 09220 Val-de-Sos, France
Camping les Aliziers;Earl de Rouquette l 'orée des bois A rouquette (la ferme, 32310 Valence-sur-Baïse, France
Camping L’Argenté - Onlycamp;Chem. de l'Argenté, 32100 Condom, France
Camping La Roseraie - Onlycamp;All. Léo Lagrange, 37160 Descartes, France
Domaine du Héron - Camping & Gîtes;2 Chemin du Héron, 59470 Esquelbecq, France
Camping le Goh Velin;89 Rue de Guernevé, 56730 Saint-Gildas-de-Rhuys, France
Camping La Ferme de Lann Hoëdic;Rue Jean de la Fontaine Lann Hoedic, 56370 Sarzeau, France
Camping GCU - Sarzeau;7 Rue Pont Neui, 56370 Sarzeau, France
Camping ariège Parc de Palétès;All. des Orchidées, 09200 Saint-Girons, France
Camping-Gîtes Au Songe du Valier;Chem. des Escarreres, 09140 Seix, France
Flower Camping Les Nauves;Lieu Dit Le Bos Rouge, 24170 Pays de Belvès, France
Camping des Bords de la Garonne;2 Chem. du Camping, 65370 Loures-Barousse, France
Camping Les Courvelles;Rue H. Jevain Rue Henri Jevain, 21260 Selongey, France
camping Quercy Vacances;740 chemin du Mas de Lacombe Saint Pierre Lafeuille, 46090 Cahors, France
Camping de mon village;46090 Lamagdelaine, France
Camping Les Graves;1459 Saint-Pierre, 46090 Saint-Pierre-Lafeuille, France
Camping Lot | La Cheneraie;422 Le Cuzoul haut, 46090 St Géry-Vers, France
Camping Les Reflets du Quercy - Lot;809 Mas de Bastide route du, 46150 Crayssac, France
Camping Ilisa;19 Av. du Roussillon, 66800 Saillagouse, France
Camping les jardins d'estavar;Camping les jardins d'Estavar, 9 carrer dels vinyals, 66800 Estavar, France
"Camping et PRL ""El Pailles""";Chem. de la Forêt, 66340 Osséja, France
Camping de la gare;41 Rte d'Espagne, 66760 Ur, France
Camping Le Clos Bouyssac;1900 Rte de la Source Bleue, 46700 Mauroux, France
Camping du Petit Gué du Roi;Ferme du Petit Gué du Roi au Domaine du Gué du Roi Lieu-dit le Gué du Roi, 45370 Cléry-Saint-André, France
"Camping-Base de Loisirs ""La Forêt"" Tarn";Place de la Carrierasse, 81330 Saint-Pierre-de-Trivisy, France
Camping les Chemins du Mont-Saint-Michel;7 Rue Maréchal Leclerc, 50220 Pontaubault, France
Camping Les Jardins de l'Adour - Grand Dax;848 Rue du Pouy, 40990 Saint-Vincent-de-Paul, France
Camping La Ferme de Clareau;445 Chemin de Clareau, 26470 La Motte-Chalancon, France
Camping Le Pilat;Route de Bourdeaux, 26110 Saint-Ferréol-Trente-Pas, France
Camping ``Arc en Ciel``;50 Avenue Henri Malacrida, Pont des 3 Sautets, 13100 Aix-en-Provence, France
Camping Vallée du Thoré;8 rue d Esclayrac, 81240 Saint-Amans-Soult, France
Camping Lestap;le Suc, Chemin du Lac, 81240 Albine, France
Camping Le Plô;23 Rue du Plô du Catussou, 81260 Le Bez, France
Camping Les Tomasses | Camping Var;Chemin du Maoupas, D554, 83210 Belgentier, France
Logement calme camping 4 étoiles;83400 Hyères, France
Camping la bastide VAP;Chem. de la Plage, 09270 Mazères, France
Camping La Rivière d'Argent;La Coudraie, 29690 Huelgoat, France
VVF Camping de Pontivy - Le Kerostin;Rue Édith Piaf, 56300 Pontivy, France
Camping Le Clos du Blavet;810 La Couarde, 56310 Pluméliau-Bieuzy, France
Camping Les Hortensias;38 Rue des Tulipes, 29750 Loctudy, France
Camping de Keralouet Lesconil;11 Rue Eric Tabarly, 29740 Plobannalec-Lesconil, France
Camping Le Léhan;8 Kerloch, 29730 Treffiagat, France
Flower Camping Cap Finistère;20 Rue de Gouesnach Névez, 29760 Penmarch, France
Camping Le Bonheur Coté Pré;5 Lestréguéoc, 29720 Plonéour-Lanvern, France
Camping Paradis Domaine de Bel Air;5 Keridreuff Ty Varlen, 29710 Landudec, France
Camping La Corniche;Chem. de la Corniche, 29710 Plozévet, France
Camping Résidentiel du Bois Soleil;Rte de Kergus, 29120 Pont-l'Abbé, France
Camping de Lanven;2 Lanvenn, 29120 Plomeur, France
Camping insolite Kotaventure;1 chemin de surosne, La Fouillerie, 14690 Le Mesnil-Villement, France
Camping les Abrias du perche;sur Eure, 1 Rte de la Lande, 28340 La Ferté-Vidame, France
Camping Le Haras et Restaurant;1 ter Avenue Joliot Curie Domaine, 66690 Palau-del-Vidre, France
Camping Les Rioms;1, Les Rions, 37350 Barrou, France
Camping Les Chênes Blancs | Pausado;Chemin des Lombards, Route de Gargas, 84490 Saint-Saturnin-lès-Apt, France
Camping L'Hermitage de Chevigny;Impasse presqu'ile de, 58230 Moux-en-Morvan, France
Camping de Gueramé;65 Rue de Guerame, 61000 Alençon, France
Camping de la Forêt - Écouves;8 Rte des Gateys, 61250 Écouves, France
Camping Le Rochât;17 Rue du Rochat, 36000 Châteauroux, France
Camping Municipal;Surnette, 43520 Mazet-Saint-Voy, France
Camping Aude | Domaine de La Palme;79 Chem. du Stade, 11480 La Palme, France
Camping Via Romana;481 Via Romana, 20243 Prunelli-di-Fiumorbo, France
Camping Domaine de Lallé;4 Lalle, 19320 Champagnac-la-Noaille, France
Camping Paradis Le Coiroux;1 Rte du Parc du Coiroux, 19190 Aubazine, France
Domaine Le Chazal - Camping nature & Gîtes;501 Rte du Chazal, 19560 Saint-Hilaire-Peyroux, France
Camping La Ferme;Unnamed Road, 26120 Chabeuil, France
Camping Drôme Les Clorinthes;Quai Soubeyran, 26400 Crest, France
Camping à la Ferme - La Détente;La Gannerais, 44520 La Meilleraye-de-Bretagne, France
Camping de l'Île Mouchet;Imp. de l'Île Mouchet, 44150 Ancenis, France
Camping Les Grenettes - Onlycamp;Les Grenettes, 49270 Orée d'Anjou, France
Camping L'Ardecho entre Privas et Montelimar;575 RTE DE LA PLAINE, 07210 Saint-Lager-Bressac, France
Camping le Clos des Genêts;21 Rue des Pommiers Routhiauville direction Fort-Mahon, 80120 Quend, France
Les Chalets du Périgord - Camping à Sarlat;150 All. de la Chênaie, 24200 Sarlat-la-Canéda, France
Site Officiel CAMPING AU BON ENDROIT;Rue du Gué Léger, 71600 Paray-le-Monial, France
Camping de la Tour;340 Route de la Tour, 71110 Montceaux-l'Étoile, France
Camping ROLIN;Combe et Replat, 69550 Meaux-la-Montagne, France
Camping Vigna Maggiore;T40 / D157, 20113 Olmeto, France
Camping Les Falaises de Toussaint;2 bis Rue de Rouen, 76400 Toussaint, France
Camping de la Vègre;Rue du Camping, 72240 Tennie, France
Camping & Gîtes du Canal de Blain;Rue Henri II de Rohan, 44130 Blain, France
Les Pensions de la Baraque Camping Tourisme **;7 La Gannelais Notre Dame de Grâce, 44530 Guenrouet, France
Camping Cap Sud;Av. de la Mer, 66200 Alénya, France
Camping Le Bosc;230 Chemin d'Al Roure, 66750 Saint-Cyprien, France
Camping 4 étoiles Brest - Camping Saint-Jean;1910 Route de la Chapelle St Jean, 29470 Plougastel-Daoulas, France
Camping Municipal de Cos;Camping Municipal de Cos Le Rieutord, 09000 Cos, France
Camping du Château de Lordat;Berbescou, 09250 Lordat, France
Camping Le Bourdieu;396 Chemin du Bourdieu, 09130 Durfort, France
Camping Pierre Cochenet;55120 Futeau, France
Camping Le Moulin;3 Chem. du Camping, 39130 Patornay, France
Camping Les 4 Saisons;Rte d'Aulus, 09140 Oust, France
"CAMPING ""La Côte d'Oust""";"CAMPING ""La Côte d, 09140 Oust, France"
Camping municipal Le Pouech;Le Pouech, 09320 Massat, France
Camping Le Bois des Hoches;Les Auches, 04340 Le Lauzet-Ubaye, France
Camping des Bastides;933 route de Fumel, 47150 Salles, France
Camping Fontaine Du Roc .;945 Rte d'Estrade, 47210 Dévillac, France
"Camping du Lac ""La géraumière""";255 Route de, La Geraumière, 61700, France
Camping De La Route Fleurie;98 Rue Principale, 62770 Saint-Georges, France
Camping SAINTE-VICTOIRE;Quartier Le Paradou 613 Avenue Jullien Gautier Arrondissement AIX-EN-PROVENCE, 13100 Beaurecueil, France
Castel Camping La Bien Assise;Av. de la Libération, 62340 Guînes, France
Camping Le Courtil Rose;226 Rue du Watergang, 62610 Brêmes, France
camping salle de reception LA SOURCE;1440 Rue du Camp du Drap d'Or, 62610 Balinghem, France
Aloa Vacances - Camping Ker Yaoulet;7 CHEMIN DES MOUETTES TREHERVE PLAGE, 56190 Ambon, France
Camping Les Rives de Vilaine à FEREL;8 Kercado, 56130 Férel, France
Camping Le Rebau;12 bis Rue du Rebau, 34290 Montblanc, France
Camping Homair - Les Rives du Luberon;Chem. de la Grande Bastide, 84460 Cheval-Blanc, France
Camping municipal de la réole;Lieu-dit, 33190 La Réole, France
Camping Beau Rivage - Ciela Village - Mèze;D613, 34140 Mèze, France
Camping de l'Epy;1321 Rue Auguste Biblocq, 62155 Merlimont, France
Camping La Semnadisse;18, 23140 Parsac, France
Camping des Étangs;Rte d'Oizon, 18700 Aubigny-sur-Nère, France
Camping de l'Étang de Sault;8 Rte du Plan d'Eau, 03410 Prémilhat, France
Camping Le Drennec;croas penn ar n'each, 29450 Commana, France
Camping de La Mer - Accès plage;11 Ty Anquer, 29550 Ploéven, France
Camping de la Plage de Treguer;Plage de Sainte-Anne la Palud Treguer Vihan, 29550 Plonévez-Porzay, France
Camping Des Bruyeres;Le Cloître-Saint-Thégonnec, 29410 Morlaix, France
Camping les Chelles;2 Lieu-dit, Les Chelles, 63880 Olliergues, France
Camping l'Océan Breton;Rte de Kerlut, 29740 Plobannalec-Lesconil, France
Camping La Chesnaie;La Chesnaie, 53170 Saint-Denis-du-Maine, France
Camping Homair - Le Helles;55 Rue du Petit Bourg, 29120 Combrit, France
Camping Ménez Lanveur;Ménez Lanveur, 29120 Combrit, France
Camping du Poulquer;23 Rue du Poulquer, 29950 Bénodet, France
Camping Bénodet - La Mer Blanche;74 Rte de Fouesnant, 29950 Bénodet, France
Camping Kervella;11 lieu-dit Poullebred, 29550 Plomodiern, France
"Camping de kerlaudy ""La Pause Atypi'k""";181 Pont de la Corde, 29420 Plouénan, France
Camping Homair - La Baie de Kernic;Rue Pen an Theven, 29430 Plouescat, France
Camping Domaine de Mesqueau;870 route de Mesqueau, 29630 Plougasnou, France
camping et Gîte de la ferme des 4 roues;38 Rue Saint-Gall, 57260 Val-de-Bride, France
Camping de la Sarre;8 Rue du Moulin, 57560 Abreschviller, France
Camping de Rhodes **;Rue de l'Étang, 57810 Rhodes, France
CAMPING DE LANGATTE;1 Av. des Cyclamens, 57400 Langatte, France
Camping du Vougot;1037 Rte de Prat Lédan, 29880 Plouguerneau, France
Camping de la Tête Noire;Allée des Sports, 36500 Buzançais, France
Camping Ferme de Croas Men - Morlaix;Croas men, 29610 Plouigneau, France
Camping de la Baie de Térénez;MOULIN DE CANERET, 2780 ROUTE DE TERENEZ, 29252 Plouezoc'h, France
Camping de Sorel;24 Rue Saint-Claude, 60490 Orvillers-Sorel, France
Camping Les Araucarias;870 Rue du Général Leclerc, 60170 Carlepont, France
Pinàbre Camping & Caravan Site;Lingouet, 22150 Plouguenast-Langast, France
Camping Capfun - Portes du Beaujolais;495 Av. Jean Vacher, 69480 Anse, France
Camping Municipal La Croix Blanche;L'Holme, 43260 Saint-Julien-Chapteuil, France
Camping Homair - Les Fontaines;Rue d'Ezy, 27540 Ivry-la-Bataille, France
Les Robinsons du Lac - Le Camping;278 Av. du Lac, 62610 Ardres, France
Camping La Frégate;465 Av. du Lac, 62610 Ardres, France
Camping Ardrésien;64 Rue Basse, 62610 Ardres, France
Camping CAMP'in POSES;Rue des Masures, 27740 Poses, France
Camping à la ferme - Mr Fontana;Rue Neuve 8, 60480 Oursel-Maison, France
Camping La Rivière;Rue de la Riviere, 19270 Donzenac, France
Camping l'Île du Pont;1 Chem. de l'Île, 32300 Mirande, France
Camping Naturiste Source St Pierre;Chem. du Moulin de Siau, 34150 Aniane, France
Camping Club Lac du Salagou;Lac du Salagou, 34800 Clermont-l'Hérault, France
Camping Municipal;Av. Carnot, 21350 Vitteaux, France
Camping des Deux-Ponts;3 Rue des Ponts, 52320 Froncles, France
Camping Capfun - Golf;43 Chem. des Mielles, 50270 Saint-Jean-de-la-Rivière, France
Camping Les Carolins;2 Rue du rivage, 50580 Port-Bail-sur-Mer, France
Camping Les Berges de L'Iton;53 Rue du Fourneau, 27160 Breteuil, France
Camping Parc de La Fontaine;Route de Vaugrigneuse, 91530 Saint-Maurice-Montcouronne, France
Camping Yelloh Village Les 4 Montagnes;61 La Combe de Cornet, 38880 Autrans, France
Camping Les Gorges De L'hérault;Pont d'Hérault, 30440 Sumène, France
Camping La Potinière;Rue Pierre Bourguignon, 36240 Écueillé, France
Camping La Montagne de Reims - Onlycamp;8 Le Routoir, 51360 Val-de-Vesle, France
Camping La Clape Village;Cap d, 2 Rue du Gouverneur, 34300 Agde, France
Camping Odalys La Pinède;13 Rue de Luxembourg, 34300 Agde, France
Camping Tamarissière Agde;4 Rue Commandant Malet, 34300 Agde, France
Camping Capfun - Ondines;Côté Ouest, 1770 VC du Tricot et des Tots, 34450 Vias, France
Camping Paradis de Rhuys | Camping Vannes;9 Le Poteau Rouge, 56450 Theix-Noyalo, France
"Camping ""A l'Ombre des Tilleuls""";31 Rte de Pau, 65270 Peyrouse, France
Camping du Moulin - Onlycamp;ZA de Câlin, Rte de Nantes, 44190 Clisson, France
Camping rural Coin de ciel;14 Le Tremblay, 44190 Saint-Lumine-de-Clisson, France
Camping Le Marais;D361, 50230 Agon-Coutainville, France
Camping de la Melette;D651, 50560 Blainville-sur-Mer, France
Camping Osenbach;31 Rue du Stade, 68570 Osenbach, France
Camping Municipal Les Pouverels;3070 Les Pouverels, 83570 Cotignac, France
Camping de la vallée de Taradeau;371 Chem. de Plan Guillet, 83460 Taradeau, France
Camping de mon Village (Camping-Car Park);15 Stalapos, 15300 Murat, France
"Camping ""Le Vallagnon""";6 Rue du Lac Glory, 15300 Laveissière, France
Camping Le Deffay;44160 Sainte-Reine-de-Bretagne, France
Camping Le Pas de l'Ours;Les Gesquis, 09310 Aston, France
Camping Ascou la Forge;La Forge, 09110 Ascou, France
Le camping du lac - SARL TEOMAD;920 Chem. du Port Haut, 31330 Merville, France
Camping Le Castella;4 Rte du Castella, 09250 Luzenac, France
Camping Country Park - Crécy la Chapelle;Rte de Serbonne, 77580 Crécy-la-Chapelle, France
Camping Municipal de la Noë**;34 Rue de la Noe, 61200 Argentan, France
La Vallée Verte camping Flower;Camping la Vallée Verte, 9 Rte des Granges, 63710 Saint-Nectaire, France
Camping Ile Verte;1 Rte des Rosées, 17430 Genouillé, France
Camping Fouras - AZUREVA;9 Rte de Soumard, 17450 Fouras, France
Flower Camping L'Abri-Côtier;26 La Bernardière, 17780 Saint-Nazaire-sur-Charente, France
Camping et gîtes de charme La Chauvotte;La Chauvotte, 71990 La Grande-Verrière, France
Camping Des 2 Rives;26-28 Rue de Toulon, 71190 Étang-sur-Arroux, France
Camping d'Autun;6 Rue du Traite D' Anvers, 71400 Autun, France
Camping Les Sauges;Les Sauges, 71190 Dettey, France
Camping Le Robinson;25 Av. de la Gare internationale, 66760 Enveitg, France
Camping Domaine Les Pastourels - Via Natura;2863 Rte des Milandes, 24250 Veyrines-de-Domme, France
Camping Le Moulin du Bleufond;255 route de Valojoulx, D65, 24290 Montignac-Lascaux, France
Camping le sorbier;828 Chem. de la Fontaine, 24290 Montignac-Lascaux, France
Camping La Castillonderie Dordogne;La Castillonderie, Thonac FR, 1462 Rte de Salvetou, 24290 Montignac-Lascaux, France
Camping Lascaux Vacances Yelloh! Village;189 Imp. des Malénies, 24290 Coly-Saint-Amand, France
Camping Le Rivage;7 Imp. des Étangs, 62910 Houlle, France
Camping Les Sources | Camping Arras;7 Rue du Huit Mai, 62810 Liencourt, France
Camping le Logis;4 Chem. du Logis, 85160 Saint-Jean-de-Monts, France
Aloa Vacances - Camping l'Océan;67 Rue de Notre Dame, 85160 Saint-Jean-de-Monts, France
Camping Demoiselles Plage;100 Av. des Becs, 85270 Saint-Hilaire-de-Riez, France
Camping Le Rivage Quettehou;75 Rue Sainte-Marie, 50630 Quettehou, France
Camping Caravaneige Au Blanc Manteau;Rte de Ceuze, 05400 Manteyer, France
Camping Le Parc des Sérigons;300 Chem. des Sérigons, 05400 La Roche-des-Arnauds, France
Camping du Petit Vaux;19 chemin Raymond Mayzenc, 05400 Veynes, France
Camping la Sapinette ***;21 Av. René Delpech, 11500 Quillan, France
Camping du centre de la Forge;11500 Quillan, France
Camping Quillan;16 Rue Baptiste Marcet, 11500 Quillan, France
Le Fontaulie Sud - Camping Piscine 3 étoiles;Chem. de Trabenet, 11500 Nébias, France
Camping La Crémade;Lieu dit la Crémade, 6 D117, 11140 Axat, France
Camping Le Moulin Du Pont D'Alies;Pont d'alies, 1 D117, 11140 Axat, France
Camping Les Sapins;Le Village, 11340 Camurac, France
Camping SEASONOVA Sous Le Moulin - Condes;Rue de la Plage, 39240 Condes, France
"Camping ""La croisée des chemins""";Hamel És Telliers, 50680 Cerisy-la-Forêt, France
Camping le Montagnou en Ariège Ustou;Camping le Montagnou, Rte de Guzet (le Trein), 09140 Ustou, France
Camping Ariège | Camping Le Sedour;436 allée de Florac, 09400 Surba, France
CAMPING LES VOILES SUR GROSNE;1 route de cortevaix, Messeugne Lieu-dit, 71460 Savigny-sur-Grosne, France
Camping Les Portes de l'Anjou;9 Rue du Camping, 49430 Durtal, France
Camping Yelloh Village Les Pins;Le Guen, 86 Rue des Moulins, 22430 Erquy, France
Camping La Vallée ***;de saint pabu de, 12 Imp. du Coteau, 22430 Erquy, France
Camping des Hautes Grées;123 Rue Saint-Michel, 22430 Erquy, France
Camping l'orée de la Reine;Orée de la Forêt de la Reine, 54470 Mandres-aux-Quatre-Tours, France
Camping des Neiges;438 Av. de Savoie, 73260 Grand-Aigueblanche, France
Camping Marie-France ***;71 Rue de l'Etrat, 73260 Grand-Aigueblanche, France
Camping du Glaisy - Stüga Bivouac;Route de la montagne, 73600 Notre-Dame-du-Pré, France
Camping La Glière;Route Impériale, Villette, 73210 Aime-la-Plagne, France
Camping La Sapinière;Route du Col Amic, 68500 Wuenheim, France
Camping Marina Di Sorbo;3702 Strada Di Pinarellu, 20213 Sorbo-Ocagnano, France
Camping La Ferme du Bord de Mer;43 Rte du Val de Saire, 50760 Gatteville-le-Phare, France
Camping Capfun - Lou Puntaou;1315 Av. du Lac, 40550 Léon, France
Camping Punta Lago - Lou Puntaou;1165 Av. du Lac, 40550 Léon, France
Camping La Dranse - Vacances André Trigano;100 Av. de Saint-Disdille, 74200 Thonon-les-Bains, France
Camping Les Myosotis;28 Chem. du Grand Tronc, 74500 Lugrin, France
Camping Vieille Eglise;53 Rte des Prés Parrau, 74500 Lugrin, France
Camping Municipal Val de Garonne;456 Rte des Charretiers, 82400 Valence, France
Camping la croix du bois sacker;la Croix Du Bois Sacker, 57220 Burtoncourt, France
Camping Au Lac d'Hautibus;Rue de la Sablière, 79150 Argentonnay, France
Camping Municipal;69 Rue Guy de Maupassant, 76790 Étretat, France
Camping La Motte;Place dit La Motte, 21 route de la Genétouze, 17270 Le Fouilloux, France
Camping SEASONOVA Les Vosges du Nord - Oberbronn;3 Rue du Frohret, 67110 Oberbronn, France
Village Vacances et camping Couleurs Vendée;Vge des Gîtes, 85320 Mareuil-sur-Lay-Dissais, France
Camping a l'oree Du Bois;5 Rue du Bouleau, 68600 Geiswasser, France
Camping du Domaine La Plage du Garoustel;1 Renac, 15150 Saint-Gérons, France
Camping Moulin de Chaules;Chaules, 15600 Saint-Constant-Fournoulès, France
Camping U Prunelli;20166 Grosseto-Prugna, France
Camping Le Noyer du Baron;Le Tour du Lac, 04340 Le Lauzet-Ubaye, France
Camping du Lac de Saujon;Voie des Tourterelles, 17600 Saujon, France
Camping a la ferme Mon Repos;16 Rue de la Maison Brûlée, 85200 Saint-Michel-le-Cloucq, France
Camping L'îlot des marais;Par D 949 Fontenay-le-Comte / Luçon, CD 30 à gauche, 85370, 85370 Le Langon, France
Camping L'Oree du Bois;Rue de la Poste, 22340 Plévin, France
Camping des Dunes;80 Rue Victor Hugo, 59820 Gravelines, France
Camping de l'Estran;59123 Zuydcoote, France
Camping Municipal Gîte d'Etape;Crx Garry, 42660 Saint-Genest-Malifaux, France
Camping Municipal Epernay;All. de Cumières, 51200 Épernay, France
Camping Le Mont Cesar;10 Av. de Toutevoie, 60270 Gouvieux, France
Camping Yelloh! Village Le Ranch;Chemin des Hautes Raillères, 44770 La Plaine-sur-Mer, France
Camping Clos Mer et Nature;103 Rue de Tharon, 44730 Saint-Michel-Chef-Chef, France
Flower camping la Guichardière;La FR, 2 Rue de Mouton, 44770 La Plaine-sur-Mer, France
Camping La Boutinardière;Camping la Boutinardière, 23 Rue Plage de la Boutinardière, 44210 Pornic, France
Camping La Sirène 4*;14 All. des Dunes, 50590 Montmartin-sur-Mer, France
CAMPING LA DEVEZE;410 Chemin de la devèze, 46320 Livernon, France
"Camping ""Les Cournoulises""";318 Rte du Bourg, 46160 Montbrun, France
Camping de la Saône;Rue du Bac, 71590 Gergy, France
Camping Des Forges;1745 Rte de Lillebonne, 76170 Saint-Antoine-la-Forêt, France
Camping Vive la Vie;Lieu dit Le, 3 Chem. des Tourbières, 24450 La Coquille, France
Manzac Ferme - Camping/Caravanning For Adults only;Manzac Ferme, 24300 Augignac, France
Camping RCN la Bastide en Ardeche;1 Route d'Ales, 07120 Sampzon, France
CAMPING DU LAC DE BUJALEUF;Route de la plage, 87460 Bujaleuf, France
Junora camping & glamping eco-logique;1 Route de la gare de la varache, 87120 Eymoutiers, France
Camping du Lac;Les Champs, 87440 Saint-Mathieu, France
Camping Lous Suais;Lous Suais, 87460 Cheissoux, France
Camping & Gîtes En Campagne;17, 16420 Saint-Christophe, France
Camping Parc Verger;6 Le Poteau, 87150 Champagnac-la-Rivière, France
Camping de Coulvée;10 Chem. de Coulvée, 49120 Chemillé-en-Anjou, France
Yelloh! Village Camping Le Couspeau;1055 route de Dieulefit, 26460 Le Poët-Célard, France
Camping La Magaudie;La Magaudie E, 19600 Chartrier-Ferrière, France
Camping municipal les cent vignes;10 Rue Auguste Dubois, 21200 Beaune, France
Camping Les Premières Vignes - Onlycamp;68 Rte de Bouilland, 21420 Savigny-lès-Beaune, France
Camping du Sevron;115 Chemin du Camping, 01370 Saint-Étienne-du-Bois, France
Camping La Camargue;Lieu-dit, 19 Rte du Vieux Pont, 43210 Bas-en-Basset, France
Camping;La Garenne, 43210 Bas-en-Basset, France
Camping La Tuilerie;Zone de Loisirs de, La Tuilerie, 57630 Vic-sur-Seille, France
Camping Le Moulin Neuf;Chem. du Moulin Neuf, 30700 Saint-Quentin-la-Poterie, France
Camping Le Vieux Verger;Av. des Platanes, 30330 Connaux, France
Camping des Bords de l'Huisne;2 Rue de l'Huisne, 61110 Rémalard en Perche, France
Camping le Moulin du Roy ***;Chem. de la Pergue, 31250 Revel, France
Camping Ar Kleguer;Plage Ste Anne, Av. de la Mer, 29250 Saint-Pol-de-Léon, France
Camping Sunêlia la Baie de Saint Pol;140 Rue de la Grève du Man, 29250 Saint-Pol-de-Léon, France
Camping Le Dossen - Santec;590 Rue du Theven Bras, 29250 Santec, France
Camping du bois de la Palud;Le Bois de la Palud, 29250 Plougoulm, France
Camping du Domaine de la Biette;2 Chau. Brunehaut, 62460 Divion, France
Camping Le Domaine du Trappeur;4274 Rte du Col de la Croix de Fer Turin, 73530 Saint-Sorlin-d'Arves, France
Camping Le Champ d'été - Onlycamp;220 rue du plan d'eau, 01190 Reyssouze, France
Camping Moulin Dollay;206 Rte du Moulin Dollay, 74570 Groisy, France
Camping Le Terroir;99 Chem. de Clairjoie, 74160 Présilly, France
Camping de Journans;190 Mnt de Saint-Valérien, 01250 Journans, France
Camping Yelloh! Village Domaine de l'Esquiras;1280 Chem. du Fez, 07150 Vallon-Pont-d'Arc, France
Camping de Chartres;9 Rue de Launay, 28000 Chartres, France
Camping Restaurant la petite rivière;1 Gane Chapou, 19320 Clergoux, France
Camping L'Arquet;Chem. de la Batterie, 13500 Martigues, France
Camping Les Tamaris | Pausado;4 Chem. des Tamaris, 13500 Martigues, France
Camping Le Mas;Chem. de Sainte-Croix, 13500 Martigues, France
Camping les Acacias;Rue de Hirtzbach, 68130 Altkirch, France
Camping Night&Day Olivet;Rue du Pont Bouchet, 45160 Olivet, France
Camping de Strasbourg;9 Rue de l'Auberge de jeunesse, 67200 Strasbourg, France
Camping Fougeraie;Hameau de Champs, 58120 Saint-Léger-de-Fougeret, France
Camping La Bedure;27 Rte d'Autun, 58170 Luzy, France
Camping les Soulins;Les Soulins, 58120 Corancy, France
Les Alizés - Camping Côte de Granit Rose;Rue Jean François Champollion, 22300 Lannion, France
Camping Liberté Landrellec;3 Chem. des Douaniers, 22560 Pleumeur-Bodou, France
West Camping;105 Rue Gabriel Vicaire, 22700 Perros-Guirec, France
Camping le Petit Bocage - Onlycamp;Rue de la Piscine, 85140 Essarts-en-Bocage, France
Camping Capfun - Hameau du Petit Lay;1 Chauvin, 85640 Mouchamps, France
Camping Yelloh! Village;Rte de Lésigny, 86270 La Roche-Posay, France
Bureau du Parc Résidentiel de Loisirs / Camping ST VIT;14 Rue de Roth, 57910 Neufgrange, France
Camping Vagues Océanes - Bois Joly;46 Rue de Notre Dame, 85160 Saint-Jean-de-Monts, France
Camping Le Bois Verdon;62 Rue du Moulin Casse, 85160 Saint-Jean-de-Monts, France
Camping Resort La Forêt;190 Chem. de la Rive, 85160 Saint-Jean-de-Monts, France
Flower Camping La Davière Plage;10 Chem. de la Davière, 85160 Saint-Jean-de-Monts, France
Camping Clicochic - Plage des Tonnelles;18 Rte de la Tonnelle, 85160 Saint-Jean-de-Monts, France
Camping Les Amiaux;223 Rue de Notre Dame, 85160 Saint-Jean-de-Monts, France
Camping Homair - Le Domaine du Clarys;77 Av. des Épines, 85160 Saint-Jean-de-Monts, France
Camping la Paoute;160 Rte de Cannes, 06130 Grasse, France
Camping La Vallée;Verghia, 20138 Coti-Chiavari, France
Camping Yelloh! Village Luberon Parc;Av. du Bois, 13350 Charleval, France
Camping Le Bord de Mer;71 Chem. d'Erromardie, 64500 Saint-Jean-de-Luz, France
Camping l'Olivier Anduze;3 Rte de la Plaine, 30140 Massillargues-Attuech, France
Camping Le Val d'Hérault;d'Issenssac, Saint Etienne, 34190 Brissac, France
Camping des Varennes;Chem. des Varennes, 49610 Mûrs-Erigné, France
Camping Au Pont du Dognon;Le Pont du Dognon, 87240 Saint-Laurent-les-Églises, France
Camping Des Drouilhèdes;100 Allée du Camping, 30160 Peyremale, France
Camping La Redoute - Campéole;Rue de la Garenne, 17940 Rivedoux-Plage, France
Camping Capfun - Tensch Jolie;Domaine de la Tensch, 57660 Grostenquin, France
Camping La Sorguette;871 Rte d'Apt, 84800 L'Isle-sur-la-Sorgue, France
Camping des Maurois (95) Val D'Oise;4 Rue des Maurois, 95810 Grisy-les-Plâtres, France
Camping Le Font du Merle;70 Le Fraissinet, 30110 Branoux-les-Taillades, France
Camping du Port ( 1 étoile );Le Port de Besle, 44290 Guémené-Penfao, France
Camping du Bosc;1299 avenue de bordeaux Le bosc, 47110 Le Temple-sur-Lot, France
Camping Pian Del Fosse;Route de Sant'Amanza, D58, 20169 Bonifacio, France
Camping Campo Di Liccia;Route de Porto Vecchio, 20169 Bonifacio, France
Camping des Iles;Route de Piantarella, 20169 Bonifacio, France
Camping Cavallo Morto;T10 T10, 20169 Bonifacio, France
Camping Touristique du Canal;10 Chem. du Canal, 45630 Beaulieu-sur-Loire, France
Camping Bois Girault;Bois Girault, 45500 Gien, France
Camping Le Parc de Launay;213 L'Aunay Marais, 37330 Souvigné, France
Camping Bassin d'Arcachon Fontaine Vieille;4 Bd du Colonel Wurtz, 33510 Andernos-les-Bains, France
Camping Les Arbousiers;134 Av. de Bordeaux, 33510 Andernos-les-Bains, France
Camping Les Goélands;64 Av. de la Libération, 33740 Arès, France
Camping Les Allées;Rte des Allées, 87500 Coussac-Bonneval, France
Camping Le Hameau des Lacs;2 Rte de Rodez, 12430 Villefranche-de-Panat, France
Camping La Chapoulière;140 Chapoulière, 07120 Ruoms, France
Camping le Casque Roi;580 Rte de Barjac, 07150 Salavas, France
Camping Le Soleil;Av. Michel Crépeau, 17000 La Rochelle, France
Camping Clicochic - Lac Du Lit Du Roi;922 Montaplan, 01300 Massignieu-de-Rives, France
Camping La Pierre De L'aigle;1020 route du col des fillys, 04340 Ubaye-Serre-Ponçon, France
Camping Huttopia Lac de Serre Ponçon;3440 Route d’Ubaye, 04340 Ubaye-Serre-Ponçon, France
Camping Domaine Loisirs De L'ubaye;D900, 04340 Méolans-Revel, France
Flower Camping Les Iles;245 Rte des Lacs, 74190 Passy, France
Camping du Chesney;192 Rte du Chesney, 74700 Domancy, France
Nature & Lodge - Camping les Domes de Miage;197 Rte des Contamines, 74170 Saint-Gervais-les-Bains, France
Camping Clicochic - Petit Bec;57 Av. des Becs, 85270 Saint-Hilaire-de-Riez, France
Camping Le Lac des Sapins;968 Rue du Stade, 69550 Cublize, France
Camping du Breuil;Le Breuil, 61190 Beaulieu, France
Camping Parc des FONTANELLE;523 Av. Marcel Paul, 83500 La Seyne-sur-Mer, France
Camping des Playes;419 Rue Grand, 83140 Six-Fours-les-Plages, France
Camping les Pins - Centre ANAS Fabregas;Boulevard pauline, Chem. des Sous/bois, 83500 La Seyne-sur-Mer, France
Camping Youcamp Village - Marseille Provence;1915 Chem. de la Thuilière, 13400 Aubagne, France
Camping Les Prés - Onlycamp;1 Chem. des Prés, 77880 Grez-sur-Loing, France
La Camassade Camping dans la Nature;523 Rte de Pie-Lombard, 06140 Tourrettes-sur-Loup, France
Camping des Gorges du Loup - 4 Etoiles;965 Chem. des Vergers, 06620 Le Bar-sur-Loup, France
Gîte et Camping Le Village des Pingouins;Rte de Keroustad, 29840 Porspoder, France
Camping du Sierroz;Bd Robert Barrier, 73100 Aix-les-Bains, France
Camping Le Pêcheur;160 Av. du Petit Port, 73100 Aix-les-Bains, France
Camping Ile Aux Cygnes;Le, 501 Bd Ernest Coudurier, 73370 Le Bourget-du-Lac, France
Camping Tarn | Domaine du Koukano;290 impasse de Combe Ramond, 81470 Maurens-Scopont, France
Camping Fleur de Brière;Route d'Herbignac, 44410 Saint-Lyphard, France
Camping Le Clos Normand;235 Rue de Pont Audemer, 27310 Bourg-Achard, France
Camping Domaine De La Cigaliere;Rte du Thoronet, 83340 Le Cannet-des-Maures, France
Camping Tikayan Rives du Lac de Sainte Croix;Quartier Notre Dame , chemin de la blache , RD71, 83630 Bauduen, France
Camping Paradis Le Ruou - Camping Gorges du Verdon;309 RD 560, 83690 Villecroze, France
Camping Liberté Verdon;P3FV+7X, 1134 Chem. de l'Eouvière, 83630 Artignosc-sur-Verdon, France
Camping Les Bruyeres;33 Rte des Mayons, 83340 Le Luc, France
Camping Emeraude - Sunêlia;7 Chem. de la Souris, 35800 Saint-Briac-sur-Mer, France
Camping de la Baie à Asserac - Loire Atlantique;23 Rte de Keravelo, 44410 Assérac, France
Camping Les Prairies de l'Étang;20 Rue du Pont aux Pages, 44410 Assérac, France
Camping Municipal La Raza Meillonnas;292 Chem. du Bois d'Amont, 01370 Meillonnas, France
Camping Le Baylou;Le Baylou, 46170 Pern-Lhospitalet, France
Camping Les Joumiers;lieu dit les joumiers, 89520 Saint-Sauveur-en-Puisaye, France
Camping le Rouge Gorge;2 Rte de la Verrie, 85290 Saint-Laurent-sur-Sèvre, France
Camping Municipal du Violu;Route Nationale 59 Le Pré Battant, 88520 Gemaingoutte, France
Camping la Chaumière;62 Rue de Galfingue, 68990 Heimsbrunn, France
Camping les Cascades Yelloh! Village;693 Rte de Donnât, 30200 La Roque-sur-Cèze, France
Camping La Coquille;Chem. Carmignan, 30200 Bagnols-sur-Cèze, France
Camping Les Genêts d'Or à Bagnols-sur-Cèze;1840 Chem. Carmignan, 30200 Bagnols-sur-Cèze, France
Camping La Roche Martin;23 Rue des Étangs, 49420 Ombrée d'Anjou, France
Camping La Vallée De l'oust;Le, Painfaut, 56350 Saint-Vincent-sur-Oust, France
Camping de l'Etang du Goulot;2 Rue des Campeurs, 58140 Lormes, France
Camping Night&Day de Courtille;Rue Georges Aulong, 23000 Guéret, France
Camping Les Quatre Saisons;Chignat 7, 23250 Soubrebost, France
CAMPING LES GENETS D`OR;151 Rte du camping, 29380 Bannalec, France
Camping Nature et Vézère;18 route de Treignac, 19260 Peyrissac, France
Camping des Monédières;Croix de la Mission, 19300 Saint-Yrieix-le-Déjalat, France
Camping Municipal De L'enclose à Tarnac;Rue de l'Enclose, 19170 Tarnac, France
Camping Vagues Océanes - Charmilles;1541 Rte de l'Océan, 17450 Saint-Laurent-de-la-Prée, France
Camping de la Croze;48 Rte de Mozac, 63140 Châtel-Guyon, France
Camping de Courte Vallée;8 Rue de Courte Vallée, 79600 Airvault, France
Camping Le Martinet Rouge;2 Chemin du Lac des Rochers, 11390 Brousses-et-Villaret, France
Camping Les Cochards - Onlycamp;1 Rue du Camping, 41110 Seigy, France
Camping du Méridien;Rue de la Dronne, 24490 La Roche-Chalais, France
Camping La Tuilière;La Tuilière, 24700 Saint Rémy sur Lidoire, France
Camping l’eau vive;126 Chem. des Eaux Vives, 83460 Les Arcs, France
Camping Rives des Corbières - Port-Leucate;800 Av. Georges Candilis, 11370 Leucate, France
Camping Le Metz - Arlanc;14 Rue Jean Marotte, 63220 Arlanc, France
Camping municipal du ramier;Unnamed Road, 31810 Vernet, France
Camping Le Savoy;115 Av. du Parc, 73190 Challes-les-Eaux, France
Camping Vagues Océanes - Boudigau;45 Av. de la Plage, 40530 Labenne, France
Camping Parc de La Garenne;CAMPING PARC, 3 Chemin de la Garenne, La Garenne, 60870 Villers-Saint-Paul, France
Camping Le Tivoli;8 Imp. du Tivoli, 48000 Mende, France
Camping Les Roussilles;2 Les Roussilles, 87240 Saint-Sylvestre, France
CAMPING MARMOTEL;La Salle, 12130 St Geniez d'Olt et d'Aubrac, France
Camping La Vieille Ferme;6 Chem. sous le Roc, 05200 Embrun, France
Camping Municipal de La Clapière;Le Plan d'Eau, 05200 Embrun, France
Camping du Club Nautique Alpin;9 Chem. de Chadenas, 05200 Embrun, France
Camping les Tourelles;Quartier, Chem. de Sainte-Marthe, 05200 Embrun, France
Camping de la Tour;La Madeleine, 05200 Embrun, France
Camping Homair - Loyada;111 Rue de la Source, 85440 Talmont-Saint-Hilaire, France
Camping à la ferme Mas Carriere;30570 Saint-André-de-Majencoules, France
Camping Ardèche Le Verger de Jastres bord de rivière;44 Rte de Montélimar, 07200 Saint-Didier-sous-Aubenas, France
Flower Camping Le Plan d'Eau - Ardèche;42 Rte de L’Echelette, 07200 Saint-Privat, France
Camping Ardèche Domaine de Gil;91 Rte de Vals, 07200 Ucel, France
Camping La Chaup;1637 Av. Honoré Couttolenc, 04400 Enchastrayes, France
Camping le Tampico;70 Av. Emile Aubert, 04400 Barcelonnette, France
Camping le Planet;place d'Arnaudville, 04850 Jausiers, France
Camping Municipal Bel-Iscle;LE VILLAGE, 04530 Saint-Paul-sur-Ubaye, France
Camping les Sorbiers;15 Rue de Fressain, 59151 Bugnicourt, France
Camping Chateau La Garenne;14260 Les Monts d'Aunay, France
Camping Pause Loire (Belle Rivière);45 Rte des Perrières, 44980 Sainte-Luce-sur-Loire, France
Camping Beau Rivage;Lieu dit Rivière Haute, Av. Paul Ramadier, 12300 Livinhac-le-Haut, France
Camping Municipal de la Vée;11 Avenue du Président René Coty, 61140 Bagnoles de l'Orne Normandie, France
Camping de la Citadelle;2 Quai des Chantiers, 33710 Bourg, France
camping de la sauzelle;1 Francicot, 33820 Saint-Aubin-de-Blaye, France
Camping Le Parc;408 Quartier Trestaure, 83440 Saint-Paul-en-Forêt, France
Camping Le Reclus;Rte de Tignes, 73700 Séez, France
Camping Namasté;27 route de Toulouse, 31480 Puysségur, France
camping les Hirondelles;Rue du Moulin de Dona, 52150 Bourg-Sainte-Marie, France
Camping du Parc***;15 Laval Rd, 53200 Château-Gontier-sur-Mayenne, France
Camping Le Bois Coudrais;Le Bois Coudrais, 35270 Cuguen, France
Camping La Gravière Du Moulin 3 étoiles;7 Rte de Frangey, 89160 Lézinnes, France
Le Camping du Sans Souci;allée andré chevalier, 72130 Fresnay-sur-Sarthe, France
"Camping ""Les Confluents"" de Migennes";Allée Léo Lagrange, 89400 Migennes, France
Camping Sunelia l'Etang de Sologne;Rue des Peupliers, 41600 Nouan-le-Fuzelier, France
Camping L'Oasis;810 Chemin du, Petit Chaleat, 07370 Eclassan, France
Camping et gîtes de Pont Augan;Camping De Pont Augan N°6, 56150 Baud, France
Camping La Bruyère;594 Rte de la Bruyère, 73160 Saint-Jean-de-Couz, France
Camping de Pors Ar Vag;Goulit ar Guer, 29550 Plomodiern, France
Camping Gwel Kaër;Port du Fret, 40 Rue de Pen an Ero, 29160 Lanvéoc, France
Camping Les Régnières;29 Rte du Tracol, 42220 Saint-Sauveur-en-Rue, France
Le camping des ch'tis;Les Gaudes nèches, 23190 Bellegarde-en-Marche, France
Camping Municipal Aubusson;63 Côte Ribière, 23200 Moutier-Rozeille, France
Camping du Puy de Faux La Montagne;Chemin des étoiles, 23340 Faux-la-Montagne, France
Camping A l’abri de l'océan;LD, 591 Rte de la Madeleine, 29300 Baye, France
Camping Entre Terre Et Mer;Sapin En Gam Route d'Arzano, 56620 Pont-Scorff, France
Camping Paradis La Baie de Ploemeur;Bd des Sables Blancs, 56270 Ploemeur, France
Camping De Locouarn;1 ld Locouarn, 29360 Clohars-Carnoët, France
Camping de Pen er Malo;route côtière, D152, 56520 Guidel, France
Camping Paradis du Quinquis;Le Pouldu Lieu dit Quinquis n°2, 29360 Clohars-Carnoët, France
Domaine Les Rives de l'Oust Camping Privé;3 Rue des Tanneurs, 56140 Malestroit, France
Camping du Halage;Rte de Malestroit, 56140 Saint-Congard, France
Camping municipal la Digue;56200 Saint-Martin-sur-Oust, France
Camping Municipal Les Greves;Rue Jean Claude Papon, 87700 Aixe-sur-Vienne, France
Camping Les Acacias - Vichy Bord de l'Allier;Rue Claude Decloitre, 03700 Bellerive-sur-Allier, France
Camping Coccinelle;d 40a, 66300 Banyuls-dels-Aspres, France
Camping Capfun - Malissonne;1845 D66, 83740 La Cadière-d'Azur, France
Camping du Cottage Fleuri;4 Imp. du Cottage, 85360 La Tranche-sur-Mer, France
La Carabasse - Camping Siblu;Av. de la Méditerranée, 34450 Vias, France
Camping Le Mas de la Plage;211 Av. de la Plage, 34450 Vias, France
Camping du lac d'Aydat;Forêt du Lot, 63970 Aydat, France
"Camping Intercommunal ""La Prairie""";La Chalotiére, 61170 Saint-Julien-sur-Sarthe, France
Camping à la maison;8 Troussel, 61150 Vieux-Pont, France
Camping Municipal;15 Rue Jean Charles Varennes, 03240 Deux-Chaises, France
Camping Le Bois Flottant;3 Le Roussy, 81210 Lacrouzette, France
Camping Municipal Le Vert ***;21 Av. du Stade, 15600 Maurs, France
"camping ""Au bord de Bruche""";11 Rue Pierre Marchal, 67570 Rothau, France
Camping de Milieee ????;Rue de Rohrbach, 57412 Achen, France
Camping des Loges;Rte de Bourgueil, 49390 La Breille-les-Pins, France
Camping du Letty;4 Chem. de Creisanguer, 29950 Bénodet, France
Camping Homair - Port de Plaisance;7 Rte de Bénodet, 29950 Clohars-Fouesnant, France
Camping de Bénodet;26 Rte de Kerangales, 29950 Bénodet, France
Camping Huttopia Bourg Saint Maurice;1525 Rte des Arcs, 73700 Bourg-Saint-Maurice, France
Camping Club Les Dinosaures;360 Av. de la Plage, 85440 Talmont-Saint-Hilaire, France
Camping Les Flots de l'Océan;759 Av. de la Plage, 85440 Talmont-Saint-Hilaire, France
Camping Paradis la Pomme de Pin;Rue Vincent Auriol, 85520 Jard-sur-Mer, France
Camping*** La Rincerie;La Hugerie, 53800 La Selle-Craonnaise, France
Camping de la Vallée;101 Rue de la Vallée, 76730 Gueures, France
Camping de la Châtaigneraie;Bourg, 19430 Camps-Saint-Mathurin-Léobazel, France
Camping Les Mimosas;Chem. de la Carosaccia, 20090 Ajaccio, France
Camping Le Floréal;Rue de la Première Ecluse, 34970 Lattes, France
Camping municipal Les Prunettes;"44°04'14.1""N / 2°05'38.1""E 44.070583 / 2.093917, Fenouillet, 81640 Monestiés, France"
Camping Capfun - Duravel;2344 Rte de Vire, 46700 Duravel, France
Vakantie appartementen en camping Viens et Vois;15 Rue Gros Didier, 55300 Rouvrois-sur-Meuse, France
Camping Clicochic - La Coutelière;2765 Route de Fontaine de Vaucluse / Fontaine de Vaucluse, 84800 Lagnes, France
Camping Port La Vallée;Rue des Gabares, 49250 Loire-Authion, France
Camping Municipal de l'Hippodrome;All. du Québec, 72300 Sablé-sur-Sarthe, France
Camping du Toy;1284 Rte des Carroués, 40990 Herm, France
Camping le Laha;3000 Route de Linxe, 40260 Lesperon, France
Camping insolite sur le chemin d'escoubes;211 Chem. d'Escoubes, 32370 Manciet, France
Camping L'Arc en Ciel **;705 Rue de la Halle, 88170 La Neuveville-sous-Châtenois, France
Camping du Pont d'Oust;1 Le Pont d'Oust, 56220 Peillac, France
camping Le val boisé;56 Av. du Captain Portheous, 76370 Petit-Caux, France
Camping des Hêtres;Rue du Cimetière, 68480 Bendorf, France
Camping rue du château;3 Rue du Château la Pommeraie, 79190 Clussais-la-Pommeraie, France
Camping Le Saint Martin - Landes;2655 Av. de l'Océan, 40660 Moliets-et-Maa, France
Camping de la Gères;10 Rue de la Gérés, 17700 Surgères, France
Camping Îlot Du Chail;Rue des Gravées, 79270 Sansais, France
Camping du plan d'eau de vieure;La Bordé, 03430 Vieure, France
Camping Le Jardin du Marais;208 Rte de Saint-Gilles, 85300 Le Perrier, France
Camping Le Grand Jardin - Vendée;50 Rue de la Barre, 85690 Notre-Dame-de-Monts, France
Camping la Fresnerie;La Fraignerie, 85230 Saint-Gervais, France
Camping Le Clos du Bourg NOTRE DAME DE MONTS;11 Rue du Perrier, 85690 Notre-Dame-de-Monts, France
Camping Les Lacs d'Armagnac;Camping les Lacs d'Armagnac, 2113 route de Castelnau d'Auzan, 32800 Bretagne-d'Armagnac, France
Camping La Forêt du Morvan;1 La Forêt, 58370 Larochemillay, France
Camping Capfun - Oursière;1080 Av. du Général de Gaulle, 38250 Villard-de-Lans, France
Camping Domaine LaCanal **;La Canal, 81320 Nages, France
Camping du Val de Blois;Lac de Loire, D951, 41350 Vineuil, France
Camping le pré fleuri;4 Rue de Predefin, 62960 Febvin-Palfart, France
Camping du Vignal Ardèche;929 Chem. du Vignal, 07230 Lablachère, France
Camping Nature Parc L'Ardechois;934 Rte des Gorges, 07150 Vallon-Pont-d'Arc, France
Camping de l'Ardèche - Vallon-Pont-d'Arc;100 Chem. de la Plage, 07150 Salavas, France
Camping Lou Vincen;Rte d'Aramon, 30300 Vallabrègues, France
Camping Les Mancellières;1300 Rte de Longeville, 85440 Avrillé, France
Camping La Bolée D'Air - Chadotel;31 Rte du Bouil, 85520 Saint-Vincent-sur-Jard, France
Camping Capfun - Eve;51 Rte du Fort de l'Eve, 44600 Saint-Nazaire, France
Camping des Carrières et Nature;Rle Legrand, 62170 Boisjean, France
Camping La Borie Basse;Caillogue, 15190 Condat, France
Camping Chez de Vergne;6 Chez de Vergne, 15190 Chanterelle, France
Camping La Santoire;19 Rue des Rochers, Le Bourg, 15190 Saint-Bonnet-de-Condat, France
Camping de Bourges - Onlycamp;26 Bd de l'Industrie, 18000 Bourges, France
Camping Ushuaïa Villages de Pont Calleck;Le Grayo, 56240 Inguiniel, France
Camping des Deux Jumeaux;Rte de la Corniche, 64700 Hendaye, France
Camping Eskualduna;Rte de la Corniche, 64700 Hendaye, France
Camping Alturan;64700 Hendaye, France
Camping de la Corniche | Camping Hendaye | Flower;Chemin Antziola, 64122 Urrugne, France
Camping Abaya - Vacances André Trigano;5 Chem. de Ascoube Fagady, 64700 Hendaye, France
Camping Juantcho;875 Rte de la Corniche D912, 64122 Urrugne, France
Camping Le Parc;chemin Départemental, 172 Rte de Mauguio, 34970 Lattes, France
Camping Club Médoc Plage - MS Vacances;33 Av. de l'Europe, 33930 Vendays-Montalivet, France
Camping de Maxonchamp Leduc Olivier;3 Rue du Camping, 88360 Rupt-sur-Moselle, France
Camping de la Fontaine;Camping de la Fontaine, Rue de Quéhello, 56260 Larmor-Plage, France
Campingcar Park;19 Bd de la 2E Div d'Infanterie, 08300 Rethel, France
Camping L’oree de bairon;Derrière-Saint-Brice, 08390 Bairon et ses environs, France
Camping Homair - L'Ile du Rhin;Île du Rhin, 68600 Vogelgrun, France
Camping de Cornaton;N46, 175 Imp. de Pouret 15 22 E 5 4 37, 01310 Confrançon, France
Camping-Caravaneige municipal La Buidonnière***;Route de Cottériat, 73500 Aussois, France
Camping Municipal Parc Servois;11 Rue du Bac, 24680 Gardonne, France
Campix camping;2 Rue de la Goulette, 60340 Saint-Leu-d'Esserent, France
Camping du Trou d'Argot;Rue Basse, 21610 Montigny-Mornay-Villeneuve-sur-Vingeanne, France
Camping les Verguettes****;119 Rte de Carpentras, 84570 Villes-sur-Auzon, France
Camping Chateaumeillant;Camping Etang Merlin, Rte de Vicq Exemplet, 18370 Châteaumeillant, France
Camping de la Meije***;Le Village, 05320 La Grave, France
CAMPING LES MOULETTES;5 Chem. de Félines 43800, 43800 Vorey, France
Camping de Saint Disdille - Au bord du Lac Leman;117 Av. de Saint-Disdille, 74500 Thonon-les-Bains, France
Camping Le Rys;38 Rte de Rys, 74500 Lugrin, France
Camping Airotel Pyrenees;46 Avenue du Barège, Esquièze-Sère, 65120 Luz-Saint-Sauveur, France
Camping Le Bergons;Rte de Bareges, 65120 Esterre, France
Camping le Bastan;Rte de Bareges, 65120 Esterre, France
Camping Le HOUNTA ***;Camping Le Hounta, 65120 Sassis, France
Camping International;50 Av. du Barège, 65120 Esquièze-Sère, France
Camping La Varenne - Onlycamp;34 Rue de Veillas, 41210 Neung-sur-Beuvron, France
Camping Les Chaumes du Mont - Onlycamp;Rte de Couches, 21340 Nolay, France
Camping du lac Fontclaire 3 étoiles;Campsadourny, Rte de l'Escale, 11230 Puivert, France
Camping Les Amandiers;6 Rue Eole, 34120 Castelnau-de-Guers, France
Camping Du Bois Vert;2 Rue du Bois Vert, 56910 Carentoir, France
Camping de l'île aux pies;L'Île aux Pies, 35600 Bains-sur-Oust, France
Camping du Littoral;Ker Eugène, 56190 Ambon, France
Camping Les Goélands;Betahon - Plage, 13 Rue du Bedume, 56190 Ambon, France
Camping La Blanche Hermine;Le Petit Boissignan, 56190 Muzillac, France
Camping Domaine du Morbihan;20 Rue de l'Ancienne Gare, 56190 Ambon, France
Camping Floral;75 N7, 26740 La Coucourde, France
Camping du Bourg - Camping Alpes de Haute Provence;Route de Barcelonnette, 20 Av. du Souvenir Français, 04000 Digne-les-Bains, France
Camping Le Péguère;31 Rte de Pierrefitte, 65110 Cauterets, France
Camping Les Étangs Mina;17 Rte de Rochefort, 17600 Saint-Sornin, France
Camping Le Roc Qui Parle;12230 Nant, France
Camping Saint Paul;2 Rte Saint-Paul, 27480 Lyons-la-Forêt, France
Camping Aix-en-Provence;41 Av. du Val Saint-André, 13100 Aix-en-Provence, France
Camping Le Vieux Berger;2 Rte de Julos, 65100 Lourdes, France
Camping Domec;3 Rte de Julos, 65100 Lourdes, France
Camping Plein Soleil;11 Av. du Monge, 65100 Lourdes, France
Camping De Sarsan;4 Av. Jean Moulin, 65100 Lourdes, France
Camping La Via Natura D'Arrouach - Lourdes;9 Rue des 3 Archanges, 65100 Lourdes, France
CAMPING LA FORET;Rte de la Forêt, 65100 Lourdes, France
Camping du Loup;Chem. de la Forêt, 65100 Lourdes, France
Camping Le Vallon Des Cigales;31 Route de St Chamas, 13800 Istres, France
Camping du Muhlenbach;10 Rte de la Muhlenbach, 57230 Sturzelbronn, France
La Pignade - Camping Siblu;45 Av. du Monard, 17390 La Tremblade, France
Camping Capfun - Pinèdes du Lubéron;Av. Pierre Augier, 84120 Pertuis, France
Camping les Coullemières;Chem. des Coullemières, 89270 Vermenton, France
village Camping de l'Ostriconi;route du bord de mer T30 village Camping de l, Ostriconi lieu dit, 20226 Palasca, France
Camping U Sole Marinu Location mobil Home;Camping U Sole Marinu Lieu-dit, Catarelli, 20253 Patrimonio, France
Camping Nature L'Ombrage;6440 route de Ruoms, Petit Chaussy Quartier le, 07150 Lagorce, France
Camping les Terrasses de Xapitalia;115 Chem. de Xixtartegia, 64240 Hasparren, France
Camping Mas de la Cam Saint Jean du Gard;La Camp, 30270 Saint-Jean-du-Gard, France
Camping Le Nauzan Plage;39 Av. de Nauzan Plage, 17640 Vaux-sur-Mer, France
Camping de Montéglin;26 Av. de Montéglin, 05300 Laragne-Montéglin, France
Camping du Hameau des Damias;Ham. des Damias, 05300 Éourres, France
Camping Les Princes d'Orange - Ciela Village;185 chemin des bouissettes, 05700 Orpierre, France
Camping Les 2 Soleils - Ciela Village;845 Chem. du Sacre, 05700 Serres, France
Camping Le Garillon;10 Rue des Anciens Combattants, 10500 Radonvilliers, France
Camping Aquarev;Rte de Rennes, 22600 Loudéac, France
Camping Figurotta;Rte de Narbonne, 11200 Bizanet, France
Camping Le Marais Sauvage - Marais Poitevin;12 Rte de la Sèvre, 85420 Le Mazeau, France
Camping des Conches;6 Rte du Grand Port, 85420 Damvix, France
Camping Les Bruyères***;Le Bouis D255 MORGAT MORGAT FR, 29160 Crozon, France
Camping Homair - La Vallée;88 Rue de la Vallée, 14510 Houlgate, France
Camping Bonneval;165 Bonneval, 07380 Fabras, France
Camping Municipal Saint Pierre Château;Rue de St Pierre Château, 87120 Eymoutiers, France
Camping Le Cheyenne Limousin;Av. Michel Sinibaldi, 87130 Châteauneuf-la-Forêt, France
Camping La Calanque;La calanque, 2875 Rte de la Calanque lieu-dit, 89170 Saint-Fargeau, France
Camping île Blanche - Ile de Ré;CAMPING ILE BLANCHE, 9 Chem. des Bardonnières, 17630 La Flotte, France
Camping Les rives du lac;286 Av. Gambetta, 46250 Cazals, France
FLOWER CAMPING La Pointe Du Talud;Chem. de Kerroch, 56270 Ploemeur, France
Camping Rondinara;Suartone, 20169 Bonifacio, France
Camping Les Mouettes;1 Rue de l'Étang, 57815 Gondrexange, France
Camping Les Orangers;4 Chem. de Fiumicellu, 20200 San-Martino-di-Lota, France
Camping Aux Portes de Cassis;1120 Rte de Cassis, 13830 Roquefort-la-Bédoule, France
Camping du Pont Picot;Rue de Chevroches, 58500 Clamecy, France
Camping Brasserie les Argousiers;766 Rue des Hemmes d'Oye, 62215 Oye-Plage, France
Camping du Port Mulon;Rue des Mares Noires, 44390 Nort-sur-Erdre, France
Village et camping Les Bris Vacances passion;70 Bd de Gatseau, 17370 Saint-Trojan-les-Bains, France
Camping Sous Le Clocher;:, Route de Vincelles lieu dit, Le Clocher de Dormans, 02850 Trélou-sur-Marne, France
Camping les Domes;Les quatre routes de, 63210 Nébouzat, France
Camping de la Haute Sioule;59 Route de la Sioule, 63210 Saint-Bonnet-près-Orcival, France
Motorcamping LEF;Cezenne, 03250 La Guillermie, France
Camping Le Ventoulou - Lot;208 route de Mayrinhac, 46500 Thégra, France
Camping La Pommeraie;2 bis Av. Philadelphe de Gerde, 65200 Gerde, France
Camping Le Lizot;Le Lizot, 17470 Saint-Mandé-sur-Brédoire, France
Camping Terre de Loire;6 route du, 6 Port Saint-Maur route du, 49250 La Ménitré, France
Camping de l'Ile Chambod ***;3232 Rte du Port, 01250 Hautecourt-Romanèche, France
Camping le Fromentel;Etang Moulin De Fromentel, 1558 Rte de Bavay, 59144 Gommegnies, France
Camping de l'Ill - Colmar;Colmar, 1 All. du Camping, 68180 Horbourg-Wihr, France
Camping Le Bodri;1 Ldt Palaja, 20256 Corbara, France
Camping Le Ruisseau;900 Rue Burruntz, 64210 Bidart, France
Camping Rendezvous Lunas;11 Rte de Joncels, 34650 LUNAS, France
camping le cap du roc;1700 route de la palme, 11210 Port-la-Nouvelle, France
Camping Au Pré de l'Étang;L'Elemière, 85150 Sainte-Foy, France
Fred's Place Camping Le Grand Chemin;15 Rte des Jaunets, 50870 Subligny, France
Camping de la Tour - Oudon;la Gare, 44521 Oudon, France
Camping des Halles - Onlycamp;All. Marcel Merle, 58300 Decize, France
Camping La Ferme de la Maison Neuve;La Maison Neuve, 85280 La Ferrière, France
Camping La sensée;59265 Rue Jean Baptiste Alphonse, 59265 Aubigny-au-Bac, France
Camping de La Bradiere / Ouvert toute l'année;chemin de la bradière, 49170 Savennières, France
Camping Capfun - Grenouillère;Château de la Grenouillere, 41500 Suèvres, France
Camping municipal du Freyssinet;PELVOUX Plateau des Essarts, 05340 Vallouise-Pelvoux, France
Camping d'Ailefroide;3405 Rte d'Ailefroide, 05340 Vallouise-Pelvoux, France
Camping Tikayan La Célestine;D907, 04270 Beynes, France
"Camping Lozère Lac de Naussac ""Le Vieux Moulin""";Védilhon, 48600 Grandrieu, France
Camping Capfun - Lou Village;Chem. des Montilles, 34350 Vendres, France
Camping Homair - Plage et Bord de Mer;Av. de la Méditerranée, 34350 Vendres, France
Camping Côte du Soleil - Vacances André Trigano;chemin Des Pêcheurs Valras, 34410 Sérignan, France
Camping Valras Monplaisir;Chem. des Montilles, 34350 Valras-Plage, France
Camping car et van camp Hello Summer Inn;0 Av. Charles Cauquil, 34350 Valras-Plage, France
Le Garrigon - Camping Vaucluse & Drôme provençale;69 Anc. Chem. Anc. Chem. de Visan 84 600, 84600 Grillon, France
Camping les Pins d'Ucel - 4 étoiles;35 Rte de Brechignac, 07200 Ucel, France
Camping Du Lac Terre d'Auge - Lodge 5 personnes - Lodge 2 chambres - sans sanitaires;14130 Pont-l'Évêque, France
Camping du lac Terre d'Auge à Pont-l'Evêque;D48, 14130 Pont-l'Évêque, France
Camping de la Verdière | Camping avec piscine | Les Gorges du Verdon;345 Rte de Manosque, 83560 La Verdière, France
Camping Capfun - Sagittaire;Le Pont de Mirabel, 26110 Vinsobres, France
Camping Vagues Océanes - Lac de Panthier;1 Chemin du Lac, 21320 Vandenesse-en-Auxois, France
Camping de Sologne Salbris;8 All. de la Sauldre, 41300 Salbris, France
Camping La Simioune Vaucluse & Drôme Provençale;2100 Chem. de Guffiage, 84500 Bollène, France
Camping La Résidence d'été - Mobilhome 8 personnes - Cottage Prestige Famille Clim - 35 m² - 3 chambres - 6/8 pers - climatisation & plancha;07700 Saint-Remèze, France
Camping La Résidence d'été - Mobilhome 4 personnes - Cottage Confort Clim - 24 m² - 2 chambres - 4 pers - climatisé;07700 Saint-Remèze, France
Camping Le Picard- Camping en Normandie - Camping Bayeux;Calvados Normandy, 48 Voie Hubert, 14330 Tournières, France
Camping Le Mouriol;RD680, 15140 Salers, France
Piscine du Camping Le Val d'Amour;1 Rue du Val d'Amour, 39380 Ounans, France
Flower Camping Le Fondespierre - Mobilhome 6 personnes - Premium - 28m²;34160 Castries, France
Flower Camping Le Fondespierre - Mobilhome 4 personnes - STANDARD - 26m²;34160 Castries, France
Flower Camping Le Fondespierre - Mobilhome 2 personnes - Mobil-home standard - 15 m² (1 chambre - climatisation - TV);34160 Castries, France
Flower Camping Le Fondespierre - Mobilhome 5 personnes - STANDARD 28M²;34160 Castries, France
Flower Camping Le Fondespierre - Mobilhome 4 personnes - CONFORT - 26m² (2 chambres + climatisation);34160 Castries, France
Flower Camping Le Fondespierre - Mobilhome 6 personnes - CONFORT 4/6 pers 31 m²;34160 Castries, France
Camping Municipal de Vire;Route de Maisoncelles, 14500 Vire Normandie, France
Camping Municipal des Bords de Vire;Le Moulin de sous le Bois, 50420 Tessy-Bocage, France
Camping 3* Le Lac des Charmilles;Route de Vire, 50160 Torigny-les-Villes, France
Flower Camping La Pibola Ariège Pyrénées;Le, Cazalet, 09500 Camon, France
Camping Les Nysades;Camping Les Nysades, Av. Jean Durroux, 09500 Mirepoix, France
Camping du Chêne Vert - Castelnau-de-Montmiral - Séjour ressourcant au coeur du tarn;342 Grande route de Grésigne, 81140 Castelnau-de-Montmiral, France
Camping La Prade - Tente en toile et en bois 6 personnes - LE NID ECOLODGE AVEC COUCHAGES EN ETAGE;81190 Montirat, France
Camping La Périgourdine;La Périgourdine, 24370 Pechs-de-l'Espérance, France
Camping Les Belles Rives;624 Rue de la Rivière, 24370 Cazoules, France
Flower Camping Les Ondines;Rue des Ondines, 46200 Souillac, France
Flower Camping Les Ilates;Le Petit Boucheau, Rte du Grouin, 17111 Loix, France
Camping So De Prous;19 Larise, 65120 Saligos, France
CAMPING AU VALLON ROUGE · APV · 4 Etoiles avec piscine - Provence;Rte de Gréolières, 06480 La Colle-sur-Loup, France
Camping Sites et Paysages - Les Pinèdes - Mobilhome 4 personnes - Grand confort Riviéra;06480 La Colle-sur-Loup, France
Camping Sites et Paysages - Les Pinèdes - Mobilhome 4 personnes - Cottage Premium Bora;06480 La Colle-sur-Loup, France
Camping Le Champ Long;Camping Le Champ Long, 52 allée du drac Chemin de, 38350 La Salle-en-Beaumont, France
Camping Belvédère de l'Obiou ****;Les Égâts n°4692, 38350 Saint-Laurent-en-Beaumont, France
Camping Saumur;Imp. de la Brèche, 49730 Varennes-sur-Loire, France
Camping Le Pyrénéen;rue du Bois de Pan, 31110 Salles-et-Pratviel, France
Camping le Domaine de Gajan - Mobilhome 4 personnes - Confort + LIFE PMR;34160 Boisseron, France
Camping Parc du Val de l'Eyre;8 Rte de Minoy, 33770 Salles, France
Camping l'Horizon;754 Le Thoron, 74290 Talloires-Montmin, France
Camping du Lac;558 Rte d'Angon, 74290 Talloires-Montmin, France
Camping La Chapelle Saint-Claude;125 Rte du Ponton, 74290 Talloires-Montmin, France
Camping Le Clos Don Jean;435 Rte du Clos Don Jean, 74290 Menthon-Saint-Bernard, France
Camping Le Lanfonnet;948 Rte d'Angon, 74290 Talloires-Montmin, France
Lac d'Annecy Camping ****;1184 Rte d'Albertville, 74410 Saint-Jorioz, France
Camping le Crêtoux - Lac d'Annecy;1059 Rte d'Entredozon, 74410 Saint-Jorioz, France
Le Bloemstraete (camping / gites / chambres d'hotes / camping car);1 Rue du Bloem Straete, 59173 Renescure, France
Camping *** les Prés de la Mer;61 Grande Rue, 76450 Vittefleur, France
Camping**** Maupassant;12 Rue de la Folie, 76450 Vittefleur, France
Camping Vosges - Au Clos de la Chaume Sites et Paysages;671 Rue d'Alsace, 88430 Corcieux, France
Camping Barre Y VA;16 Rte de Villequier, 76490 Rives-en-Seine, France
Grand camp Famille de Camping pleine nature Maison Espalanusse;64360 Lucq-de-Béarn, France
Camping Le Val de Cesse - Mobilhome 4 personnes - PREMIUM 30m² - 2 chambres - TV - lave-vaisselle - climatisation - terrasse;11120 Mirepeisset, France
Camping Le Val de Cesse - Mobilhome 6 personnes - PREMIUM 32m² - 3 chambres - TV - lave-vaisselle - climatisation - terrasse;11120 Mirepeisset, France
Camping Le Val de Cesse - Mobilhome 4 personnes - WELCOME 27m² - 2 chambres - TV - climatisation - terrasse;11120 Mirepeisset, France
Camping Le Val de Cesse - Mobilhome 6 personnes - WELCOME 32m² - 3 chambres - TV - climatisation - terrasse;11120 Mirepeisset, France
Camping Les Roches;215 Mnt des Carriers, 07200 Vogüé, France
Camping Les Peupliers en sud Ardèche à Vogüé;350 Chem. de l'Auzon, 07200 Vogüé, France
Camping la Sousta;28 Av. du Pont du Gard, 30210 Remoulins, France
Camping Clicochic - Gorges du Gardon;762 Chem. de la Barque Vieille, 30210 Vers-Pont-du-Gard, France
Camping Gorges du Gardon;Chem. du Passeur, 30210 Vers-Pont-du-Gard, France
Camping De la Belle Étoile;Rue du Stade, 42380 Saint-Bonnet-le-Château, France
Camping La Marmotte Sites et Paysages - Caravaneige;1228 Av. Maréchal Leclerc, 63150 La Bourboule, France
Camping Le Panoramique;Rte de la Gacherie, 63150 Murat-le-Quaire, France
Camping Le Montbartoux - Auvergne - Puy de Dôme - 3 étoiles;1838 Montbartoux, 63120 Vollore-Ville, France
Camping Capfun - Mirabelle;Rte de Luttange, 57940 Volstroff, France
Camping Mercone;2357 Route du Boziu, 20250 Corte, France
Camping U Sognu;Route de la Restonica, 20250 Corte, France
Camping Saint Pancrace;Chem. de Saint-Pancrace, 20250 Corte, France
CAMPING ALIVI DI A RESTONICA;3 Faub. St-Antoine, 20250 Corte, France
Camping La Restonica;2 Faub. St-Antoine, 20250 Corte, France
Camping de Tuani;Vallée de la Restonica, 20250 Corte, France
Camping Campita;20236 Omessa, France
Camping Les Chaumettes;441 Chem. de Chambarot, 83440 Montauroux, France
Camping du Pont des Bergers;11 Rue du Pont des Bergers, 86600 Sanxay, France
Camping Le Soulhol;Quai Auguste Salesse, 46400 Saint-Céré, France
Camping Lou Cornal;212 Chem. du Cornal, 47270 Saint-Pierre-de-Clairac, France
Camping municipal St Jacques;Quartier St Jacques, 06430 Tende, France
Camping à la Ferme du Seuillet;Rte de Turini, 06380 Moulinet, France
Camping Le Romantic - Emplacements toiles de tentes et camping-cars - Parcelles résidentielles (ouvert à l'année);51 Rue des Frères Patteyn, 59114 Steenvoorde, France
Camping La Joletiere;D99, 85200 Mervent, France
Camping Domaine de La Tour - Camping Hautes Pyrénées;41 Av. du Lavedan, 65400 Agos-Vidalos, France
Camping La Ribère / Location Chalets et Emplacements;30 Rte de Labatsus, 65120 Barèges, France
Camping les Avignon - la Laune;Chem. de Saint-Honoré, 30400 Villeneuve-lès-Avignon, France
Camping PYRENEVASION;954 Route de L'Ardiden, 65120 Sazos, France
Camping La Mousquère;9 route de la mousquère, 65170 Bourisp, France
Camping le Rioumajou;65170 Bourisp, France
Camping du Val d'Autun;11 Rte d'Autun, 65170 Saint-Lary-Soulan, France
Camping De Bernadou;738 Chem. de Lisar, 31340 Villemur-sur-Tarn, France
Camping les Oliviers;Chem. de Saint-Sauveur, 04700 Oraison, France
Camping Base De Plein Air;4 Chem. du Gué Rappeau, 55300 Saint-Mihiel, France
Camping les Rives d'Auzon - Mobilhome 8 personnes - Confort pour 6/8 personnes;07170 Saint-Germain, France
Camping les Rives d'Auzon - Mobilhome 6 personnes - Confort pour 4/6 personnes - NEW;07170 Saint-Germain, France
Camping les Charmilles - Ardèche;1935 Route de Mirabel Quartier le, Clapas, 07170 Darbres, France
Camping - Gîte les Myrtilles Luchon Eté-Hiver;2 Chem. de la Tribune, 31110 Moustajon, France
Camping De KerEmma;Sablière, 29430 Tréflez, France
Camping Le Moulin des Effres;Complexe des Effres, 79130 Secondigny, France
Camping Domaine de la Pinède - Vacances André Trigano;Rte de Melgven, 29910 Trégunc, France
Camping Le bourgogne;14 Rue du Saucil, 89500 Villeneuve-sur-Yonne, France
Camping La Vallée Bleue Sahune;277 Rte de Nyons, 26510 Sahune, France
ZEcamping 3 étoiles familial piscine chauffée locatif TV BBQ 32m2;80132 Port-le-Grand, France
Camping municipal de Beausoleil;42310 La Pacaudière, France
Camping sauvage chez l'habitant et Equest Terrain pour camping car;Sous le Mont, 14260 Les Monts d'Aunay, France
Camping des Rosaires;Chem. de Cadoret 3 b, 22190 Plérin, France
Camping Les Madières;le Vau Madec Lieu dit, 22590 Pordic, France
Camping La Petite Ville;75 Rue Lamartine, 22590 Pordic, France
Camping Les Mouettes **;Rue de la ville Ernault, 22190 Plérin, France
ZEcamping 3 piscine chauffée sauna jacuzzi chalet 8m2 2 pers;29690 Huelgoat, France
Camping Yelloh Village L'Etoile des Neiges;201 route de Serre-Nauzet, 04140 Montclar, France
Camping Lou Passavous;3 Rte de Roussimal, 04140 Le Vernet, France
Camping Capfun - Fort Falabraque;Rue des peupliers, 67470 Seltz, France
Camping Capfun - Val d'Authie;20 Rte de Vercourt, 80120 Villers-sur-Authie, France
Piscine du camping Capfun Château d’Arvid;17 Rue Fernand Ledoux, 14113 Villerville, France
Camping Capfun - Château D'Arvid;Rte du Val, 14113 Villerville, France
Camping Capfun Plantas;1910 Rte des Plantas, 07360 Saint-Vincent-de-Durfort, France
Camping La Bourgnatelle - Mobilhome 4 personnes - LOGGIA;46130 Bretenoux, France
Camping Capfun - Parc de Paris;24 Rue Adèle Claret, 77410 Villevaudé, France
Le Camping de Cucugnan;9 lieu dit de pla de l'oum, 11350 Cucugnan, France
CAMPING DU LAC ****;CAMPING DU LAC, 22 Imp. du Plan d'Eau Rue du, 72160 Tuffé Val de la Chéronne, France
Camping Municipal de Tulette;143 Av. du Château, 26790 Tulette, France
Camping EAU NATURELLE 2 étoiles Dordogne-Périgord Noir;102 Chem. de la Combe, 24620 Tursac, France
Camping La Ferme du Pelou Dordogne Périgord noir;Le pelou, 24620 Tursac, France
ZEcamping 4 piscine chauffée toboggans animaux acceptés locatif 20m2;07200 Ucel, France
ZEcamping 2 étoiles piscine animaux acceptés locatif 4 pers;20240 Ghisonaccia, France
Camping Le Martinet - Onlycamp;14 Rte du Martinet, 39200 Villard-Saint-Sauveur, France
Camping Du Lac Terre d'Auge - Mobilhome 4 personnes - Premium 2 chambres 31m²;14130 Pont-l'Évêque, France
Camping Tentes Gîtes Le Vallon d'Estivaux - Corrèze Nouvelle Aquitaine;11 Route de Moncoulon, 19410 Estivaux, France
Flower Camping Le Soleil des Bastides - Mobilhome 6 personnes - Mobil home Lodgia option climatisation (4 adultes max + 2 pers. - 18 ans) 4/6 pers;81140 Cahuzac-sur-Vère, France
Camping du Pont à Cochons;113 Rue des Pierres, 59229 Téteghem-Coudekerque-Village, France
Camping Le Daguet - Mobilhome 4 personnes - PANORAMA;24170 Saint-Laurent-la-Vallée, France
Camping Le Céou - Bungalow toilé 4 personnes - 2 chambres (sans sanitaire);24250 Saint-Cybranet, France
Camping Les Rives de la Dordogne - Vacances André Trigano;1871 Rte de la Forêt, 24250 Domme, France
Camping Le Verdoyant;211 Chem. du Jarry Carrey, 24210 Thenon, France
Camping La Garenne - Mobilhome 4 personnes - 22 Résidence les tournesols + Terrasse couverte +Télévision 1/4 pers;24210 Peyrignac, France
Camping La Garenne - Mobilhome 6 personnes - 24 Résidence Noisette 32m2 Terrasse Couverte + télevision + Lave vaisselle + climatisation 1/6 pers;24210 Peyrignac, France
Camping La Garenne - Mobilhome 4 personnes - 71 Résidence les chênes + Terrasse couverte +Télévision 1/4 pers;24210 Peyrignac, France
Camping Municipal;Sur RD 3, Lieu-dit La Chapelle, 200 m RD 117, Saint-julien, 39320, France
Camping Municipal Solange Sand **;2 Pl. de Verdun, 36400 Montgivray, France
Camping les Peupliers - Tente en toile et en bois 5 personnes - Ecolodge;34440 Colombiers, France
Camping de la Pelouse;6 Chem. du Fey, 54470 Jaulny, France
Camping La Palhère;Camping la Palhère, 373 Rte du Mas de la Barque, 48800 Pourcharesses, France
Camping Lac de Villefort;846 rue de Bayard, 48800 Pourcharesses, France
Camping de Saint-Aygulf Plage;270 Bd Salvarelli Quartier de, 83370 Fréjus, France
Camping de l'Étang;14 Rue de l'Étang, 28480 Thiron-Gardais, France
Camping Paradis Les 2 îles - Peyrat-le-Château;130 Rte du Barrage, 87470 Peyrat-le-Château, France
Camping Les Couesnons près du Mont Saint Michel;8 L'Hôpital, 35610 Roz-sur-Couesnon, France
Camping La Marjorie - Chalet 6 personnes - Class 3;39000 Chille, France
ZEcamping 4 étoiles piscine mobil-home TV BBQ clim 36m2;30140 Mialet, France
Camping Les Rivages Sandaya - Millau - 4 étoiles;860 Av. de l'Aigoual, 12100 Millau, France
Camping de Thoissey - Val de Saône*** - Porte Dombe Beaujolais;Le Port, 01140 Thoissey, France
Camping de l'Hofland;1482 Rte de Bourbourg, 59285 Rubrouck, France
Camping Les Goélands proche Dieppe - Seine Maritime;11 Rue des Grèbes, 76370 Petit-Caux, France
Camping de la Base Nautique;1 chemin de la plage, 12490 Saint-Rome-de-Tarn, France
Camping la Kilienne;1 Rue du Moulin, 62760 Warlincourt-lès-Pas, France
camping la kilienne passage camp 4;22 Rue de la Vallée, 62760 Grincourt-lès-Pas, France
Camping Le Lac de Thoux - Ciela Village - Gers;lieu dit Lannes, 32430 Thoux, France
Camping Meilhan sur Garonne;Lieu dit Au Jardin, 47180 Meilhan-sur-Garonne, France
Camping La Forêt;Falguières, 30270 Saint-Jean-du-Gard, France
Camping du Port d'Alon;1647 Rte de Port d'Alon, 83270 Saint-Cyr-sur-Mer, France
Camping des Eydoches;515 Av. des Marais, 38260 Faramans, France
Camping municipal L'Etoile Saint-Hilaire-de-Chaléons;place, Rue Eloi Guitteny, 44680 Saint-Hilaire-de-Chaléons, France
Camping La Rabine - Piscine chauffée & Nature (Rétro-littoral);All. de la Rabine, 44270 Machecoul-Saint-Même, France
Camping Domaine du Collet - Loire Atlantique;Le Collet, 44760 Les Moutiers-en-Retz, France
Camping Les Chênes Verts;215 Rue des Prés Morin, 44580 Villeneuve-en-Retz, France
Camping Ile aux loisirs;102 Rte de Saint-Savinien, 17350 Le Mung, France
Camping Las Prades;Chem. de Lasprades, 31250 Vaudreuille, France
Camping Flower Au Bois des Biches à Saint Hilaire de Riez;9 Chem. de Petite Baisse, 85270 Saint-Hilaire-de-Riez, France
Camping Odalys L'Etang de Besse;2 Av. de la Parée Préneau, 85270 Saint-Hilaire-de-Riez, France
Aloa Vacances - Camping Riez à la Vie;23 Av. de la Parée Préneau, 85270 Saint-Hilaire-de-Riez, France
Camping Panorama du Rohou (Ouvert du 15 Mars au 1er Novembre);17 Chem. du Rohou, 22620 Ploubazlanec, France
Camping Paradis Le Vallespir | Camping Arles-sur-Tech (66);Avenue Alzine Rodone, 66150 Arles-sur-Tech, France
Camping du Riuferrer - Bungalow toilé 4 personnes - MARQUISE;66150 Arles-sur-Tech, France
Camping LES FOULONS;220 Rte de Lamastre, 07300 Tournon-sur-Rhône, France
Camping Eurosol Yelloh Village - Landes;4259 Rte de la Plage, 40560 Vielle-Saint-Girons, France
Camping L'Océane | Camping 4 étoiles Landes;6348 Rte des Lacs, 40560 Vielle-Saint-Girons, France
Campings Anwb;Parc de Fierbois, 37800 Sainte-Catherine-de-Fierbois, France
Camping de la Motte;Le Port de Nouatre, 37800 Marcilly-sur-Vienne, France
Camping Saintes Grandes Rives - Tente en toile et en bois 4 personnes - Safari Lodge - 2 chambres + Frigidaire + Terrasse;17810 Saint-Georges-des-Coteaux, France
Camping des Salines - Salies de Béarn | BEARN;1 Chem. de Mosqueros, 64270 Salies-de-Béarn, France
Camping Résidence Mare e Monte - Maison 4 personnes - Villa Stella 2/4 personnes (41 m²);France
Camping La Source;425 Rte des Gweiots, 56360 Sauzon, France
Camping Le Tivoli - Camping ouvert du 1er mai au 31 août;38 Rue du Ponteil, 34190 Laroque, France
Camping Sites et Paysages - Le Vaubarlet - Mobilhome 6 personnes - ROCHEBARON - Mobil Home 5 6 pers;43600 Sainte-Sigolène, France
Camping Sites et Paysages - Le Vaubarlet - Mobilhome 7 personnes - LA TRIBU- Mobil Home 4 7 pers;43600 Sainte-Sigolène, France
Camping Ushuaïa villages Sabot - Mobilhome 4 personnes - OHARA TYPE 2;43200 Saint-Maurice-de-Lignon, France
Camping 4 étoiles - Piscine - ccbgafi;49700 Doué-en-Anjou, France
Camping;72 A Rte de la Hingrie, 68660 Rombach-le-Franc, France
Camping Les Cerisiers du Jaur - Mobilhome 4 personnes - COTTAGE BIGARREAU 26 m² 2 CHAMBRE C;34220 Saint-Pons-de-Thomières, France
Camping Municipal Le Claps;268 Route de Vieussan, 34390 Mons, France
Camping Car Mobil-home Tentes Lamalou les Bains Domaine de Gatinié;801 Rte de Gatinié, 34600 Les Aires, France
Camping La Plage de L'Orb - Mobilhome 4 personnes - 2 chambres 4 personnes;34460 Cessenon-sur-Orb, France
Camping Les Cerisiers du Jaur - Mobilhome 2 personnes - COTTAGE SWEET 18 m² 1 CHAMBRE;34220 Saint-Pons-de-Thomières, France
Camping 3 étoiles - Piscine - ccbgaci;28120 Illiers-Combray, France
Camping Les Mouettes – Agon-Coutainville – Manche;7 Rue du Dr Viaud, 50230 Agon-Coutainville, France
Camping Capfun - Suzel;Rte de Herrlisheim D1, 68127 Sainte-Croix-en-Plaine, France
Camping D'auberoche - Mobilhome 4 personnes - Trigano Confort 4 personnes;24640 Bassillac et Auberoche, France
Camping D'auberoche - Mobilhome 4 personnes - MERCURE 29m² - 2 chambres;24640 Bassillac et Auberoche, France
Camping Le Clupeau;Le Clupeau, 451 Rte de Génis, 24390 Cherveix-Cubas, France
Camping fondespierre;277 Pioch Viala, 34160 Castries, France
ZEcamping 4 étoiles piscine couverte club enfant locatif 28m2 8 pers;40160 Gastes, France
ZEcamping 4 animé piscine couverte animaux acceptés locatif clim 28m2;40160 Gastes, France
ZEcamping 4 familial piscine couverte animaux acceptés locatif clim;40160 Gastes, France
ZEcamping 4 piscine couverte locatif clim 36m2;40160 Gastes, France
ZEcamping 4 familial piscine couverte chiens acceptés locatif clim;40160 Gastes, France
ZEcamping 4 familial piscine couverte locatif clim 28m2 6 pers;40160 Gastes, France
ZEcamping 4 piscine couverte animations locatif clim 36m2 6 pers;40160 Gastes, France
ZEcamping 4 étoiles piscine couverte locatif TV LV clim 36m2;40160 Gastes, France
Camping aux 4 vues;2190 Rte de Lasbordes, 11400 Saint-Papoul, France
Camping Le Pré aux Moines - Onlycamp;Av. de la Gare, 41360 Savigny-sur-Braye, France
Camping 3 étoiles Borepo - Villeveyrac;domaine st raymond, 34560 Villeveyrac, France
Camping & Gîtes l'AFFENAGE Vallée de l'Hérault;Av. de Canet, 34230 Le Pouget, France
Camping Paradis Family les Rives de l'Hérault;Chem. de la Meuse, 34150 Gignac, France
Camping Capfun - Hauts de Ratebout;1892 Rte de Ratebout, 24170 Sainte-Foy-de-Belvès, France
Camping Les Bords de Creuse;Rue du Pont, 37290 Yzeures-sur-Creuse, France
Camping le Rousieux - Tente en toile et en bois 4 personnes - Lodge Safari - 25m² - 2 chambres + terrasse 10m2;81220 Serviès, France
Camping le Domaine des Guifettes · APV · 3 étoiles;Rue de la Clairaye, 85400 Luçon, France
Camping 3 étoiles en Vendée à l'Aiguillon la Presqu'Île - Flower camping Le Pré des Sables;Rue Jean Racine, 85460 Grues, France
Camping Du Lac Terre d'Auge - Mobilhome 4 personnes - Mobil home 2 chambres 25m²;14130 Pont-l'Évêque, France
Aire naturelle de camping Sore;183 Rue de la Piscine, 40430 Sore, France
Camping 4 étoiles - Piscine - ccbade0;09240 La Bastide-de-Sérou, France
Camping prévert 2 épis Gites de Fr à Lespielle 64350;8 Chem. du Bourg, 64350 Lespielle, France
Camping 2 étoiles - Piscine - ccbgbhe;06380 Sospel, France
Camping Village des Monedières - Insolite 2 personnes - CABANE LE POD sans sanitaires;19370 Chamberet, France
Camping la Comtesse I Camping nature à Bélus;1188 Route de Claquin, Lieu dit Claquin, 40300 Bélus, France
Camping du Lac de Paladru - Le Sans Souci;3360 Rte des Chevaliers de l'An Mil, 38620 Montferrat, France
Flower Camping Le Fondespierre - Tente en toile et en bois 5 personnes - Free Flower Tente Bali;34160 Castries, France
Camping de la Cornée du Der;1 La Cornée, 51290 Sainte-Marie-du-Lac-Nuisement, France
Camping Homair - Le Cormoran;2 Le Cormoran, 50480 Sainte-Mère-Église, France
Camping Piscine Saint-Jean-de-Vaux;Rue de la Piscine, 71640 Saint-Jean-de-Vaux, France
Camping Le Large;Le Large, 01330 Villars-les-Dombes, France
Camping La Gravière;Rue de la Gravière, 03270 Saint-Yorre, France
Camping Les Marguerites - Tente en toile et en bois 5 personnes - SLOW LODGE - sans sanitaire;80220 Gamaches, France
Camping Le Rivage;Rue André Toutain, 76111 Yport, France
Camping Lot - Les Granges - OUVERT;Impasse des, 401 Rte des Granges de Mezels, 46110 Vayrac, France
Camping Latapie;Latapie, 82220 Vazerac, France
Piscine du camping;3083 Pass. de la Negade, 33780 Soulac-sur-Mer, France
Camping Goyenetche;Route des grottes - D306, 64310 Sare, France
Camping Côte des Nacres;5273 ROUTE DE BONIFACIO, 20240 Solaro, France
Camping Sole D'oru;693 STRADA DI U MARE, 20240 Solaro, France
Camping U Rosumarinu;Route Bavella, 20145 Sari-Solenzara, France
Camping au fil de l'eau Dordogne Périgord Piscine Rivière;6 All. des Platanes, 24420 Antonne-et-Trigonant, France
Camping d'Esplantats;D929 Imp. du Cap de Paou, 65410 Sarrancolin, France
Camping De Larbey;2 Rte de Cauterets, 65260 Pierrefitte-Nestalas, France
Mobile-home 6 personnes dans camping avec piscine - accès direct plage - MADEN;56370 Sarzeau, France
Camping L'Oiseau Blanc;10 Rue du Moulin, 76540 Sassetot-le-Mauconduit, France
Camping Yelloh Village Perla Di Mare à Ghisonaccia en Corse;Rte de la Mer, 20240 Ghisonaccia, France
Camping Les Fontaines - Ciela Village;125 Chem. de la Chapelette, 84210 Pernes-les-Fontaines, France
Camping Homair - Atlantic Club Montalivet;47 Av. de l'Europe, 33930 Vendays-Montalivet, France
Camping Sites et Paysages - Les Pinèdes - Mobilhome 4 personnes - Cottage Privilège Pacifique;06480 La Colle-sur-Loup, France
Camping Sites et Paysages - Les Pinèdes - Mobilhome 4 personnes - Grand confort Figuéras;06480 La Colle-sur-Loup, France
Camping Sites et Paysages - Les Pinèdes - Mobilhome 6 personnes - Cottage Privilège Soléa;06480 La Colle-sur-Loup, France
Camping humawaka Gorges du Verdon et Artuby;77 Chem. de Deroc, 83840 Comps-sur-Artuby, France
Camping ClicoChic - Beau Rivage;24250 La Roque-Gageac, France
Camping Clicochic - Les Plages de Beg Léguer;Rte de la Côte, 22300 Lannion, France
Camping La Mare aux Fées;6 Rue de l'Eglise, 11340 Roquefeuil, France
Les Dunes de Contis - Camping Siblu;Rte de Contis, 40170 Saint-Julien-en-Born, France
Village de vacances & Camping Cévéo de Mimizan Plage;18 Rue des Marsouins, 40200 Mimizan, France
Camping Yelloh Village Le Talouch;D148, 32810 Roquelaure, France
Camping Capfun - Clown Ocean;40 Avenue de Sparben, 40230 Tosse, France
Camping Voyageurs;54510 Tomblaine, France
Camping Le Verdier Gard Cevennes;Parc national des Cévennes, 1741 Route de la Vallée Borgne, 30125 Saumane, France
Camping du Château de l'Hom;Château de l'Hom, 30125 Saumane, France
Camping Le Caylou;Le Caylou, 30122 Les Plantiers, France
Camping à la ferme Lou Mas del Miech;Lou Mas del Miech, 48370 Saint-Germain-de-Calberte, France
Camping Les Granges - Hébergement 2 personnes - Tente toilée Dk'Bane;46110 Vayrac, France
Camping Les Granges - Mobilhome 4 personnes - Confort SAFARI 21 m² + terrasse couverte;46110 Vayrac, France
Camping Les Tamaris Sandaya - Frontignan Plage - 5 étoiles;140 Av. d'Ingril, 34110 Frontignan, France
Camping Champagne Ardenne;D974, 52200 Saints-Geosmes, France
Camping Le Sablon;Rabachou, 47140 Saint-Sylvestre-sur-Lot, France
Camping Berges du Lot;1 All. des Berges du Lot, 47140 Saint-Sylvestre-sur-Lot, France
Camping du Plan d'Eau;Cartel, 06660 Saint-Étienne-de-Tinée, France
Camping Caravaning Les Cerisiers;47 Rue du Pont Rouge, 62180 Verton, France
Camping Les Tourterelles;500 Rue des Robert, 62180 Rang-du-Fliers, France
Grand Marais Camping caravaning;25 Rue du Pont Rouge, 62180 Verton, France
Camping Sigean - AZUREVA;1 Rue de la Clauze, 11130 Sigean, France
Camping SEASONOVA Ensoya - Sigean;54 Av. de Perpignan, 11130 Sigean, France
Camping le Chêne Tallard;2 Le Chêne, 05130 Tallard, France
Flower Camping Les Cadenières - Provence;RD 560 1427, 83690 Villecroze, France
Camping Le Verger;74320 Sevrier, France
Camping SEASONOVA Les Mouettes - Veules les Roses;Av. Jean Moulin, 76980 Veules-les-Roses, France
Camping de Veuzain sur Loire - Onlycamp;1 Imp. des Robiniers, 41150 Veuzain-sur-Loire, France
Camping Lot | Le Moulin du Bel-Air;685 Rte du Céou, Claux de Bouyssole, 46310 Saint-Germain-du-Bel-Air, France
Camping Le Moulin des Donnes ***;46310 Concorès, France
Camping Roudayres;Roudayres, 46360 Les Pechs du Vers, France
Camping Valbonheur;129 Imp. du Lac, 38740 Valbonnais, France
Camping Ushuaïa villages Sabot - Mobilhome 4 personnes - OHARA TYPE 1;43200 Saint-Maurice-de-Lignon, France
Piscine du Camping;Camping Tuilerie, Zone de Loisirs de, La Tuilerie, 57630 Vic-sur-Seille, France
CAMPING DU MENHIR;19 Rte de Clos er Bé, 56730 Saint-Gildas-de-Rhuys, France
Camping Les Genêts;30 Rue du Sens, 56370 Sarzeau, France
Camping Valhalla entre le Havre et les falaises d'Etretat - Ouvert / Open 15/03/26;20 Rue des Oeillets, 76280 Saint-Jouin-Bruneval, France
Camping Les Amandaies;Attention !! ne pas prendre le chemin indiqué par GPS D25. il faut rester sur la D17 entre mouries et aureille .puis c' est le, mas bou malek goudronné et il y a une pancarte indiquant le campingl FR, 17 Chem. du Mas Saint-Paul, 13890 Mouriès, France
Camping Ardeche Les Coudoulets;120 Chem. de l'Ardèche, 07120 Pradons, France
Piscine du Camping Le Pont Astier;Pont Astier, 63190 Orléat, France
Camping Village Club L'Evasion - Tente en toile et en bois 5 personnes - Lodge sans sanitaire;46700 Puy-l'Évêque, France
Camping Village Club L'Evasion - Chalet 6 personnes - 2 chambres;46700 Puy-l'Évêque, France
Camping Village Club L'Evasion - Chalet 7 personnes - 3 chambres;46700 Puy-l'Évêque, France
Camping Village Club L'Evasion - Chalet 7 personnes - 7 Plus;46700 Puy-l'Évêque, France
Le Petit Réal Camping & Gites Ruraux;1095 Chem. de Sauvebonne, 83210 Solliès-Pont, France
Domaine des Bois d’Anjou – Camping & Chalets;Moulin de Fontaine D 211, 49250 Les Bois d'Anjou, France
Camping et Base de loisirs La Plaine Tonique;599 Rte d'Etrez, 01340 Malafretaz, France
ZEcamping 3 piscine chauffée sauna jacuzzi mobil-home 4 pers;29690 Huelgoat, France
ZEcamping 3 piscine chauffée tente 30m2 4 pers;29690 Huelgoat, France
ZEcamping 3 piscine chauffée animaux acceptés locatif 5 pers;29690 Huelgoat, France
ZEcamping 3 étoiles piscine chauffée jacuzzi sauna tente 5 pers;29690 Huelgoat, France
ZEcamping 3 piscine chauffée dog friendly mobil-home 5 pers;29690 Huelgoat, France
ZEcamping 3 piscine chauffée dog friendly mobil-home 4 pers;29690 Huelgoat, France
ZEcamping 3 piscine chauffée dog friendly sauna locatif 28m2 4 pers;29690 Huelgoat, France
Camping Trion Guen;Trion Guen lieu dit, 56360 Le Palais, France
Camping Clicochic - Bordénéo;Lieu Dit, 56360 Le Palais, France
Camping Municipal de Bangor;18 Rue Pierre Cadre, 56360 Bangor, France
Camping Municipal Port Andro;Port Andro, 56360 Locmaria, France
Camping Locronan en Finistère Sud;10 Rue de la Troménie, 29180 Locronan, France
Camping Sûnelia L'Aiguille Creuse;24 Rés de l'Aiguille Creuse, 76790 Les Loges, France
Flower Camping L'Épi Bleu;Les Gravières, 04150 Banon, France
Camping de Valsaintes;Domaine de, 04150 Simiane-la-Rotonde, France
Chalets/Camping Plage du Midi;Les Branlasses Rive droite Lac des Settons, Les Branlasses, 58230 Montsauche-les-Settons, France
Camping et Chalets Plage des Settons;Lac des Settons, Rive Gauche Aval, 58230 Montsauche-les-Settons, France
Camping au bord du lac de Settons;Impasse de la Presqu’ile, 58230 Montsauche-les-Settons, France
Camping les Mésanges;L'Huis Gaumont Rive Gauche, 58230 Montsauche-les-Settons, France
Camping Les Pourettes;Asnieres, 17 Rongères, 36160 Feusines, France
Camping La Gallouette Port & Plage - Normandie;10B Rue de la Gallouette, 50550 Saint-Vaast-la-Hougue, France
Camping des Bouleaux 70emplacements 43emplacements loisirs 5 locatifs 22 emplacements non desservis;24 Rte de l'Écluse, 55700 Inor, France
Camping La Tentation;Rue du Corroy, 62560 Renty, France
Camping Municipal;48140 Le Malzieu-Ville, France
Camping Les Portes du Perche;20 Rue de la Piscine, 72600 Mamers, France
Camping du Puy-Mary;Route du Puy-Mary, 15590 Mandailles-Saint-Julien, France
Camping à la ferme la Morinière;1 La Morinière, 50770 Geffosses, France
Camping Le Petit Pyrénéen | Camping en Ariège avec piscine;Castagnès, 09290 Le Mas-d'Azil, France
Camping le Haut Salat;Rte de Soueix, 09140 Seix, France
Camping Huttopia Gorges du Tarn;lieu dit Le Beldoire, 48210 Massegros Causses Gorges, France
Piscine Camping Pleaux;8 Imp. des Quatre Rivières, 15700 Pleaux, France
Camping SEASONOVA Les Prés du Verdon - Quinson;All. des Prés du Verdon, 04500 Quinson, France
Camping Les Trois Vallées;Av. des Pyrénées, 65400 Argelès-Gazost, France
Camping Les Oyats;272 Digue Verte, 62215 Oye-Plage, France
Camping du Casino;237 Rte des Dunes, 62215 Oye-Plage, France
Camping Les Blés d'Or;12 Rue Roger Roullier, 22380 Saint-Cast-le-Guildo, France
Camping du Cap Fréhel;D34A, 22240 Plévenon, France
Camping La Sensation;48 Rue d'Hezecques, 62310 Matringhem, France
Piscine zen : Camping Capfun - Cénic;All. du Toquen, 56760 Pénestin, France
Camping la plage des oliviers;53 Rte de la Bernerie, 44760 Les Moutiers-en-Retz, France
Camping Europa Beach;Camping Europa Beach_ Route de pinarello, 20213 Sorbo-Ocagnano, France
Camping Marina di Casinca;Crociera, 20213 Penta-di-Casinca, France
Camping Les Cascades;Lieu dit, Casette, 20213 Pruno, France
Camping Champ la Chèvre et restaurant;430 Rte de la Jarjatte, 26620 Lus-la-Croix-Haute, France
Camping Homair - Le Mas de Sireuil;Chem. du Mas, 24620 Les Eyzies, France
Les Terrasses de Dordogne - Flower Camping;Touvent Bas, 24580 Rouffignac-Saint-Cernin-de-Reilhac, France
Camping Ushuaia Villages Les Poutiroux 4*;335 Rte des Poutiroux, 24510 Limeuil en Périgord, France
Village La Rivière Fleurie - Camping en Dordogne - Périgord Pourpre;180 Rue Théophile Cart, 24230 Saint-Antoine-de-Breuilh, France
Camping Les Sous Bois du Lac de Naussac lozere;Bessettes, 48300 Chastanier, France
Camping Le Col Vert Sandaya - Lac de Léon - 4 étoiles;1548 Rte de l'Etang, 40560 Vielle-Saint-Girons, France
Camping Les Cordeliers;Aux Communs du Lac, 38119 Pierre-Châtel, France
Camping Naturiste Le Clos Barrat;205 Chem. de Causseran, 46700 Sérignac, France
Camping 46 rainettes;170 route des grillés, 46250 Goujounac, France
Camping Des Arcades - Tente en toile et en bois 5 personnes - LODGE NATURE 35 m²;46800 Barguelonne-en-Quercy, France
Camping Les Petites Martinies;la martinie, 16320 Magnac-lès-Gardes, France
Camping Les Cyprès;Fond de Barral, 26770 Saint-Pantaléon-les-Vignes, France
Camping du Chateau;5 Av. de Grillon, 26230 Grignan, France
"Camping ""Le pré des arbres""";La, Cheminade, 26570 Montbrun-les-Bains, France
Camping le Mont Serein;D164A, 84340 Beaumont-du-Ventoux, France
Camping LA CHUTE D'EAU;38 Rue de l'Église, 62270 Rebreuve-sur-Canche, France
Camping La Pietra;Presa lieu dit, 20233 Pietracorbara, France
Camping les Prés Marcotte;53 bis Rue de Doullens, 80600 Occoches, France
Camping Clicochic - Couriou;1874 route de Die, 26310 Recoubeau-Jansac, France
Camping Municipal de l'Etang;Rue des Bas Gasts, 35240 Marcillé-Robert, France
Camping de mon Village (Camping-Car Park);23 Rue des Ponts, 36260 Reuilly, France
Camping Eurosurf - Les Salines - Vacances André Trigano;2947 Rte de Giens, 83400 Hyères, France
Camping du Pin de Galle;225 Rue du Pin de Galle, 83220 Le Pradet, France
Camping de Mayenne - Gué Saint-Léonard;818 Rue Saint-Léonard, 53100 Mayenne, France
Maison mobile de vacances au camping 4 étoiles des Charmettes (17570);17570 Les Mathes, France
Camping Ecolodges Domaine de la Forêt - Mobilhome 8 personnes - ECOLODGE FAMILIAL (DF31) 3CH - 2SDB - CLIM - WIFI - PISCINE/JACUZZI - 2 TERRASSES 8 pers;17570 Les Mathes, France
Camping Ecolodges Domaine de la Forêt - Mobilhome 4 personnes - ECOLODGE AU CALME (DF19) - 2 CH - 2 SDB - WIFI - CLIM - PISCINE A L ANNEE 4 pers;17570 Les Mathes, France
AU CAMPING ROUBAISIEN;Rue de l'Abbaye, 62860 Oisy-le-Verger, France
Camping Municipal La Petite Cabane;7 Pl. du Port, 85420 Maillé, France
Camping les Genêts du Morvan;2 Le Grand Pré, 58230 Ouroux-en-Morvan, France
Camping de Madiran;36 Rte du Vignoble, 65700 Madiran, France
Camping municipal de la Vallée de l'Hyère;Rue de Kerniguez, 29270 Carhaix-Plouguer, France
Camping Le P'tit Bonheur;12 Rue Cappel Straete Voie communale 6, 59284 Pitgam, France
Camping A La Détente;18 Rte du Nieppe Cd 110, 59284 Pitgam, France
Camping du Vieux Château Tharon Plage 3 étoiles;Tharon Plage, 54 Av. d'Anjou, 44730 Saint-Michel-Chef-Chef, France
Camping Le Soleya;43 Av. du Cormier, 44730 Saint-Michel-Chef-Chef, France
Camping Bel Essor;Rue de Tharon, 44730 Saint-Michel-Chef-Chef, France
Flower Camping Mas de Champel;135 dolce via, 07360 Les Ollières-sur-Eyrieux, France
Camping Rose de Provence Verdon;367 Rue Edouard Dauphin, 04500 Riez, France
Camping Municipal Du Bois Feuillet;11 Rue de Feuillet, 35640 Martigné-Ferchaud, France
Camping Homair - Le Soleil des Landes;Route des Lacs, 316 Av. du Marensin, 40170 Lit-et-Mixe, France
Camping des 2 Rivières;Rd 154, 76880 Martigny, France
Camping le Moulin Vieux / Vallée du Célé;Moulin Vieux, 46320 Brengues, France
Flower Camping Les Granges;Av. de l'Europe, 37230 Luynes, France
Camping Des Neiges - Appartement 2 personnes - Meublé VF2;73260 Grand-Aigueblanche, France
Camping Du Pas Des Biches - Mobilhome 6 personnes - Muguet - confort+;17520 Celles, France
Camping Les Ormeaux;1466 Rte de Carteret, 50260 Bricquebec-en-Cotentin, France
Camping de l'Amitié;17 Rue du Camping, 41220 Saint-Laurent-Nouan, France
Camping La Rivière;168 Chem. des Salles, 06800 Cagnes-sur-Mer, France
Camping Sites et Paysages - Les Pinèdes - Mobilhome 4 personnes - Grand Confort Azur;06480 La Colle-sur-Loup, France
Camping Capfun - Marina d'Aléria;Padulone Plage de, 20270 Aléria, France
Camping Les Eaux Claires;95 Rte des Bouveries, 26190 Saint-Nazaire-en-Royans, France
Camping Pont de Manne;135 chemin de manne, 26190 Saint-Thomas-en-Royans, France
naturcamping fourbanne;5 Chem. du Tunnel, 25110 Fourbanne, France
Camping L'Air du Temps - Lodge 4 personnes - TOILE EVASION;15270 Beaulieu, France
Camping Les Bouleaux;11 Rue Jaune, 21200 Vignoles, France
Camping La Font de Bleix;Chemin des Roches, 63730 Les Martres-de-Veyre, France
Camping Homair - Riva Bella;1 Rue de la Haie Breton, 14150 Ouistreham, France
Camping SEASONOVA Point du Jour - Merville Franceville Plage;Rte de Cabourg, 14810 Merville-Franceville-Plage, France
Camping Le Riva Bella - Mobilhome 6 personnes - Comfort | 3 Ch. | 6 Pers. | Terrasse surélevée | Clim.;14150 Ouistreham, France
Camping La Tuilerie - Mobilhome 8 personnes - Mobil home super cordelia 3 chambres avec terrasse semi couverte ( annee 2025);57630 Vic-sur-Seille, France
Camping Mas de Rey;166 chemin du pre de mieres, Chem. d'Arpaillargues, 30700 Uzès, France
Camping d'Hurongues - Mobilhome 4 personnes;69590 Pomeys, France
Camping d'Hurongues - Mobilhome 6 personnes;69590 Pomeys, France
1e Camping 2020;D25, 43350 Saint-Paulien, France
Camping La Galupe;242 Rte du Camping, 40300 Sorde-l'Abbaye, France
Camping de Chauvigny;42 Rue de la Fontaine, 86300 Chauvigny, France
Camping Le Gué - Mobilhome 4 personnes - 24 m² - 2 chambres;41700 Chémery, France
Camping Le Gué - Mobilhome 4 personnes - 24 m² avec clim - 2 chambres - 4 personnes;41700 Chémery, France
Camping Le Gué - Mobilhome 6 personnes - 26 m² - 2 chambres;41700 Chémery, France
Camping Le Gué - Mobilhome 8 personnes - 28 m² - 3 chambres 6/8 personnes avec Clim;41700 Chémery, France
Camping Le Gué - Mobilhome 7 personnes - 28 m² - 2 chambres;41700 Chémery, France
Camping municipal d'Allemans-du-Dropt;5 Rue du Moulin, 47800 Allemans-du-Dropt, France
Camping Municipal;8 Rue du Port, 25160 Saint-Point-Lac, France
Camping du Lac;10 Rue du Lac, 25160 Labergement-Sainte-Marie, France
Camping le Larmont;7 rue Edwige Feuillère, 25300 Pontarlier, France
Camping des Etangs de Marsalin;3 Pl. du Général de Gaulle, 28500 Vert-en-Drouais, France
Camping Le Daguet - Tente 6 personnes - TENTE NAVAJO 6 Couchages;24170 Saint-Laurent-la-Vallée, France
Camping Le Daguet - Mobilhome 6 personnes - CORDELIA;24170 Saint-Laurent-la-Vallée, France
Camping du Haut-Rhône;23 Rue des Acacias, 74910 Seyssel, France
Camping Municipal de Montech ***;520 Chem. de la Pierre, 82700 Montech, France
Chalet dans camping résidentiel en Sud Ardèche;07110 Montréal, France
Camping Val de Vie;71 Rte de Sully, 45260 Châtenoy, France
Camping SEASONOVA l'Etang des bois - Vieilles-maisons-sur-Joudry;sur Jourdy, 59 Rte de l'Étang des Bois, 45260 Vieilles-Maisons-sur-Joudry, France
Camping Night&Day Les Ceriselles;Rue de Vincelottes, 89290 Vincelles, France
Camping Neptune 3 Etoiles Plage de Massane Saint Mitre les Remparts;4 All. Gustave Eiffel, 13920 Saint-Mitre-les-Remparts, France
Camping Lou Cigalon 3 étoiles | Martigues - Côte Bleue;Chem. des Tamaris, 13500 Martigues, France
Camping La Source La Couronne;Rte de la Saulce, 13500 Martigues, France
Camping Marius;7 Rte de la Saulce, 13500 Martigues, France
Camping Homair - Lou Souleï;76 Av. Draio de la Mar, 13620 Carry-le-Rouet, France
Camping la Route Bleue;410 Chem. de la Route Bleue, 42510 Balbigny, France
camping de KERDUAL;Plage de Pors Mabo, Chem. de Parc ar C Han, 22560 Trébeurden, France
Camping de ROZ AR MOR;10 Rte de Pors Mabo, 22560 Trébeurden, France
Camping de l'Espérance | Camping Côte de Granit Rose | GR34;82 Cor de Goas Treiz, 22560 Trébeurden, France
Camping Les Bouleaux;5 Rue des Trois Journeaux, 57370 Vilsberg, France
Camping Municipal des Écureuils;4 Rte Nationale, 87380 Magnac-Bourg, France
CAMPING DU SOLEIL;Route de Lava, 20167 Appietto, France
Camping à la ferme Les Boudougnes;3353b Rte de Menerbes D3, 84580 Oppède, France
Camping Le Clos Imbert - Onlycamp;13 Rue de la Grande Côté de Crevant, 79100 Thouars, France
Camping Le Both d'Orouet;77 Av. d'Orouet, 85160 Saint-Jean-de-Monts, France
Camping Les Samaras;53 Chem. du Champ de Bataille, 85160 Saint-Jean-de-Monts, France
Camping L'International Erromardie - Chadotel;235 All. de la Source, 64500 Saint-Jean-de-Luz, France
Camping Paradis La Ferme Erromardie | Camping Saint Jean de luz;40 Chem. d'Erromardie, 64500 Saint-Jean-de-Luz, France
Arena Camping Pays Basque;Quartier Acotz, Av. Napoléon III, 64500 Saint-Jean-de-Luz, France
Camping Maya;650 Chem. d'Aguerria, 64500 Saint-Jean-de-Luz, France
Camping Itsas Mendi (ouverture du 27/03 au 01/11/2026);Camping Itsas Mendi, 115 Chem. de Duhartia, 64500 Saint-Jean-de-Luz, France
Camping Le Basque;Chem. de Gassinenia, 64500 Saint-Jean-de-Luz, France
Camping Saint Jean de Luz - Camping Merko Lacarra;820 Rte des Plages, 64500 Saint-Jean-de-Luz, France
Camping le Domaine de Gajan - Mobilhome 2 personnes - Twin;34160 Boisseron, France
Camping de la chapelette;3523 Rte des Carmes, 13310 Saint-Martin-de-Crau, France
Camping le Gardian - Arles;D453, 13280 Arles, France
Camping de la Vallée Lisieux;9 Rue de la Vallée, 14100 Lisieux, France
Camping Municipal Les Mélèzes;Pont la Place, 05800 La Chapelle-en-Valgaudémar, France
Camping Les Marines;Route de Gioberney, 05800 La Chapelle-en-Valgaudémar, France
camping municipal des eaux douces;1 Chem. des Eaux Douces, 05800 Villar-Loubière, France
Camping La Villette;La Villette, 05800 Saint-Firmin, France
Camping les Richardes;188 Rte du Laisinant, 73150 Val-d'Isère, France
Camping de Pont Charlet;35 Rle de la Blanche, 59116 Houplines, France
Camping Club Pontaillac Plage - MS Vacances;16 Rue du Colonel Lachaud, 17200 Royan, France
Camping le Royan;Camping le, 10 Rue des Bleuets, 17200 Royan, France
Camping Les voiles des 2 caps;901 Rue Principale (Cd 244), 62179 Hervelinghen, France
Camping Les Primevères;578 Chem. de la Creuse, 62250 Leubringhen, France
Camping Nostradamus - Le Nostra;2837 Route d'Eyguières, 13300 Salon-de-Provence, France
Camping Capfun - An Trest;1 Chem. de Treste, 56370 Sarzeau, France
Camping Domaine de Kersial *** Sarzeau;10 Rue Toul Ségal, 56370 Sarzeau, France
Camping Homair - Saint Jacques;1 Rue de Pratel Vihan, 56370 Sarzeau, France
Camping Les Cantarelles - Ciela Village;1 Les Cantarelles, 12430 Alrance, France
Camping du Lac de Carouge;Allée du Lac Base de Loisirs, 73250 Saint-Pierre-d'Albigny, France
Camping La Chèvre Verte;114 Chem. du Buis, 38390 Bouvesse-Quirieu, France
Camping Domaine VILLA VERDE - Camping 4 étoiles;Quartier Les Blimouses, 1776 D225, 83830 Callas, France
Camping Les Aventuriers de la Calypso · APV · 4 Etoiles;Rue de Notre Dame, 85160 Saint-Jean-de-Monts, France
Camping Duna Munguy | Camping Saint Jean de Luz;881 Chem. de Duhartia, 64500 Saint-Jean-de-Luz, France
Camping de mon village;58240 Saint-Pierre-le-Moûtier, France
Camping Homair - La Presqu'île de St Mandrier;Avenue Marie Fliche Bergis, Le Pin Rolland, 83430 Saint-Mandrier-sur-Mer, France
Camping les Tournesols;Le Landereau, 72140 Le Grez, France
Le Conguel - Camping Siblu;7 Bd de la Teignouse, 56170 Quiberon, France
Flower Camping Le Bois d'Amour;Rue de Saint-Clément, 56170 Quiberon, France
Camping Les Joncs du Roch;Rue de L Aérodrome, 56170 Quiberon, France
Camping Beauséjour;13 Bd du Parco, 56170 Quiberon, France
Camping Park Er Lann;4 Rue de l'École de Voile, 56510 Saint-Pierre-Quiberon, France
Camping MARLICE 3 étoiles ouvert du 30 Avril au 10 octobre;248 Route du Pontet, 73100 Trévignin, France
Camping de Mindin Saint Brévin les Pins;32 Av. du Bois, 44250 Saint-Brevin-les-Pins, France
Camping Les Chalands Fleuris;24 Rue du Stade, 44117 Saint-André-des-Eaux, France
Camping les Rives du Lac Cantalès - Mobilhome 2 personnes - Couple (1 Chambre);15150 Saint-Gérons, France
Camping La Poterie;La Poterie, 37530 Mosnes, France
Camping & Gîtes Verdon Les Grands Domaines – Emplacements nature – Gorges du Verdon;1785 Rte de Quinson, 04500 Saint-Laurent-du-Verdon, France
Camping Le Domaine de Pont Mahé loire atlantique;13 Rue Pont-Mahe, 44410 Assérac, France
Camping Capfun - Dune Fleurie;11 Av. des Pins, 80120 Quend, France
Camping Les Vertes Feuilles;23-25 Rte de la Plage, 80120 Quend, France
Camping les 2 Plages;15 Rue des Maisonnettes, 80120 Quend, France
Camping Nature Lot'ge;Camping Nature Lot'ge, Le Pit, 46200 Mayrac, France
Camping du lac du Rousset;Étang du Rousset, 71220 Le Rousset-Marizy, France
Camping;236 L'Augère, 36230 Neuvy-Saint-Sépulchre, France
"Camping ""Les Frênes""";La Folie, 36230 Neuvy-Saint-Sépulchre, France
Camping du Goulet;285 Chem. de Lanhouarnec, 29200 Brest, France
Campings Pointe Bretagne;1 Pl. du 19eme Régiment d'Infanterie, 29200 Brest, France
Camping Domaine des Bords de Cèze - Camping Gard;1044 chemin des campings, 30630 Cornillon, France
Camping du Val Joyeux - Onlycamp;94 Rue du Camping, 37330 Château-la-Vallière, France
Aire naturelle de camping de Gruellau;Le Haut Rocher, 44170 Treffieux, France
Camping Tourony - Camping Côte de granit rose -Trégastel - Ploumanac'h - Aire de camping car;105 Rue de Poul Palud, 22730 Trégastel, France
Camping Les Ajoncs d'Or - Vacances André Trigano;104-106, Rte des Traouiero, 22730 Trégastel, France
Camping Municipal de Baye;58110 Bazolles, France
Camping les Rives du Lac Cantalès - Mobilhome 4 personnes - Mobil home 2 Chambres Terra;15150 Saint-Gérons, France
Camping des Cinq Chemins Verts;688 Rue des Cinq Chemins Verts, 59299 Boeschepe, France
Camping La Houblonnière;1345 Rte de Bray Dunes, 59670 Winnezeele, France
Camping Saint Antoine;849 Chem. des 5 Rues, 59470 Bollezeele, France
Campings-rhone-alpes-france;164 Av. des Nations, 01330 Villars-les-Dombes, France
CAMPING LA DORDOGNE VERTE;avenue francois mitterrand, lieu dit aux ponts, 24410 St Aulaye-Puymangou, France
Camping Ushuaïa Villages la Colombière;7 Rue de Pechgrand, 24440 Beaumontois en Périgord, France
Camping Le Bois de Pins;Rte d'Opoul, 66600 Salses-le-Château, France
Camping International du Roussillon;900 Planal de Salses, 66600 Salses-le-Château, France
Camping des deux Séquoias (ouvre le 1er juin 2026 ) dans le Larzac;Les Maillacs Bas, D999, 12230 Nant, France
Camping Homair - Domaine des Tours;Les Tours, 12460 Saint-Amans-des-Cots, France
Camping SEASONOVA Le Plan d'Eau - Saint Yrieix sur Charente;1 Rue du Camping, 16710 Saint-Yrieix-sur-Charente, France
Camping Le Paradis;2 Mareuil, 16270 Terres-de-Haute-Charente, France
Camping Le Douvet;Charente, Le Douvet, 16270 Suris, France
Le Plantier gîtes et camping;4 Massignac, 16450 Beaulieu-sur-Sonnette, France
Camping de la Sapinière;12 Rue de l'Égalité, 60550 Verneuil-en-Halatte, France
Camping en Ardèche : Camping du Lion;Qur de l'Île du Chenevier, 07700 Bourg-Saint-Andéol, France
Camping SEASONOVA Rives d'Olt et Aubrac - Saint-Geniez-d’Olt-et-d’Aubrac;Rte de la Cascade, 12130 St Geniez d'Olt et d'Aubrac, France
CAMPING MUNICIPAL DE GALINIERES;Galinière, 12560 Saint-Laurent-d'Olt, France
Camping Croix Bleue (privé);162 Chem. de Greignac, 07240 Vernoux-en-Vivarais, France
Camping Municipal Le Bois De Prat;All. de Prat, 07240 Vernoux-en-Vivarais, France
Camping L'Oasis Palavasienne;All. de Tournefort, 34970 Lattes, France
Camping Club Les Tamaris - MS Vacances;Rte de Saint-Laurent, 66420 Le Barcarès, France
Camping de la Plage | Camping familial - Location mobil-home | Sainte-Marie-La-Mer (66);36 Av. de las Illas, 66470 Sainte-Marie-la-Mer, France
camping du traspy;Rue du Pont Benoît, 14220 Thury-Harcourt-le-Hom, France
Camping Municipal Les Iscles;1150 Chem. des Iscles, 04170 Saint-André-les-Alpes, France
Camping de Tignes - Onlycamp;Rte des Ruines, 73320 Tignes, France
Camping Dovecote;35 Chem. de Sainte-Colombe, 06800 Cagnes-sur-Mer, France
Camping Pierre et Sources - Onlycamp;Rue de Chancelas, 63530 Volvic, France
Camping du Surizet;31 Rue du Surizet, 42600 Montbrison, France
Camping de la Coudraye;23 Rue de la Coudraye, 49750 Val-du-Layon, France
Camping Mirabel Les Mielles;Bd de la Vieuxville, 22380 Saint-Cast-le-Guildo, France
Camping Capfun - Château de Galinée;Rue de Galinée, 22380 Saint-Cast-le-Guildo, France
Camping De Pen-guen;Av. de Pen Guen, 22380 Saint-Cast-le-Guildo, France
Camping Les Terrasses - Saint Chinian;Camping les Terrasses, 65 chemin des cigales, 34360 Saint-Chinian, France
Camping Municipal;Pl. des Anciens Combattants, 63780 Saint-Georges-de-Mons, France
Camping le petit paradis;11 Rue de la Vigne, 63780 Queuille, France
Camping municipal saint leonard des bois;31 Rue des Alpes Mancelles, 72130 Saint-Léonard-des-Bois, France
Camping Domaine de la Roselière - Mobilhome 8 personnes - Premium - 4 chambres;80860 Noyelles-sur-Mer, France
Camping l'Etang Blanc - Vacances André Trigano;2 Rte Louis de Bourmont, 40510 Seignosse, France
CAMPING DES CIGALES;537 Route de St Martin d'Ardèche, 30760 Aiguèze, France
Camping des Acacias;90 Rte de Barjac, 30130 Saint-Paulet-de-Caisson, France
Camping de la Roquette;Quartier La Roquette, 30760 Aiguèze, France
Camping Le Pontis - Mobilhome 6 personnes - 3 CHAMBRES;24320 Verteillac, France
camping-caravaning municipal** Le vieux Châtel;1 Av. de Waldmunchen, 35270 Combourg, France
Camping Vagues Océanes - Monte Cristo;639 Chem. des Canaux, 30600 Vauvert, France
Camping de l'Île d'Amour;175 route de bray, 89140 Pont-sur-Yonne, France
Camping Saint Colomban des Villards;Hameau, La Perrière, 73130 Saint-Colomban-des-Villards, France
Camping Le Roc de Lavandre - Tente 4 personnes - LODGE TOUT EQUIPE sans sanitaires - AU BORD DE L'ETANG DE PECHE;24260 Saint-Félix-de-Reillac-et-Mortemart, France
Camping au Pradet Lou Pantaï : Ouvert toute l'année - Giens - Porquerolles - Hyères - Toulon;180 Chem. des Clapiers, 83220 Le Pradet, France
Camping Homair - Les Salins de la Gardiole;31 Rte de Frontignan, 34110 Vic-la-Gardiole, France
Camping à la ferme des Aresquiers;36bis Rte des Aresquiers, 34110 Vic-la-Gardiole, France
Camping l'oignon fait la force;Le, Clos du Breuil, 87600 Rochechouart, France
Camping de Sainte-Mère-Église;6 Rue 505E Airborne, 50480 Sainte-Mère-Église, France
Camping Beau Rivage - Chalet 6 personnes - Privilège 5/6 personnes 2 chambres;64190 Ogenne-Camptort, France
Camping Puy de Dôme - LES NARCISSES;486 Route des Narcisses, 63660 Saint-Clément-de-Valorgue, France
Camping Municipal;Rte de Louhans, 71330 Saint-Germain-du-Bois, France
Camping Beau Rivage - Tente 1 personne - Tente pélerins /randonneurs LIT A;64190 Ogenne-Camptort, France
Camping Beau Rivage - Tente 1 personne - Tente pélerin randonneur LIT B;64190 Ogenne-Camptort, France
Camping Beau Rivage - Tente 1 personne - Tente pélerins randonneurs LIT C;64190 Ogenne-Camptort, France
Camping Beau Rivage - Tente 1 personne - Tente pélerins randonneurs LIT D;64190 Ogenne-Camptort, France
Camping Moulin de Chaules - Tente 4 personnes - GLAMPING sans sanitaires;15600 Saint-Constant-Fournoulès, France
Camping Aux Grands Espaces;36 Rue du Camping, 50430 Saint-Germain-sur-Ay, France
Camping Municipal Le Bocage;2 ter Rue Neuve, 50700 Valognes, France
Camping Municipal;Grande Rue, 70110 Autrey-le-Vay, France
Camping de la Grande Pâture;57 Rue de Vernoil, 49390 Vernantes, France
Camping du Lac Marciac | 3 étoiles-familial-piscine | Gers;342 Chem. du Camping, 32230 Marciac, France
Camping Le Grand Pré;16 Rte de Vicq, 86260 Saint-Pierre-de-Maillé, France
Flower Camping Côté Lac;Etang du Prieuré Saint-Martin, Plan d'eau de, 79310 Verruyes, France
Camping Le Clos des Pins;51 Chem. des Roselières, 85270 Saint-Hilaire-de-Riez, France
Camping du Lac de Condé;Promenade d'Orléans, 02170 Le Nouvion-en-Thiérache, France
Camping Le Bosquet;7 Rue de l'Océan, 85520 Jard-sur-Mer, France
Camping l’r pur;Beauregard, 85520 Saint-Vincent-sur-Jard, France
camping municipal de la Sélune;Rue de Marly, 50600 Saint-Hilaire-du-Harcouët, France
Camping Sainte-Claire;19 rue grande Flandres, 76270 Neufchâte-en-bray, France
30€/nuit mobilhome 4 pers Camping Amour d’Ariege;63 Rte de Castillon, 09200 Moulis, France
Camping Les Asphodèles Col de Portet d'Aspet;Col, 31160 Portet-d'Aspet, France
Camping Au Soleil d'Oc - Mobilhome 4 personnes - Cottage Grand Confort 2 chambres TV - Lave vaisselle;19400 Monceaux-sur-Dordogne, France
Camping Au Soleil d'Oc - Mobilhome 6 personnes - FAMILY;19400 Monceaux-sur-Dordogne, France
Camping Le Moulin de Serre;Les Moulins de Serre, 63690 Singles, France
Camping En Salvan / Lac de Saint-Férréol;2645 ROUTE DU LAC, 31250 Vaudreuille, France
Camping de la rigole 4* - Tarn - Les Cammazes - St Ferréol;4 Rte du Barrage, 81540 Les Cammazes, France
Base de Loisirs du Colvert - Camping/Aire d'accueil des camping-cars/Restaurant;Base de loisirs du Colvert, Route de Fresnes, 55160 Bonzée, France
Camping Siblu Club Le Marisol Funpass inclus - Mobilhome 6 personnes - Essentiel 3ch 6p Basic Clim;66440 Torreilles, France
Camping La Riviere;Camping à la ferme La Riviere, 20110 Arbellara, France
Camping L'Avéna - Vacances André Trigano;route De, Tizzano, 20100 Sartène, France
Camping U Libecciu;route de porto pollo, D157, 20113 Olmeto, France
Camping municipal Les Acacias;2 impasse des Acacias, 76910 Touffreville-sur-Eu, France
Camping de la Foux;933 Chem. de Saint-Jean la Foux, 83300 Draguignan, France
Camping Les Mouettes;43 Rue de la Plage, 76910 Criel-sur-Mer, France
Camping L'Orée des Vosges - Onlycamp;Rue des Oeuvres, 88340 Le Val-d'Ajol, France
Camping La Crèche;9 Les Mousses, 88340 Le Val-d'Ajol, France
Camping Fraiteux;81 Rue du Camping, 88370 Plombières-les-Bains, France
Camping de l’Étang du Merle;Le Merle, 58330 Crux-la-Ville, France
Camping Caravaning de Grand Vigne NATURA SERENA;11 RUE DU PARADIS, 79120 Messé, France
Camping La Petite Camargue Yelloh! Village;D62, 30220 Aigues-Mortes, France
Camping Ushuaïa Villages Le Viaduc - Unique 2 personnes - YOURTE sans sanitaires 26 m²;07410 Arlebosc, France
Camping Ushuaïa Villages Le Viaduc - Unique 6 personnes - YOURTE sans sanitaires 30m²;07410 Arlebosc, France
Camping Coeur d'Ardèche - Tente en toile et en bois 5 personnes - Grand lodge 25m² (2 chambres) 5 pers;07360 Saint-Vincent-de-Durfort, France
Camping Coeur d'Ardèche - Tente en toile et en bois 5 personnes - Petit Lodge 3 Pièces 5 Personnes Sans Sanitaire;07360 Saint-Vincent-de-Durfort, France
Camping Municipal du Pont Vieux;PONT VIEUX, 30120 Avèze, France
Camping Le Salins les Bains;2 Av. Charles de Gaulle, 39110 Salins-les-Bains, France
Camping le Domaine de Gajan - Mobilhome 4 personnes - Prestige - 2 chambres;34160 Boisseron, France
Camping le Domaine de Gajan - Mobilhome 6 personnes - Family plus - 3 chambres;34160 Boisseron, France
Camping le Domaine de Gajan - Mobilhome 6 personnes - Confort Tribu - 3 chambres;34160 Boisseron, France
Camping Le Bol d'Air;Le, 73170 Saint-Paul-sur-Yenne, France
Camping Ile De La Comtesse - Lodge 5 personnes - Lodge Havana 27m² 2 chambres 2020;01300 Murs-et-Gélignieux, France
Camping Le Bilos;37 Rte de Bilos, 33770 Salles, France
Camping Le Touring;20 route de Saint Martin, 12410 Salles-Curan, France
Camping les Genêts | Camping Aveyron;Lac de Pareloup, 12410 Salles-Curan, France
Camping Presqu'Ile Mas;Le Mas d'Atche, 12410 Salles-Curan, France
Campings Anwb;route du charouzech lac de pareloup, 12410, Salles-Curan, France
Camping de Villapourçon;58370 Villapourçon, France
Camping la Fougeraie - Hébergement 2 personnes - Cocon pilotis;58120 Saint-Léger-de-Fougeret, France
Camping la Fougeraie - Hébergement 2 personnes - Cocon Etang;58120 Saint-Léger-de-Fougeret, France
Camping Le Roc de Lavandre - Mobilhome 2 personnes - 20.7 m²;24260 Saint-Félix-de-Reillac-et-Mortemart, France
Camping de la Seuge | Saugues;Av. du Gévaudan, 43170 Saugues, France
Camping Bois Sigu;315 Vieille Route, 38250 Lans-en-Vercors, France
Camping Sites et Paysages - Les Pinèdes - Chalet 2 personnes - Chalet Confort Duo Tonga (pas de possiblité de lit bébé);06480 La Colle-sur-Loup, France
Camping des Cèpes;Pont de la Lune, 34330 La Salvetat-sur-Agout, France
Camping les Fées du lac;12 Rte des Corniches, 81320 Nages, France
Camping La Provençale;1198 Rue Jean Monnet, 06210 Mandelieu-la-Napoule, France
Camping La Roubine Sandaya - Vallon Pont d'Arc - 5 étoiles;672 Chem. de la Roubine, 07150 Vallon-Pont-d'Arc, France
Camping des Noires Mottes;Rue Pierre Dupuy, 62231 Sangatte, France
Camping l'Ardéchois - Mobilhome 4 personnes - 24.9 m²;07190 Gluiras, France
Camping l'Ardéchois - Mobilhome 6 personnes - 33 m²;07190 Gluiras, France
CAMPING CHAMP FOSSE;1 Rue du Champ Fossé, 03360 Saint-Bonnet-Tronçais, France
Camping écologique Le Lac Ô Fées - Insolites en Bretagne - Via Natura;LAC DU BEL AIR, 56320 Priziac, France
Camping Le Mas de l'Isle;85 Chem. du Clapas, 34400 Lunel, France
Camping du Pont de Lunel;126 Chem. des Nouguies, 34400 Lunel, France
Camping de l'Ouveze;180 Chem. des Oliviers, 07000 Saint-Julien-en-Saint-Alban, France
Camping de Beaufort;Lieu-dit Beaufort, 87400 Saint-Léonard-de-Noblat, France
Camping Intercommunal Le Pâtis;Rue des Lavandières, 70200 Les Aynans, France
Camping Paradis Le Tastesoule;2 Rte des Grigots, 33590 Vensac, France
Camping des Familles;3 Chem. de la Lande, 33590 Grayan-et-l'Hôpital, France
Camping Yelloh! Village Medoc Ocean;44 Rte de Saint-Vivien, 33590 Vensac, France
Camping Municipal du Gurp;51 Rte de l'Océan, 33590 Grayan-et-l'Hôpital, France
Camping Les Franquettes;50 Rue des Goélands, 33590 Grayan-et-l'Hôpital, France
Camping Le Ranch;4 Rue de la Bâche, 33990 Naujac-sur-Mer, France
Nicoll's Camp - Camping des Pins à Soulac-sur-Mer en Gironde;213 Pass. de Formose, 33780 Soulac-sur-Mer, France
Camping des Tourbières - OUVERT DU 3 Avril au 1 Octobre 2026;Rte des Tourbières, 24320 Vendoire, France
Camping Le Pontis - Tente en toile et en bois 4 personnes - Tente africaine lodge avec sanitaires;24320 Verteillac, France
Camping de La Dronne;Le Chalard E, 24600 Villetoureix, France
Camping d'Arpheuilles - Mobilhome 4 personnes - Mobil home 2 chambres avec télévision 4 pers;42590 Vézelin-sur-Loire, France
Camping Les Résidences La Becque - Mobilhome 6 personnes - 3 chambres - PREMIUM - 2 salles de bain;59380 Warhem, France
Camping Les Résidences La Becque - Mobilhome 6 personnes - Confort Plus -3 chambres;59380 Warhem, France
Eden Camping Car Eurl;34 Av. Roger Cadet, 64230 Lescar, France
Camping Val de Boutonne;56 Quai de Bernouet, 17400 Saint-Jean-d'Angély, France
Camping La Nouvelle Plage;1 A Rue Principale, 37250 Veigné, France
Camping Municipal de Sérent;29 Rue Général de Gaulle, 56460 Sérent, France
Camping du Perche Bellemois - Mobilhome 4 personnes - 2 chambres 4 pers-quartier premium;61130 Bellême, France
Camping Le Panorama;41 Rte de la Turballe, 44350 Guérande, France
Camping de la Cité d'Alet;All. Gaston Buy, 35400 Saint-Malo, France
Camping de Montfort changement de propriétaires;82 Rue Saint-Pierre, 27290 Montfort-sur-Risle, France
Camping Municipal de Villes-sur-Auzon;30 Chem. du Stade, 84570 Villes-sur-Auzon, France
Restaurant & Camping La Cerise - Pizzeria & Pizza à emporter La Cerise;660 Chem. de l'Annonciade, 84570 Malemort-du-Comtat, France
Camping Domaine de la Bergerie - Vence;1330 Chem. de la Sine, 06140 Vence, France
Camping Le Val de Cesse - Tente en toile et en bois 4 personnes - Glamping Lodge PREMIUM 34m² - 2 chambres - TV - climatisation - terrasse couverte;11120 Mirepeisset, France
Camping Le Val de Cesse - Mobilhome 4 personnes - MALIN 20m² - 2 chambres - climatisation - terrasse;11120 Mirepeisset, France
Camping La Farigoulette - Ciela Village;lac de st laurent, 1029 Rte de Montpezat, 04500 Saint-Laurent-du-Verdon, France
Camping Estefana;Les Meynards Lieu dit, 71110 Chambilly, France
Camping Clicochic - Grisière;7 Chem. du Langard, 39130 Clairvaux-les-Lacs, France
Camping Capfun - Pergola;1 Rue des Vernois, 39130 Marigny, France
Camping Clicochic - Trélachaume;50 Rue du Mont du Cerf Rte du, 39260 Maisod, France
Camping Homair - La Baie des Anges;Chem. des Plaine Baronnes, 13600 La Ciotat, France
Camping Le Jardin des Cévennes;10 ROUTE DU CHATEAU D'AYRES, 48150 Meyrueis, France
Camping le pré de Charlet;637 Rte de Florac, 48150 Meyrueis, France
Camping Le Capelan;Route de millau, 48150 Meyrueis, France
Camping de l'île Blanc;1205 Chem. de l'Île Blanc, 26200 Ancône, France
Les Eaux Chaudes | Camping Alpes de Haute-Provence;32 Av. des Thermes, 04000 Digne-les-Bains, France
Camping Le Paisserou;Roc du Pont, 12270 Najac, France
Camping des Etoiles;de, Sourbins, 12270 Najac, France
Camping du Pré Morjal;4 chemin du, Rte du Beldou, 48320 Ispagnac, France
Camping de l'Aiguebelle;l'aiguebelle, lieu dit le cantonnet bas, Aiguebelle, 48320 Ispagnac, France
Camping Del Ron;Route des Gorges du Tarn, 48320 Ispagnac, France
Camping les 2 Vallées;Route de L'estrade Basse, 12230 Nant, France
CAMPING DES VERNEDES;Rte du Durzon, 12230 Nant, France
Camping Le Vialaret;Route de Millau Le Vialaret, 12230 Nant, France
Camping La Vallée des Vignes - Lodge 4 personnes - Mini-Wood Lodge Premium 2 chambres 4 pers;49700 Doué-en-Anjou, France
Camping de Montolieu près de Carcassonne;775 Route de Carcassonne, 11170 Montolieu, France
Camping Les Terrasses de Bertheaume;Rue du Perzel, 29217 Plougonvelin, France
Camping Les Allées;Les Allées, 47430 Le Mas-d'Agenais, France
Camping Les Ephélides;365 Quartier, Tuves, 26170 Buis-les-Baronnies, France
Camping Eden Villages - Palmyre Loisirs;28 Av. des Mathes, 17570 Les Mathes, France
Camping Intercommunal 2* Les Royères du Prieuré;52 Chem. de la Combe Saint-Pierre, 84660 Maubec, France
Camping La Draille;La Draille, 46200 Souillac, France
Camping Sites et Paysages - Les Hirondelles - Mobilhome 8 personnes - Premium Lacave - 3 ch - TV - clim - LV - 2 SDB;46350 Loupiac, France
Camping Le Picouty - Mobilhome 5 personnes - Grand Large Clim 2 chambres;46350 Payrac, France
Camping Sites et Paysages - Les Hirondelles - Mobilhome 6 personnes - Premium Lacave - 2 ch - TV - clim - LV - 2 SDB;46350 Loupiac, France
Camping Sites et Paysages - Les Hirondelles - Mobilhome 4 personnes - Cottage Select TV LV Clim - 2 Ch / 2 Salles d'eau - 4 pers.;46350 Loupiac, France
Camping La Tulipe de Vigne;Route de Lons-le-Saunier, 39800 Poligny, France
Camping Homair - Lou Pignada;460 Rte du Qur Caliot, 40660 Messanges, France
Camping De La Côte;361 Chem. de la Côté, 40660 Messanges, France
Camping Landes - Camping De Moïsan à Messanges;1077 avenue de l'ocean, 40660 Messanges, France
Camping Kalliste;332 Rte de la Roya, 20217 Saint-Florent, France
Camping Du Moulin Du Rayol;2295 Rte du Moulin du Rayol, 07660 Lavillatte, France
Camping le Chamois Pralognan la Vanoise;193 Rte de l'Isertan, 73710 Pralognan-la-Vanoise, France
Camping Le Port Chéri;2 Imp. du Petit Bois, 44210 Pornic, France
Camping Capfun - Madrague;La Madrague, 44210 Pornic, France
Camping Pornic | Les Bleuets;44210 Pornic, France
Camping Les Combes à Modane;830 Rte de Bardonnèche, 73500 Modane, France
Camping Le Jalinier - Onlycamp;108 Av. Guillaume de Plaisians, 26170 Buis-les-Baronnies, France
Eco-camping au jardin Le Houx;anciennement LA POMMERAYE FR, 9 Le Houx, 49620 Mauges-sur-Loire, France
Camping Les Epinettes;Imp. du Mont Pinet, 62231 Peuplingues, France
Camping de la Mer;81 Rte de Cabourg, 14810 Merville-Franceville-Plage, France
Camping Oasis;Rte de Cabourg, 14810 Merville-Franceville-Plage, France
Camping la Dune de Normandie - Cabourg;derrière, le restaurant, 83 Rte de Cabourg, 14810 Merville-Franceville-Plage, France
Camping des Rivières;1 Rue du Port, 53200 Daon, France
Camping Municipal du Bac;Rue du Port, 53200 Ménil, France
Camping l'Etoile du Drot;10 Le Stade, 33580 Monségur, France
Camping De La Bucle;15 Rue Germain Paget, 39400 Morbier, France
Camping et caravaneige Jura Le Champ de Mars;8 Rue du Camping, 39150 Saint-Laurent-en-Grandvaux, France
Camping;19470 Le Lonzac, France
Camping le Beauvezé;Rte de la Moutonne, 83320 Carqueiranne, France
Camping l'Agrion Bleu;route du stade, 120 Dessus de Chez Rouchillou, 24300 Saint-Martial-de-Valette, France
Camping Clicochic - Paradou;2 Imp. Ronsard, 34340 Marseillan, France
Camping La Plage;69 Chem. du Payrollet, 34340 Marseillan, France
Camping Le Nautic;8 Imp. des Colverts, 34340 Marseillan, France
Camping Aici sèm pla **;2855 Rte de Montricoux, 82800 Vaïssac, France
Camping**** Le Garden;44 Pl. des Tamaris, 34280 La Grande-Motte, France
Camping Maïana;95 Pl. des Tamaris, 34280 La Grande-Motte, France
Camping Capfun - Or;All. des Pins, 34280 La Grande-Motte, France
Camping La Petite Motte;195 All. des Peupliers, 34280 La Grande-Motte, France
Tahiti Village | Camping La Grande Côte | Camping Saint Palais | Royan;167 Av. de la Grande Côte, 17420 Saint-Palais-sur-Mer, France
Camping Domaine de la Roselière - Mobilhome 6 personnes - Confort Plus - 3 chambres;80860 Noyelles-sur-Mer, France
Camping Le Mayet de Montagne;03250 Le Mayet-de-Montagne, France
Camping Municipal de la Boulère;03120 Arfeuilles, France
Camping de La Route Bleue;57 b route bleue, 03120 Saint-Prix, France
Camping Sites et Paysages - Le Ventoulou - Tente en toile et en bois 4 personnes - Lodge Nature - Sans sanitaires;46500 Thégra, France
Camping Sites et Paysages - Le Ventoulou - Mobilhome 4 personnes - Cottage Les Étoiles Occitanes (Arrivée dimanche);46500 Thégra, France
Camping Sites et Paysages - Le Ventoulou - Mobilhome 6 personnes - Cottage Select TV LV Clim - 3 Ch / 2 Salles d'eau - 6 pers.;46500 Thégra, France
Camping Vagues Océanes - Moulin de Cadillac;Moulin de Cadillac, 56190 Noyal-Muzillac, France
Camping Homair - Le Phare d'Opale;2 Rue de la Mer, 62480 Le Portel, France
CAMPING LE MASSIOL;135 Traversée du Village, 07200 Saint-Michel-de-Boulogne, France
Camping Le Parc;3 chemin de chez Bouchet, 86460 Availles-Limouzine, France
Camping du Moulin de Prissey proche de Nuits-Saint-Georges;14 Rue du Moulin de Prissey, 21700 Premeaux-Prissey, France
Camping Homair - La Plage d'Argens;541 Av. de la Cor d'Azur D559, 83370 Fréjus, France
Le Petit Camping La Chagnée;5 la chagnee, 79450 Saint-Aubin-le-Cloud, France
Camping Les Dolmens****;0 route d'Uzès, 30430 Méjannes-le-Clap, France
Camping Domaine des Chênes Blancs Pausado - Lodge 5 personnes - LODGE PREMIUM;84490 Saint-Saturnin-lès-Apt, France
Camping et Gîtes Les Trois Granges;Lieu-dit Les Trois Granges, Ham. de Joncelets, 34650 Joncels, France
Camping la Jonquille;6 rue des Jonquilles, 70210 Hurecourt, France
Camping Le Tedey - Mobilhome 4 personnes - Premium - 2 chambres - Clim.;33680 Lacanau, France
Mobilhome Reflet du Sud - Camping avec piscine à Port-la-Nouvelle;11210 Port-la-Nouvelle, France
Camping Capfun - Côte Vermeille;2400 Chem. des Vignes, 11210 Port-la-Nouvelle, France
Camping Les Bois Flottés de Camargue;Rte de la Mer, 13129 Arles, France
Camping de Vaudois;169 Route Hypert Ollivier, Route Départementale 7, 83520 Roquebrune-sur-Argens, France
camping la bayette;Chem. de la Carraire, 83220 Le Pradet, France
Camping Mauvallon 1;149 Chem. de la Gavaresse, 83220 Le Pradet, France
Camping La Peyrade;24 Rue de la Peyrade, Rte de Colombiès, 12390 Rignac, France
Camping Les Bords de Vienne - Onlycamp;4 Rue du Camping, 37220 L'Île-Bouchard, France
Camping & Camping-car Park du Layon ** - Saint-Aubin-de-Luigné;Rue Jean de Pontoise, 49190 Val-du-Layon, France
Camping Ferme de la Brauge;464 Rte de la Brauge, 24620 Tursac, France
Camping Les Berges du Doux - Chalet 5 personnes - Panoramique 2021;07410 Colombier-le-Vieux, France
Camping La Pensière;
Auberge des Dauphins - Département de la Drôme -maison de site de la forêt de Saoû;Girard, 26400 Saou, France
Auberge du Lac;2887 Rte de Colmar, 88400 Xonrupt-Longemer, France
Auberge Lou Jas;110 Rue des Bayles, 04120 Soleilhas, France
Feel Jump Aubergenville Trampoline Park;Family Village, ZAC du Trait d'Union, 78410 Aubergenville, France
Auberge de Jeunesse HI Cahors - Le Chai;52 Av. André Breton, 46000 Cahors, France
Auberge du pied des monts;6 Rue de la Fontaine, 08400 Grivy-Loisy, France
Best Western Plus Pays du Mont Blanc - Auberge de l'Orangerie;3 CR dit de la Charlotte, 74700 Sallanches, France
Auberge du Presbytère;"819 Rte des Collines;, 24360 Saint-Barthélemy-de-Bussière, France"
Auberge Les Cèdres;Auberge Les Cedres, 5 Rue Lou Peyrol, 24510 Saint-Marcel-du-Périgord, France
Auberge De CHAMPAGNE;1 Rue de Vertus, 51130 Villeneuve-Renneville-Chevigny, France
Auberge du Chaudron Fleuri;14 Rue Principale, 55300 Rouvrois-sur-Meuse, France
Auberge Les Écureuils Restaurant Creperia Bar;Rue Carrer de la Coma, 66340 Valcebollère, France
Auberge de la Petite Reine;21 Chem. du Moulin de Campagne, 24170 Siorac-en-Périgord, France
Aparra Surfcamp Auberge Saint-Jean-de-Luz;Dans Camping Municipal Chibau Berria, 525 Chem. de Chibau Berria, 64500 Saint-Jean-de-Luz, France
Auberge de jeunesse HI Valdeblore - Le Chalet;48 Les Grêles, 06420 Valdeblore, France
l'Auberge de la Fontaine;2 Pl. de la Fontaine, 52210 Villiers-sur-Suize, France
L'Auberge du Lac;Route De La Digue, 52200 Saint-Ciergues, France
Auberg-In;lieu dit, 4380 Rte d'Albi, 81340 Saint-Julien-Gaulène, France
Auberge de Saint-Aubin;21 Rue Saint-Barnabé, 03160 Saint-Aubin-le-Monial, France
Auberge Des Arcades;Le Bourg, 12380 Pousthomy, France
Logis Auberge des Moulins;2 Rue de Pontarlier, 25110 Pont-les-Moulins, France
Auberge du Mesnil Rogues;route de l'auberge, 50450, France
Auberge De La Charriole;225 Chem. de la Haute Fossé, 88100 Taintrux, France
Auberge de Boisset;Le Bourg, 42120 Notre-Dame-de-Boisset, France
Auberge Des Etangs Roussent;91 Rue de la Vall. de l'Authie, 62870 Roussent, France
Auberge le relais;2 Rue de Paris, 02850 Reuilly-Sauvigny, France
La Petite Auberge;70 PLACE DU VILLAGE, 71420 Marly-sur-Arroux, France
Aura Body & Head SPA;25 Rue Driot, 80380 Villers-Bretonneux, France
Secret de Senteurs - Institut de Beauté;95 Grande Rue, 91290 Arpajon, France
Destination bien être;2 Rue des Saules, 70700 Gy, France
Aquabell'O;27 Rue Jeanne d'Arc, 55140 Vaucouleurs, France
AQUAZEN;17 Rue Sébastopol, 94510 La Queue-en-Brie, France
Centre Thalaforme;2 Le Grand Pacage, 87570 Rilhac-Rancon, France
La maison Maeva;la maison maeva, 419 Av. du Born, 40170 Lit-et-Mixe, France
Milosun Soissons;12 Rue de la Buerie, 02200 Soissons, France
Arctic Spas - Spas par BOFFO;Zone d'Activité SIRIUS, CD47 57360, 57360 Amnéville, France
???????? ?????;Rue le Bastard, 35000 Rennes, France
AQUA STUDIO;554 Rue du Collège, 42370 Renaison, France
AQUA TRAINING HUB;145 Rue Pierre Simon Laplace in, 13290 Aix-en-Provence, France
Aquabecool Martigues;4 All. Pablo Picasso, 13500 Martigues, France
Aquabike Toulon;77 Bd Louis Charles Delescluze, 83200 Toulon, France
AQUAGYM NATATION SOPHROLOGIE BIEN-ETRE LIFFRE;12 All. Olympe de Gouges, 35340 Liffré, France
Aquarium de Saint Chamond - L'Aquaramiaud;Espace Pablo Neruda, Route du coin - Bd des Echarmeaux, 42400 Saint-Chamond, France
Biodiversarium;Observatoire Océanologique de, Av. Pierre Fabre, 66650 Banyuls-sur-Mer, France
Centre aquatique intercommunal Pays des Sorgues Monts de Vaucluse;Av. Napoléon Bonaparte, 84800 L'Isle-sur-la-Sorgue, France
City de nathalie;18800 Gron, France
Cize;1 Rte du Moulin, 01250 Cize, France
Fosse de plongée Loïc Leferme Dunkerque;2 Rue du Tornegat, 59430 Dunkerque, France
La piscine de Mag;6 Ancienne route de Montpellier, 34820 Teyran, France
Le parc de la plage/ pizza Nicouette;193 Rte des Frères Montgolfier, 42300 Villerest, France
Loc Piscine Occitanie;3 Av. de Coulombet, 30350 Moulézan, France
Piscine Aquabulle;58 All. de Grangeneuve, 33470 Le Teich, France
Piscine Le Roumingue;60 Av. de la Libération, 33138 Lanton, France
Sensation Jura canyon;1 place du chalet, 39520 Foncine-le-Bas, France
Sport & O' Montaigu;9 Rue Denis Papin, 85600 Montaigu-Vendée, France
Sports De Plage;Unnamed Road, 11560 Fleury, France
Centre Nautique de l'Espace Bernard Pellarin;465 Rte du Lac, 74350 Cruseilles, France
L'Îlobulle;14 Rue de la Libération, 41700 Le Controis-en-Sologne, France
Far'Aquatique;18 Rue de la Planquette, 62138 Auchy-les-Mines, France
L'Hippocampe - Grand Cubzaguais;275 Av. Boucicaut, 33240 Saint-André-de-Cubzac, France
Aqua'Mat;12 Rue de la Gare, 16260 Chasseneuil-sur-Bonnieure, France
OMEGA - Centre Aquatique - Forme - Bien-être;1 rue Pierre-Gilles de Gennes, 91190 Gif-sur-Yvette, France
Sport & O' Cugand;Le Mortier, 85610 Cugand-la-Bernardière, France
Aqualomois by Vicky;49 Av. de Paris, 51700 Dormans, France
Espace Aquatique Lilo;Forum des sports, 01700 Saint-Maurice-de-Beynost, France
Piscine Intercommunale Aqualis;1 All. de la Piscine, 60270 Gouvieux, France
L'Hippocampe;quartier Roqua, 1 Chem. du Coton, 07200 Aubenas, France
Centre aquatique de la Pépinière;95 Rue des 2 Communes, 86180 Buxerolles, France
Centre aquatique intercommunal;Fbg de Belfort, 90100 Delle, France
Centre Aquatique Olympique Métropole du Grand Paris;361-363, Av. du Président Wilson, 93200 Saint-Denis, France
Centre Aquatique L'Eau Vive;105 Rue de Paris, 77220 Tournan-en-Brie, France
Centre aquatique L' Aquatis Fougères Agglomération;Bd Nelson Mandela, 35300 Fougères, France
Aqua Sénart;All. Jacques Mayol, 91210 Draveil, France
Espace Baignade du Port aux Cerises;Chem. des Mousseaux, 91270 Vigneux-sur-Seine, France
Union Nautique;21 Rte d'Epinal, 88400 Gérardmer, France
Centre Aquatique L'Odyss;40 Rue de la Plaine, 85110 Chantonnay, France
Piscine à Gouex;3 Rue de la Mairie, 86320 Gouex, France
Complexe Aquatique de Saint-Renan;Pl. du Dr Paul Guyader, 29290 Saint-Renan, France
Prestalis;5 bis, rue Pl. des Gates, 35410 Châteaugiron, France
Aqua Bien-être et Naître Anne Duterme;20 Rue Maurice Ravel, 38920 Crolles, France
Centre ludo-sportif Les Hermines : Espace aquatique;Centre ludo-sportif Les Hermines, Ronde de Vassivière, 63610 Besse-et-Saint-Anastaise, France
Centre Aqualudique Rivéa;Rte de Beauraing, 08600 Givet, France
L'Oréade;4 Av. du Général de Gaulle, 77170 Brie-Comte-Robert, France
E'Caux Bulles;1 Av. Micheline Ostermeyer, 76190 Yvetot, France
Akwamouv;130 Rue du Dr Dion, 26110 Nyons, France
AQUA DU PIC;36B Chem. de l'Escale, 34380 Viols-le-Fort, France
Aquabecool;RN113, 13127 Vitrolles, France
Centre Aquatique La Salamandre;1 Av. du Quai des Fontaines, 51300 Vitry-le-François, France
Stade nautique Youri Gagarine;67 Rue Youri Gagarine, 94800 Villejuif, France
AQUAFIT-SQY;10 Av. Ampere, 78180 Montigny-le-Bretonneux, France
Centre aquatique Linéo;1092 Rue d'Herzeele, 59470 Wormhout, France
Natur'elle forme;1541 Rte de Mézériat, 01540 Vonnas, France
Parc Aquatique Aquamonts;14 Pl. du 19 Mars 1962, 81330 Saint-Pierre-de-Trivisy, France
Piscine de Villeneuve-Saint-Georges;18-20 Av. de l'Europe, 94190 Villeneuve-Saint-Georges, France
Centre aquatique des Grands Prés;23 Rue Geoffroy Martel, 41100 Vendôme, France
Centre aquatique Villedieu Intercom;Rue du 08 Mai 1945, 50800 Villedieu-les-Poêles-Rouffigny, France
WATER SPLASH;Plage de la Baie Saint Michel, 05230 Chorges, France
L’Aquatik;Plage de la Voilerie, 05160 Savines-le-Lac, France
Espace aquatique l'Azuréo;13 Rue de la Gare, 53170 Meslay-du-Maine, France
Base de Loisirs de Souppes sur Loing;40 Rue des Varennes, 77460 Souppes-sur-Loing, France
Piscines du Domaine de la Sablière;7985+62, 30430 Saint-Privat-de-Champclos, France
Centre Aquatique Neptuneo;2 b, Av. Théodore Aubanel, 13210 Saint-Rémy-de-Provence, France
Adonara Thionville;2 Rue Abel Gance, 57100 Thionville, France
Kalinéo;Av. de la Tour Maury, 91280 Saint-Pierre-du-Perray, France
Aquaspace;7 Rue Antonio de Hojas, 60000 Beauvais, France
Centre Aquatique Auguste DELAUNE;34 Av. Jean Cagne, 69200 Vénissieux, France
AQUA SAUVIAN;9 BIS Av. du Stade, 34410 Sauvian, France
Le French Club;69 Av. de l'Aquitaine, 33560 Sainte-Eulalie, France
Aqua FIT' Rouen;12 Rue Saint-Etienne des Tonneliers, 76000 Rouen, France
L'Aquarelle;Chem. des Hazelles, 51800 Sainte-Menehould, France
Base d'activités d'Ômaya;Le Muleney, 73500 Val-Cenis, France
Parc Aquagliss;Plan d'eau du Champsaur, Rte du Domaine, 05500 Saint-Julien-en-Champsaur, France
Centre Aquatique La Baignade;36 Rue du Patis, 89130 Toucy, France
Oxyforme;853 Rue Charles de Gaulle, 59840 Prémesques, France
L'Instant Aquatique;20 Rte de l'Escalette, 31820 Pibrac, France
Jeux d'Eau;2 D159, 47140 Penne-d'Agenais, France
Ingreo - Salle de sport & Bien-être Montauban;Bd Edouard Herriot, 82000 Montauban, France
Total Jump (Siège);5 Rte de Kirchheim, 67520 Odratzheim, France
aquaclub80;4 Rue Jean Dupuy, 80500 Montdidier, France
Silhouette & Bicyclette - Aquabike Marseille;227 Av. Pierre Mendès France, 13008 Marseille, France
Centre aquatique communautaire;1 Rue Pierre de Coubertin, 71000 Mâcon, France
Aqua'Seven - Cours Aquafitness - Grimaud Gwendoline;1 Rue Carvoeira, 33880 Saint-Caprais-de-Bordeaux, France
Centre Aquatique Sallanches Mont-Blanc;82 Rue Charly Mottet, 74700 Sallanches, France
So Swim Venelles;43B Av. de Mouliero, 13770 Venelles, France
Aquarium Location Services;6 Rue Louis Delourmel, 35230 Noyal-Châtillon-sur-Seiche, France
ERIC SAUNIER - CENTRE DE MASSAGE & DE BIEN ETRE - PALAISEAU;56 Av. du 8 Mai 1945, 91120 Palaiseau, France
H2O-Hydrothérapie;Chemin Des Houches, 91150 Roinvilliers, France
HIPPOCRATES;1 Rue du Clos René, 34000 Montpellier, France
SHAKTI 34;8 Av. de la Fontvin, 34970 Lattes, France
Les Rituels d'Ô Hammam massage et soin visage;1110 Av. de Saint-Maur, 34000 Montpellier, France
La Maison Yvonne;88 Chem. de Notre Dame À Saint-Martin, 34300 Agde, France
Val''Hõll;5 Bis Rue sur la ville, 70110 Les Magny, France
Le Repos de la Tortue (E.I);27 Rue de la République, 31620 Fronton, France
Massage bien-être;5 Rue de la Justice, 57570 Puttelange-lès-Thionville, France
ZhenWell — Massage & Bien-être Cannes;14 Rue Lecerf, 06400 Cannes, France
Spa Océane - Le Dôme de Vincennes;20 Av. des Murs du Parc, 94300 Vincennes, France
L'espace bien-être /praticienne en massages bien être ET ventouses/diplomée;12 La Daviais, 50240 Saint-James, France
Nature et bien-être à Sauvigney;Grande rue, 70140 Sauvigney-lès-Pesmes, France
Ici & Ailleurs;285 Chem. Sainte-Marie, 26190 Saint-Jean-en-Royans, France
HARMONIA Massages Bien-être - Marmande;268 Rte De La Fuge, 47200 Montpouillan, France
MB Atelier du Soin;245 Cherchory, 23000 Saint-Sulpice-le-Guérétois, France
??Serenity Wellness Home??;20 Rue Paul Vaillant Couturier, 59217 Cattenières, France
ZN Wellness Meudon | Massage, Acupuncture & Soins MTC;9 Rue Paira, 92190 Meudon, France
Wellness’home;4 Cité Sainte-Barbe, 57440 Algrange, France
Wellness Studio;6 Rue du Dr Henri Vanuxeem, 59850 Nieppe, France
Wellness Room - Drainage lymphatique & Madérotherapie;36 Rue de Chartres, 28630 Morancez, France
Wellness Institut;128 Rue de Tournai, 59780 Baisieux, France
Wellness By Nel - Drainage lymphatique Renata França | Massage sur-mesure | Soin visage;68 Rue du Général de Gaulle, 77181 Courtry, France
SPA, NATURE & PRESTIGE by Wellness Addict;5001F Pl. Alexis Gruss, 54150 Val de Briey, France
Nomad Wellness;14 All. des Tilleuls, 67230 Sermersheim, France
Nina Wellness & Beauty;4 ter Rue de la République, 95570 Bouffémont, France
Nature & Wellness;2 Rue Bernard de Girard, 33185 Le Haillan, France
Les Sources d'Hon - Gîte de charme & Espace wellness privatif;Rue Maxime Ansieau 21, 59570 Hon-Hergies, France
Le Prana maison et chambres d'hotes wellness et centre de soins;18 Rue de l'École Centrale, 57160 Rozérieulles, France
Le Club Forme & Wellness La Grande Terrasse;Av. de la Falaise, 17340 Châtelaillon-Plage, France
Laurent Mottet: Hypnomassages. Massages relaxants. MÔ Wellness;77 Bis All. de la Pépinière, 33450 Saint-Sulpice-et-Cameyrac, France
La Belle Vie - St Martin de Belleville - Sport&Wellness Les Belleville;107 Rue des Ravines, 73440 Les Belleville, France
L’Aventurine Wellness;Le Studio 127, 127 Route du Puits de l’Homme, 74330 Sillingy, France
L’Argalyde Wellness & Cycling;2 All. du Bergons, 65400 Ayzac-Ost, France
Kiareva Wellness;2 Rue Alexandre Gander, 74200 Thonon-les-Bains, France
Kayna Wellness;52 Bd Dethez, 13800 Istres, France
Holis'Wellness;Chem. des Romains, 55100 Haudainville, France
Gîte Wellness Le Six H - Sauna - Proche de Colmar - Réservez votre hébergement touristique - 6 personnes;1A Rue des Cordiers, 68280 Andolsheim, France
Gîte Wellness Chez Léon - Allerey-Sur-Saone;1A Rue du Pâquier, 71350 Allerey-sur-Saône, France
FLO'WELLNESS;Box 6rue Rolland Pilain, ZA LA LOGE, 37190 Azay-le-Rideau, France
Cocoon wellness;2 bis Rte Forestière, 33750 Beychac-et-Caillau, France
Chateau de Lavail / Mahawellness;Le Château Lavail, 11320 Labastide-d'Anjou, France
CENTRE WELLNESS;3 Rte de la Nauve, 24100 Creysse, France
CENTRE MINCEUR UNIQUE WELLNESS ORANGE;Résidence Alexandre, 6 Av. Henri Fabre 1er, 84100 Orange, France
bodywellness- drainage lymphatique renata franca;Rue Fontaine, 91580 Étréchy, France
BioZen Wellness Nonancourt;38 Rue des Châteaux, 27320 Nonancourt, France
AUM SHANTI centre de soins ayurvedique et Wellness;18 Rue de l'École Centrale, 57160 Rozérieulles, France
???????????? ?????????? – Massothérapeute spécialisée en massages bien-être visage & corps;Uniquement sur RDV, 3 Rue de la Gare, 79000 Niort, France
ZinAmara - Centre de Bien-être et de Massages;5 Rue Frédéric Mistral, 13100 Aix-en-Provence, France
ZenpourSoi, massages, espace bien-être avec jacuzzi et Vital Dôme sauna;80 IMPASSE DES BOULEAUX, Chem. de la Gallee, 26160 La Bégude-de-Mazenc, France
Zen et Bien par'Être;14 Rue Louis Pasteur, 10100 Romilly-sur-Seine, France
Yzalie bien-être;159 Rue Chèvre, 77160 Chalautre-la-Petite, France
YouKha Thaï Massage : Praticienne en massage bien-être et thérapie manuelle proche Auray;22 Rue Kerjulien, 56690 Landaul, France
Ylang Bien Etre;13 Rés du Parc du Château, 78430 Louveciennes, France
Yim Siam Institut Bien - être;2 Rue Van Loo, 13100 Aix-en-Provence, France
YANAMUNDHAE, Energéticienne - Praticienne Bien-être;21 Rue Jean Jaures, 34140 Loupian, France
Wi-Thaï Bien-être;9 Rue du Commandant Lamy, 06110 Le Cannet, France
Voyage bien-être;7 Rue d'Aquitaine, 33990 Hourtin, France
VotreMomentBien-Être ByMarion;204 Chem. de la Source, 38460 Chozeau, France
Vos instants précieux - Massages & Bien-être à Dijon;2 bis Rue Viollet le Duc, 21000 Dijon, France
Volcanic Bien Etre;10 Rue des Bourguignons, 92600 Asnières-sur-Seine, France
Vitalys Massages Bien-Etre;52 Rue de Melun, 77220 Liverdy-en-Brie, France
VITALAM-BIEN-ETRE, Véronique Miège;121 Mnt du Château, 73630 Le Châtelard, France
Villa Athena, séjour bien-être et éthique;1 Rue du Couvent, 14960 Meuvaines, France
Vibrâmnima : Praticienne en massages bien-être, myopraticienne, sonothérapeute, énergéticienne, fleurs de Bach.;4 Rue Emile Planchon, 34190 Ganges, France
Vanessa Montigny E.I - Massages personnalisés et drainage lymphatique bien-être;1 Imp. Pujeau Rabe, 31410 Lavernose-Lacasse, France
Vanessa Contentin bien-être;239 Chemin du Brulet Le Bletenay, 38440 Meyrieu-les-Étangs, France
Vanarom's nature Institut Bien Etre et Flottaison;102 Bd de la République, 47000 Agen, France
VALERIE PRADEL FORMATION MASSAGES Bien-être;1420 Rue Pasteur, 60700 Pont-Sainte-Maxence, France
Valérie Evrard, praticienne en massages bien-être;3 ALLEE DE L'ABBE SUIRE, 79000 Sciecq, France
Vague de Bien-être;Place de l'Eglise, 29242 Ouessant, France
V Bien-Naître;1 Lot. Keroulin, 56550 Locoal-Mendon, France
Un Zeste de Bien Etre;7 All. Alain Guénant ESPACE COMMERCIAL 5 AVENUE, 85180 Les Sables-d'Olonne, France
Un rendez-vous pour soi - massage bien-être et soin énergétique;1889 Av. Roger Salengro, 92370 Chaville, France
Un océan de bien-être;5 Chem. de Montsalson, 42530 Saint-Genest-Lerpt, France
Un nuage de coton Massage bien-être;422 Les Fenêtres, 49140 Jarzé Villages, France
Un Monde De Bien Etre;2 All. du Centaure, 64600 Anglet, France
Un Monde Ailleurs-Massage en duo-Soin énergétique-voyage sonore-Séjours bien-être;Bd de la Plage, 66440 Torreilles, France
Un Doux Moment A Soi-Praticienne Massages Ayurvédiques, Bien-être, Corbère Les Cabanes, PyrénéesOrientaleGéraldine HUC-DUMAS;1 Imp. Cournellane, 66130 Corbère-les-Cabanes, France
Un air de bien-être ...;40 Av. Charles de Gaulle, 24120 Terrasson-Lavilledieu, France
Ton Bien Etre Massage;105 Rue Sinoël, 77860 Couilly-Pont-aux-Dames, France
To'massage Bien-Être;1 Place De L’Azuré Centre Aquatique X’eau, 16100 Châteaubernard, France
Toile & Lumière - L'écrin de l'Âme (Chromo-luminothérapie musicale, massage bien-être et exposition) Saint-Lô;16 Rue de la Poterne, 50000 Saint-Lô, France
Tiroma Bien-Etre;378 Chemin de bourgnanen, 3 l'Orée des grands pins, 84550 Mornas, France
Timerelax Massage Bien-Être;Rue Jules Ferry, 91160 Longjumeau, France
Thiané TL massage bien-être;105 Rue de Villiers Adam, 95630 Mériel, France
TherapyZEN - massages & soins bien-être;Les Bories, 120 route jean benigne milhau 6, 34800 Clermont-l'Hérault, France
The Body by Ami – Facialiste & Massages Bien-Être à Amiens;58 Rue des Jacobins 1er étage, 80000 Amiens, France
Thaï-bien-etre;4 Rue des Noyers, 77220 Liverdy-en-Brie, France
Thaï Massage Bien-être Cosne;18 Rue Saint-Jacques, 58200 Cosne-Cours-sur-Loire, France
Thai Massage Bien-Être Champagnole;62 Av. de la République, 39300 Champagnole, France
TERRE DE SOINS Massage Bien-être;57 Av. du Maréchal Foch, 16600 Ruelle-sur-Touvre, France
Terre de Bien-Être;8 Rue de l'Ile de France, 80260 Cardonnette, France
TERRE DE BIEN-ETRE;33 Rue de Besle, 44290 Guémené-Penfao, France
Terramassa - Salon de massages et bien-être;3 A rue de la Polka, 57130 Jouy-aux-Arches, France
Terra Sansa, Maison de bien-être;2 bis Rue du Moulin, 47800 Allemans-du-Dropt, France
Terr Do Zen Coiffure Beauté Bien-être;155 Chaussée Jules César, Pl. du Marché, 95250 Beauchamp, France
Terapeya - Centre bien-être & remise en forme | Rambouillet, Yvelines (78);Pas Fleurie, 109 Rue du Général de Gaulle, 78120 Rambouillet, France
Temple du bien etre;3 La Nouvelle France, 53290 Bouère, France
TARANISA - Massages Bien-Etre;4 Rue Marguerite Duras, 22650 Beaussais-sur-Mer, France
Tania Felder Provenchere - Massages et conseils bien-être;8 Rue de la Renaissance, 26120 Montélier, France
Symphonie du bien-être;11 Rue de la Frm Quirin, 67370 Stutzheim-Offenheim, France
Symbiose & Plénitude by Fanny - Massages bien-être à Coëx;18 All. des Parulines, 85220 Coëx, France
Swann Bien-être;185 Rue Saint-Clair, 50260 Négreville, France
Suzanne - l’Artisane du Bien-Être;34 Rue du Grand Pont, 28230 Épernon, France
Suwana bien-être;14 Bis Rue de Nachey, 21240 Talant, France
Sue-Dimension Bien-Etre;481 Rue Albert Perrière, 73210 La Plagne Tarentaise, France
Sublim'Gaïa | Massages Bien-être, Longévité & Minceur | Drainage Lymphatique • Remodelage Corps & Visage | Niort;4 Rue Gambetta, 79000 Niort, France
Sublime Bien-être;296 Av. Aristide Briand, 93320 Les Pavillons-sous-Bois, France
Stéphanie Massage Bien-être Conflans;1 Rue Eugène Berrurier, 78700 Conflans-Sainte-Honorine, France
Stephanie Massage bien-être;66B Dom. de Montvoisin ZA, 91400 Gometz-la-Ville, France
Steffany Marx massages bien-être;21 Rte de la Ferté Gaucher, 77320 Choisy-en-Brie, France
Stef Massage Bien-être;24 Rue Bordin, 78500 Sartrouville, France
Sport Santé et Bien-Être;14 Rue Jean Cariven, 19240 Allassac, France
Source de Bien-Être;44 Rue Domino, 74140 Douvaine, France
Source bien-être - Charlotte MONTALBANO YOGA - MASSAGE AMMA Assis - DO-IN (Auto-Massage);AGEN FR, 1 Rue Saint-Exupéry D, 47520 Le Passage, France
Sosso Bien-être Massage;15 Rue Béranger, 42300 Roanne, France
sosbienetrebretagne, Laëtitia Le Vée : massages à domicile et en entreprises;22160 le bourg, 22160 Bulat-Pestivien, France
Sorelle Bien Etre;25 Rue Jean Jaurès, 38350 La Mure, France
Sophie Brossaud Massages bien-être & Kinésiologie TFH;Hôtel Particulier, 12 Rue de la Liotterie 2ème étage, 44430 Le Loroux-Bottereau, France
SOMIA Esthétique & Bien-Être;33 Quai des Escoucières, 81800 Rabastens, France
Sologne Bien Etre;30 Bis Rue des Poulies, 45240 La Ferté-Saint-Aubin, France
Soleil Bien Etre;101 Rue du Chemin Vert, 75011 Paris, France
Soléa Soins & bien-être;81000 Albi, France
Sokaly Reiki - Massage bien-être à Carpentras;197 Bd Albin Durand, 84200 Carpentras, France
Soins Energétiques et Bien Etre par Vanessa;4 All. des Camélias, 56800 Campénéac, France
Soins byô Massage bien-être, Beauté des mains /pieds;16 Rue de la Vesgre, 28260 Oulins, France
Sô’Zen bien-être Massages&Relaxation Bagnoles de L’Orne;Imp. du Loup Pendu, 61140 Bagnoles de l'Orne Normandie, France
SO' Instant Bien-être;2 Av. Edouard Herriot, 91440 Bures-sur-Yvette, France
So Glad Beauté, Bien-être & Parfumerie;9 Av. Abbé Barbedet, 35690 Acigné, France
SINAÏA Bien-Être, Méthode RENATA FRANÇA, Drainage lymphatique, KOBIDO, Madérotherapie, Massage détente sur-mesure;4 Rue des Cordeliers, 39000 Lons-le-Saunier, France
Sérénité et Bien-Être;Gare de, 77000 Melun, France
SENSOA - Massages bien-être & soin visage Kobido - Tours;9 Quai des Maisons Blanches, 37540 Saint-Cyr-sur-Loire, France
SENSATIONS Bien Etre;60 Rue Léon Lhermitte, 02400 Château-Thierry, France
Secrets du bien-être;55 Rue Jean Jaurès, 83340 Le Luc, France
Secrets de bien-être;87 Rue nationale, 57230 Éguelshardt, France
Santala Bien-Être Fusion;5973 Rte de Jouques, 83560 Rians, France
Sandie Cheucle CorCorazon - Massages Bien-être;155 Dsc de Bourbouillon, 01400 Sulignat, France
Sand Bien-être 13 – Sandrine Ducret-Essayan;22 Lot. la Tuilerie, 13550 Noves, France
SALON PARENTHESE BIEN-ÊTRE - SANDRINE LE FUR;27 Rue du Dr Laennec, 56550 Belz, France
Salon L’escale Bien-être Ajaccio;Résidence La rocade, 19 Av. Maréchal Lyautey bâtiment C, 20090 Ajaccio, France
Salon du bien-être et de la nature;Av. du Midi, 47031 Agen, France
Salon bien-être & esthétique;1 bis Rue du Ribéral, 66290 Cerbère, France
Saine de vie, centre bien-être & naturopathie à Portbail;4 Rue Robert Asselin, 50580 Portbail, France
Saifon Massage Bien Etre;23 Rue Diego Velazquez, 77176 Savigny-le-Temple, France
SAHIRI BIEN-ÊTRE;Sahiri Demougin, 60 Av. des Lilas, 64000 Pau, France
Sagesse du bien-être;Pôle santé du Parc, 281 Rue Marcel Thomas, 60600 Agnetz, France
Sa Ta Na Ma Studio Bien Etre;1 Rue Fernand Galmiche, 70500 Corre, France
S' Madiana ( praticienne massage bien-être);26 bis Rue du 19 Mars 1962, 42680 Saint-Marcellin-en-Forez, France
ROSE BIEN ETRE massage Laval;35 Rue du Mans, 53000 Laval, France
Rêves d'éclat Beauté & Bien-être;4 Imp. des Houx, 85140 Chauché, France
Rev'ailes Tes Sens | Institut de massage et centre bien-être;4 Chem. des Buissons, 91150 Abbéville-la-Rivière, France
Ressources & moi - Gîte & Soins bien-être à Coulx;679 route de, 47260 Coulx, France
Renata Lima- Massages et bien-être;3 Pl. du Terrail, 81380 Lescure-d'Albigeois, France
Relaxation & Bien-etre Piscine de Habsheim;5 Rue de l'Industrie, 68440 Habsheim, France
Refuge Association Fight For Animals maison du bien etre et de la protection animale;449 chemin alezane, 39230 Recanoz, France
Réflexologue, masseuse bien-être Laura Leprevost (L'Instant Zen);996 Rte du Beau Soleil, 76640 Terres-de-Caux, France
REFLEXOLOGIE BIEN-ETRE;97 Rte d'Aroffe, 88170 Aouze, France
Reflex bien etre;20 Rte d'Amfreville, 27400 La Vacherie, France
Rachel bien-être;37 Rte de Pierrepont, 54260 Longuyon, France
Prenez Une Pause – massage bien-être & espace détente;4 Chem. du Loup, 31100 Toulouse, France
Praticienne Euphoniste Energéticienne ,Massages énergétiques bien-être, Reiki Tao To Qi, Yoga de Samara au Jardin des Roses;JARDIN DES ROSES SANTE ET BIEN ETRE, 15 Rue Edmond Jaeger, 67140 Andlau, France
Praticienne en Relaxation - HOLISTIQUE BIEN-ÊTRE LUCHEUX RELAXATION;Résidence du Chêne, 34 Rue Jean Baptiste Delecloy, 80600 Lucheux, France
Praticienne en massage bien-être et accompagnatrice en libération émotionnelle coeur d'étoile by Caroline;54 Rue des Deux Moulins, 62152 Neufchâtel-Hardelot, France
Praticienne Bien-être Diplômée Et Déclarée;Rue Colette Besson, 80450 Camon, France
Pranandi Bien-être;Imp. du Botscav, 56550 Belz, France
Pranadev - Massages bien-être - Ayurveda - Yoga'Danse - Retraites Ayurvédiques/Yoga - Corinne Blat;170 Rue de la Fromagerie, 73120 Courchevel, France
Pour mon bien-être;21 Rte du Neubourg, 27400 Louviers, France
Point Soleil Rueil-Malmaison - Centre de Bronzage UV, Amincissement, Sport & Bien-Être;2 Av. Georges Clemenceau, 92500 Rueil-Malmaison, France
Point Soleil Meudon - Centre de Bronzage UV, Amincissement, Sport & Bien-Être;40 Rue de la République, 92190 Meudon, France
Plein vent Bien-être à Barneville-Carteret;55 Bd Maritime, 50270 Barneville-Carteret, France
Piscine et espace bien-être du Sauze;244 Rue de la Savonnette, 04400 Enchastrayes, France
Piscine et Bien Etre;ZCAE du Moulin, 3 Rue des Prés Pécate Bâtiment 2, 88580 Saulcy-sur-Meurthe, France
Philosophie bien-être;10 Rue des Primeveres, 68130 Carspach, France
Philippe Mercier - Massage Bien-être;16 Pl. Pey Berland, 33000 Bordeaux, France
Petite parenthèse bien-être;3 Sente Du Prince, 60300 Aumont-en-Halatte, France
Pearl bien dans son être;15 bis Rue Pierre et Marie Curie, 22590 Pordic, France
Pause Bien-être;10 All. Deutsch de la Meurthe, 02610 Moÿ-de-l'Aisne, France
Patricia Marquis Massages Bien-être Relaxants Ma Douceur Zen-Drainant minceur-Liftant visage-Réflexologie plantaire-EVJF;Maison De Santé Kielyno, 21 Rue des écoles, 91600 Savigny-sur-Orge, France
Patrice MARQUIS Massage Bien-être;18 Chem. d'en Couyoulet, 31250 Revel, France
Parna Massages et Bien-être ayurvédique;6 All. du Verger, 35310 Chavagne, France
Parles en à mon étoile-Massage Bien-être et Énergétique Intuitif - Massage Prénatal;1350 Rte d'Avignon, 84320 Entraigues-sur-la-Sorgue, France
parenthèse bien-être;1 Av. de Chaussand, 43200 Yssingeaux, France
Parenthèse BienEtre;9 Tour du Village, 28700 Châtenay, France
Parapharmacie Bien-Être et Santé;25 Rue du Faubourg, 25370 Jougne, France
OZ'VivreBien - Massages Bien-Être et soins Énergétiques Reiki - Karine PAQUOT;21 Rue du Rocher, 44450 Divatte-sur-Loire, France
Ô'Zen...Centre de Bien-Être;8 Pl. Jules Ferry, 91240 Saint-Michel-sur-Orge, France
O'soi - Loisirs, Piscine et Bien-être;Rte de Cotteriat, 73500 Aussois, France
OSMOSYA - CENTRE DE BIEN–ÊTRE PAR FLOTTAISON;17 Rue de la Petite Fin, 21121 Fontaine-lès-Dijon, France
Osmose ostéopathie sport & bien-être;316 Av. du Marensin, 40170 Lit-et-Mixe, France
Osmose bien-être;Le Sud Ouest, 2A Rte de Lyon, 69530 Brignais, France
Osez massage duo - Kobido - Bien-être Rennes (Mirévas);18 Rue Danton, 35700 Rennes, France
Orneline bien-être - Massages à Mériel 95630 val d'oise- enfants, adultes et seniors.;Rés les Coteaux, 95630 Mériel, France
ORI MASSAGE & BIEN-ETRE;2 Avenue Dr Fernand Aurientis, 13100 Aix-en-Provence, France
Oré Sens Massages Bien-être;244 Rue des Hôpitaux, 07100 Boulieu-lès-Annonay, France
Ophézen massage de bien-être pour homme femme enfant bébé femme enceinte sportif minceur;La Font Valade, 16410 Torsac, France
Opaline Centre de Bien-Etre;22 Pl. Jean Baptiste Rouillon, 55400 Étain, France
Ondes Marines | Massage bien-être | Spécialiste Kobido | Beauté | Cosmétiques naturels bio | Bordeaux Bastide - Rive droite;6 Pl. Calixte Camelle, 33100 Bordeaux, France
OMZEN Massage Sportif,relaxant,energetique therapie Bien-être;2 All. Jean Moulin, 94340 Joinville-le-Pont, France
Olymféa Centre de bien-être;2 Rue Pasteur, 54240 Jœuf, France
Olowan Bien-être | Massages personnalisés à domicile ou au salon | Esthétique traditionnelle;160 route du Dourdou, 12330 Mouret, France
Oléa Massages Bien-être;27E Rue des Mésanges, 07100 Annonay, France
Ohm massage bien-être à domicile;3 Rue de la Rotonde, 34290 Alignan-du-Vent, France
ODE AU BIEN-ETRE;11 Chem. des Châtaigniers, 91620 La Ville-du-Bois, France
Océane Bien-Être - Massages et Soins au Puy-en-Velay;La Passerelle du Bien-Être, 4 Rue de la Passerelle, 43000 Le Puy-en-Velay, France
Océan de Bien-être;8 Rue de Nantes, 44680 Chaumes-en-Retz, France
objectif bien etre dijon EI;Et Leurs Camarades, 9 R Des, Rue Normaliens Fusillés Camarades, 21000 Dijon, France
O’MANAVA Lodge & bien-être;5 route du stade, 81640 Virac, France
O Tsukimi - Massage Bien-être;17 Imp. Fidéli, 62160 Bully-les-Mines, France
O Sens Bien Etre;4 Rue Romain Rolland, 87600 Rochechouart, France
Ô Mains Sages - Massage Bien-être & Sportif | Aix Les Bains;298 Av. Marie de Solms, 73100 Aix-les-Bains, France
Ô Délices Du Bien-Être;1 Rte du Petit Mesnil, 27400 Louviers, France
Ô de Sermaize - Séjours bien-être en Normandie;7 Rue Demeufve, 77590 Bois-le-Roi, France
O' Corps & O' Cœur - Massages Bien-Être;2 Av. Edmond Michelet, 19260 Treignac, France
Ô Cœur du Bien-Être;Rue des Quinquenays, 37500 Chinon, France
Ô coeur du bien - naître;541 Rue des Dadots, 45200 Amilly, France
Ô bien-être massage;16 B Stréat Groazoc, 29840 Porspoder, France
Ô Bien-être;148 Chem. du Château, 06330 Roquefort-les-Pins, France
O BIEN ETRE Géraldine FABRE;Au bout du chemin, 395 bis Chem. de Tout Blanc, 84210 Althen-des-Paluds, France
Ô Beauté Péronne 80, Océane esthéticienne et praticienne bien-être;27 Rue du Quinconce, 80200 Péronne, France
Nymphéa Thérapies Bien Etre;15 Rue Tristan Bernard, 25000 Besançon, France
NYA Institut – Épilation laser Magalas | Centre esthétique bien-être | Beauté | Proche Béziers;2 Rue des Terrasses de Montfo, 34480 Magalas, France
Nuages de Bien Etre;62 Av. du Général de Gaulle, 77330 Ozoir-la-Ferrière, France
Nuage de bien-être;La Villa des Golf.e.s, 5 Saint-Goustan route de, 56450 Theix-Noyalo, France
Novae bien-être;1 Rte de Bucy, 02340 Clermont-les-Fermes, France
Nolly’Angel - Espace Bien-être et Mieux-être;195 Rue Angela Duval, 29280 Plouzané, France
Niort Bien-etre;68 Rue de la Gare, 79000 Niort, France
Nicole Frayssinet - Réflexologie/Bien-être;11rue des romarins, 32220 Lombez, France
Nicole Barbier - Réflexologie & Massage Bien-être à Autun;1 Rue du Bourg, 71400 Autun, France
Nicolas Giron - massages bien-être et deep tissue;26 Rue du Commerce, 56300 Le Sourn, France
Névènka Cely, Massages bien-être;Le Cubersel, Rte de Nabinas, 06660 Saint-Étienne-de-Tinée, France
NAYA Massage bien-être Eveil psycho-corporel. Soin énergétique Reiki;1 Rue du Dr Mercier, 30100 Alès, France
Naty Beaute & Bien-Etre;37 Bd de la Marne, 32600 L'Isle-Jourdain, France
Naturôsens : Massages bien-être - Réflexologie - Sophrologie - Naturopathie;9 Lot. Les Jardins du Bosc, 11120 Saint-Nazaire-d'Aude, France
NATUR'OREL - Naturopathe - Praticienne Bien Etre - Massages;4 bis Rue Neuve, 62173 Ransart, France
Naturopathe Massages bien-être, Anaïs BAZIN Couratin, Retour ? Sources;19 Rue des Lavoirs, 44440 Pannecé, France
Nature et Sens: Minceur et Bien-Etre - Conseillère Ménopause à JONZAC;5 Av. Chanzy, 17500 Jonzac, France
Nature Et Bien-être;La, 52 Rte Nationale, 41260 La Chaussée-Saint-Victor, France
Nature & Moi- salon de thé- centre bien-être et énergétique- vente de produits naturels;2 Rue Darnaud Bernard, 82170 Grisolles, France
NaTuraL'l praticienne en Maderotherapie, Drainage Lymphatique, massage Kobido et massage Tui Na massages bien-être;112 Rue de l'Hysope, 13300 Salon-de-Provence, France
Natur O Bien-être;La Haute Vieuville, 35133 Landéan, France
NATBEL | Institut de massage bien-être | Soin et conseil bien-être | Saint-Étienne - Loire - Auvergne-Rhône-Alpes;24 Rue des Francs Maçons, 42100 Saint-Étienne, France
Nat bien-être 37;21 Rue de la Côté Chaude, 37400 Amboise, France
Nat' Bien Etre Apprieu;Rte les Hauts de Plambois, 38140 Apprieu, France
NAO massage bien-être;6 Lot. du Moguérou, 29241 Locquirec, France
NAMASTÉ LE BIEN-ÊTRE AU NATUREL;22 Rue de Nancy, 57915 Woustviller, France
Namasté bien-être et vitalité;Rue de L’Accordeon, 15200 Jaleyrac, France
NADYWELL Institut de Massage bien-être Unieux Firminy | Saint-Etienne Loire Rhône-Alpes | FRANCE;6 Rue Jean Zay 1er Etage, 42240 Unieux, France
Nadia Robert Massages Bien-Être;126 Imp. du Vignot, 12270 Saint-André-de-Najac, France
My Cocooning – Laser, Cryolipolyse & Bien-être Le Raincy;13 All. Clémencet, 93340 Le Raincy, France
MUSE I Massages Bien-Être Drainage Lymphatique Madéro'Ice Madérothérapie - Visage & Corps. Paris/Issy-Les-Moulineaux;89 Rue du Gouverneur Général Éboué, 92130 Issy-les-Moulineaux, France
MP Bien-être;39 Grande Rue, 72240 Conlie, France
Moyo bien-être;8 Pass. du Cid, 77186 Noisiel, France
Mon Temple du Bien-Etre;365d Rue de la Forge, 38200 Villette-de-Vienne, France
Mon Nid'éal de Bien-être;330 Chem. des Oirées, 69490 Saint-Forgeux, France
Mon Instant massage bien-être;1 Rue Mangin 4ème étage, 57000 Metz, France
Mon Envolée Bien-Etre;résid, 10 Rue Suzanne Césaire, Rue Leroy Mary, 27400 Louviers, France
Moment de douceur - Massages Bien-être;6 Pl. de l'Église, 83720 Trans-en-Provence, France
Mille et Un Bien Etre;21 Rue Ferrandière, 69002 Lyon, France
Méthode Renata Franca Drainage Lymphatique /KOBIDO/Experte en massage du visage/Centre Minceur et Bien-être By Sophie;50 Rue du Val d'Or, 95240 Cormeilles-en-Parisis, France
Mes rituels bien-être;90 chemin de Montmirail, 84150 Violès, France
Mercier de Montigny - Les Chambres du Beffroi - Espace Bien-être Massage et Sauna;9 Rue du Beffroi, 35300 Fougères, France
Meng UNG - Masseur Bien-Être et Sportif à Juvisy-sur-orge;4B Rue de Châtillon, 91260 Juvisy-sur-Orge, France
Mélissa ô naturel - Massage et soins bien-être;8 Rue Auguste Brizeux, 29300 Arzano, France
Méli Bien-être;64 Rue du Bois Savary, 44600 Saint-Nazaire, France
Mel Beauty&Harmony massage Bien-être, Kobido et Aromathérapie;4 Rue du N, 66200 Alénya, France
Médiane Bien-être;8 La Cassouaille, 33730 Villandraut, France
Maud MOAL esthéticienne-masseuse - Pause Cocoon & Bien-être;6 Rue Jean Jaurès, 07600 Vals-les-Bains, France
Mathilde Massages - Massages bien-être et drainage lymphatique;10 Bd de la Liberté, 89100 Sens, France
Massérénité - Massages bien-être - Beauté;4 coteaux du, Lot. Les Coteaux du Colombier, 31460 Caraman, France
Massatho Bien-être;4 Rue des Fayards, 39800 Fay-en-Montagne, France
Massages, Conseils Bien-Être et Santé SOZENWELL;38 Av. de l'Armée Leclerc, 91600 Savigny-sur-Orge, France
Massages et soins Énergétiques de Bien-Etre. Caudebec-les-Elbeuf;124 Rue de la République 76 320, 76320 Caudebec-lès-Elbeuf, France
Massages et bien-être L'harbage;8 route de loye, 18200 Arcomps, France
Massages bien-être, réflexologie plantaire EI;11 Rue de la Chapelle, 57510 Hilsprich, France
Massages bien-être Soledad CASTILLO;2 Av. Georges Clemenceau, 83190 Ollioules, France
Massages Bien-Être Roanne - SHENGXIAMENG;17 Rue Jean Jaurès, 42300 Roanne, France
Massages bien-être et énergétiques - Edwige Martin;4 Bd du Général de Gaulle, 44510 Le Pouliguen, France
Massages bien-être et énergétiques;Tharon-Plage, 7 Av. de la Petite Bretagne, 44730 Saint-Michel-Chef-Chef, France
Massages Bien-être en Roulotte | La Biohème | Saché 37;8 Rte de la Basse Chevrière, 37190 Saché, France
Massages bien-être Anahata;180 Av. du Stade Bât A, 2è étage, 42170 Saint-Just-Saint-Rambert, France
massages bien-être adaptés;1 Pl. du Centre, 22540 Louargat, France
Massages bien-être à Noisy-Le-Sec;21 Rue Anatole France, 93130 Noisy-le-Sec, France
"Massages bien-être ""Soyons zen""";1026 Chemin de la Garrigue S, 84870 Loriol-du-Comtat, France
Massages Bienaturelax;20 Av. Philippoteaux, 08200 Sedan, France
Massages & Bien-Être - Albi;159 bis Rte de Fauch, 81000 Albi, France
massage-bienetre-beaupreau;3 Sq. Barbara, 49600 Beaupréau-en-Mauges, France
Massage-bien-être - Sophie Bourgeois;12 Av. du Stand, 21000 Dijon, France
Massage, énergie, bien-être;487 Rte de Mérindol, 84110 Puyméras, France
Massage Thai Thérapie bien-être;8 Rue de Brunstatt, 68200 Mulhouse, France
Massage Ruby Relaxation bien-être;76 Rue Jean Jaurès, 17300 Rochefort, France
massage relaxant chinois bien-etre 11400;9 Rue de Dunkerque, 11400 Castelnaudary, France
Massage la Tour du Pin - Bien-être;3 bis Chem. de Coiraton, 38110 Rochetoirin, France
Massage Fabien-Être;Rue des Faubourgs, 77370 La Croix-en-Brie, France
Massage du monde et Bien-être;12 bis Rue aux Moines, 78700 Conflans-Sainte-Honorine, France
Massage de bien-être et relaxation;36 Rue de Chausey, 50590 Hauteville-sur-Mer, France
Massage bien-être, Reiki et Magnétisme à Conchil-le-Temple | Douceur Opaline;19 Rue de Tigny, 62180 Conchil-le-Temple, France
Massage Bien-Etre Pyrénées Massages Détente et Sportif Hautes-Pyrénées 65;Le Relais d'Isaby, 24 Rue de Couscouillet, 65260 Villelongue, France
Massage bien-être M'iPause;15 Rue de la Grave, 11260 Espéraza, France
Massage bien-être ligia;15 Rue des Jacinthes, 91380 Chilly-Mazarin, France
Massage bien-être Juliette - Deep tissue;22 Route de St Mathieu, 24360 Piégut-Pluviers, France
Massage Bien-Être Energyzen - Ajaccio;Chemin du Docteur Miniconi, Rte de Mezzavia, 20167 Ajaccio, France
Massage Bien-Être de Relaxation;12 Chem. des Hauts Provins, 91310 Longpont-sur-Orge, France
Massage Bien-être Centre Bretagne;7 Rue du Hamboud, 22110 Rostrenen, France
Massage Bien-être Bio;11 Rue des Îles, 31500 Toulouse, France
Massage bien-être 78 - Laurence Bidal/Doula/Femmes et Périnatalité - Rebozo;Pl. Georges Seurat, 78280 Guyancourt, France
Massage Bien-Être - La Cachette;33 Rue Brun Larochette, 26220 Dieulefit, France
Massage bien-être - Aux sources de ma nature;616 Rte de la Mauguinière, 61380 La Ferrière-au-Doyen, France
MASSAGE BIEN-ETRE - ANIUTA - Relaxation & Réflexologie;3 Rue Charles Garnier, 79000 Niort, France
Massage Bien-être;41 Rue de Saint-Memmie, 10700 Vinets, France
Massage Bien-Etre;ZAC du, Fray Redon, 83136 Rocbaron, France
Massage Bien_etre;Rue Marcel Bourdarias, 94140 Alfortville, France
Massage à domicile région Aix en Provence - Marseille - Marignane - Bien-être By Claudia;350 Rue Jean René Guillibert Gauthier de la Lauzière Bât 7, 13290 Aix-en-Provence, France
Massage à Angers, Kobido & bons cadeaux | Traditions du Bien-être;19 Rue Thiers, 49100 Angers, France
Marybelle - Espace bien-être;137 Rue nationale, 56300 Pontivy, France
Marion massage bien-être;8 Rue de la Gare, 57370 Phalsbourg, France
Marion Collot - Naturo & Bien-être Thouars;Station T, 1 Rue Danton, 79100 Thouars, France
Marie Milan | Coaching & Bien-être | Massage, EFT, Reiki | Fontainebleau;26ter Rue du Général de Gaulle, 77780 Bourron-Marlotte, France
Marie Le Bras - Massages bien-être;La Coudraie, 29690 Huelgoat, France
Marie Bélotti - Relaxologue - Massage bien-être et réflexologie - NIORT -;12 Rue Charles Gounod, 79000 Niort, France
Marianne Dermine - Une Bulle de Bien-être et de Sérénité - Soins et massages à Kerlouan;415 Hent, Lezerider, 29890 Kerlouan, France
Maria Butera - My Happiness Massages bien-être - Soins énergétiques - Guidances Sur rdv et uniquement femmes et enfants;27 Av. Billaud Varenne, 17000 La Rochelle, France
Marc masseur bien-être et Shiatsu;8 Rue Francine Fromond, 93260 Les Lilas, France
Manasa Bien-être - Praticienne Bien-être - Psycho-praticienne EFT;9 Rue de Pontault, 77330 Ozoir-la-Ferrière, France
Mallory Massage bien-être;9B Rue de Beau Soleil, 53210 Argentré, France
Maison Santé Bien-être - Centre Heliodore;32 Rue Victor Hugo, 31390 Carbonne, France
Maison Prana- Soin du visage & Bien-être Holistique;1946 Route de Sorgues, D907, 84130 Le Pontet, France
Maison Palma Bien-être Ballainvilliers;16 Rue Normande, 91160 Ballainvilliers, France
Maison du Bien-être du Val d'Abondance;54 Rue du Pré, 74360 Abondance, France
Maison de Bien Etre Et de Beaute;132 Bd Emmanuel Rouquier, 06130 Grasse, France
Maison de beauté & bien-être Mona Lisa;36 Rue du Saint-Esprit, 34370 Maraussan, France
Mains en Or - Massage & Bien-être;24 Bd Emile Zola, 69600 Oullins-Pierre-Bénite, France
Mahila Essence - Accompagnement & Retraite Bien-Être féminin SAVOIE;610 Rte de Nances, 73470 Novalaise, France
Mahilà Bien-être;49 Rue du Château fürst, 57730 Folschviller, France
Maheva’na - massages bien-être;30 Rue des Moissons, 59520 Marquette-lez-Lille, France
MAGNETISME MASSAGE BIEN ETRE;16 Rue Achille Carlier, 59530 Le Quesnoy, France
Magnétiseur Massage bien-être Cordeil Valerie;32 Rte de Mivoie, 26400 Aouste-sur-Sye, France
Magali Massage Bien-Être & Osthéothérapie - Moustiers-Sainte-Marie;2 Route des Salles - Aups, 04360 Moustiers-Sainte-Marie, France
Magali Bien Naitre;95 route de Laumière, 12200 Martiel, France
Maëthan - Espace Bien-Être;27 Rue Notre Dame, 45450 Fay-aux-Loges, France
Madina Bien-être Massages Castelnau-Le-Lez;7 Rue des Jardins de Cléopâtre, 34170 Castelnau-le-Lez, France
Madeleine on l’aime - Magali - Massage bien-être/relaxant - Drainage lymphatique - Massage visage - Massage ventre;32 Rue Charles Pathé, 77173 Chevry-Cossigny, France
Ma Parenthèse Bien-Être;Av. Lénine, 78260 Achères, France
Ma parenthèse Bien-Etre;9 Rue Jean Mermoz, 77174 Villeneuve-le-Comte, France
Ma Parenthèse Bien Etre;14 Chem. des Marais, 78250 Mézy-sur-Seine, France
Ma bulle de bien-être;23 Rue de Coole, 51300 Maisons-en-Champagne, France
M INSTITUT - Soins de Bien-être - Prestations Mariage;Place Lieut Robert Louéssard, 35137 Bédée, France
M Beauté Bien-Être - Massages et Soins Esthétiques à Dampierre-en-Yvelines, Mylène St-Pierre;1 bis rue de la Brèche , Dampierre-en-Yvelines, 78720 DAMPIERRE, France
LZ Bien-Être;541 Rte de Villeveyrac, 34140 Loupian, France
Lutopia : Boutique Bien-être Nature et Artisanat;1 bis Rue du N, 72500 Luceau, France
L'Univers Du Bien Etre;69 Rue de la République, 69170 Tarare, France
Lucy Schang EI Onolulu massage bien-être et myofascialogie;36 B Rue du 26 Novembre 1944, 57730 Valmont, France
LUANGXAY BIEN-ÊTRE - Massage & Sonothérapie;1 Rue Chevreul, 94600 Choisy-le-Roi, France
Lp Bien-etre;3 Rue de la Martinière, 37600 Perrusson, France
Lorévalie Massages Bien-Etre | Vanessa Rainaud;3 Rue de la Poterne, 26780 Châteauneuf-du-Rhône, France
l'or du temps massage bien-être;en face de la cour arrière du collège, 2 Av. Anatole France, 2B rue Anatole France, 32500 Fleurance, France
Lola Savatofski - Massage bien-être : Séances individuelles / Entreprises / Formations;53 Rue Girardot, 93170 Bagnolet, France
LOFT NATURE & BIEN ETRE MONTCARET;Rte de Montvert, 24230 Montcaret, France
Loélune massage bien-être - Laurie Fourot;5 Rue du Four, 21410 Mâlain, France
L'oasis bien-être Les Vignes;Route du Cap de l'Homy, 40170 Lit-et-Mixe, France
L'O L'art du Bien-Etre - Massages Bien-être et Réflexologie;150A Chem. des Plaines, 83910 Pourrières, France
LM Bien-Être & Massages;293 Chem. de Saint-Aurens, 31600 Lherm, France
Lm Bien-Etre;6 Av. de la Vendée, 44140 Aigrefeuille-sur-Maine, France
LISOU Massages Bien ETRE;6 Av. de la Vendée, 44140 Aigrefeuille-sur-Maine, France
L'intempor'elle Esthéticienne Praticienne en Massage Bien-être;131 Av. Paul Machy, 62215 Oye-Plage, France
L'Institut du Bien Etre;12 Rue de Laval, 53970 L'Huisserie, France
L'institut Bien-Être;52 Rue de Benon, 17170 Courçon, France
L'Instant De Bien Etre;30c Rue Venus, 53470 Martigné-sur-Mayenne, France
L'instant Bio - Centre de Thérapies et de Bien-Etre;644 Av. de Craponne, 13370 Mallemort, France
L'instant bien-être, Esthéticienne, 78;3 Rue Jacques Brel, 78260 Achères, France
L'instant bien-être;8 Av. des Poilus, 17500 Jonzac, France
L'Instant Bien-Etre;Zac du val d'orson, 1 Rue de la Blanche Hermine, 35770 Vern-sur-Seiche, France
L'INNOVATION BIEN-ÊTRE;16 Rue Michelet, 30100 Alès, France
Lindórie Bien-être (EI);1 Rue Maurice Dejean, 78730 Saint-Arnoult-en-Yvelines, France
Lil'O Bien-être;30 Pl. de l'Église, 56390 Grand-Champ, France
Ligne et Endorphines : Cryothérapie - Remise en Forme - Beauté - Bien-être - Issy-les-Moulineaux - Paris;26 Rue Marceau, 92130 Issy-les-Moulineaux, France
Liberyl Bien-Être;31 Av. Carnot, 52000 Chaumont, France
L'Horizon du Bien-être;15 Rue Prosper Mérimée, 67170 Brumath, France
L'Heure Douce massages bien-être;Impasse des Châtaigniers, Cordes, 43370 Bains, France
L'éveil des roses- Massages et soins bien-être;2 Rue Gabriel Compayre, 81000 Albi, France
L'Evasion - Massages Bien-être;Le Petit Aulnay, 708 route de Saint Julien, 72550 Coulans-sur-Gée, France
Leticia Bien-être - Praticienne en massage bien-être - Agen - Bon-encontre;4 Rue Jourdain, 47240 Bon-Encontre, France
L'Essentiel, pour bien manger;292 Av. de Rodez, 12450 Luc-la-Primaube, France
L'essence - Massage bien-être à Arras & domicile;13 Rue Maximilien Robespierre, 62000 Arras, France
L'Espace Bien-être - Sauna & Bain nordique;La Côte, 19170 Saint-Merd-les-Oussines, France
L'EscApade Bien-être Masseuse et réflexologue plantaire - Valence & Alentours;2 All. Germinal Centre Aquakinesport, 26320 Saint-Marcel-lès-Valence, France
L'Escale Bien-Etre Relaxante;22 Av. Albert Thomas, 80130 Friville-Escarbotin, France
L'Escale Bien-être massages&amincissement;96 Bd Magiresti, 44150 Ancenis-Saint-Géréon, France
L'Escale Bien-Être;66 bis Rue nationale, 85250 Saint-Fulgent, France
Les trésors du bien-être;6 All. d'Hiram Villa, 33460 Macau, France
Les Sources du Bien-être;2 Rte de Verneix, 03410 Saint-Victor, France
Les Sens Du Bien-Etre 35;26B Rue de Fougères, 35340 Liffré, France
LES SENS DU BIEN-ETRE;Quai Paul Bert, Pass. de la Moquette, 37100 Tours, France
LES SENS - beauté & bien-être;3 Pl. Charles de Gaulle, 42530 Saint-Genest-Lerpt, France
Les portes du bien-être-Centre bien-être - Piscine - Saint Paulien;Chem. du Stade de Chomeil, 43350 Saint-Paulien, France
LES PORTES DU BIEN ETRE;16 Rue de Pacy, 27220 Saint-André-de-l'Eure, France
Les petits bien-être;14 Rue de Varanval, 60680 Jonquières, France
Les Përles de bien-être;Rte du Bayle, 47800 Agnac, France
Les Mèresveilles Centre de bien-être;10 Rue des Walcourt, 57330 Kanfen, France
Les Massages d’Am - Naturopathe, Massage bien-être & drainage lymphatique - Amandine Jacquard;63 Pl. de Vavres, 01800 Saint-Jean-de-Niost, France
Les Mains Sages De Violetta | Massages Bien-être et Formations;7 Imp. au Vermesson, 57860 Montois-la-Montagne, France
Les mains de Marie – Bien-être & beauté;15 Rue des Vignes, 85580 Saint-Michel-en-l'Herm, France
Les mains de Lucie massage bien-être;162 Rue Alphonse Baudin, 01400 Châtillon-sur-Chalaronne, France
LES FEES DU BIEN-ETRE;28 Rue François Mansard, 09110 Ax-les-Thermes, France
Les Fées Bien-Être, espace de soins du corps et de l'esprit;2 Imp. Mathurin Méheut, 35150 Janzé, France
Les continents du bien-être;1 Imp. en Pesse Monture, 25310 Hérimoncourt, France
Les Clés du bien-être;9bis Rue Droite, 30140 Anduze, France
Les Clés du Bien Etre;830 Gr Grande Rue, 76520 Ymare, France
Les Charmes du Bien-Être;3 Imp. du Saule, 57140 Woippy, France
Les bienfaits du massage;43 Rue Jules Guesde, 62138 Auchy-les-Mines, France
Les Arches du Bien Etre - VOSGES (entre EPINAL et REMIREMONT);93 Allee des Frenes, 88380 Arches, France
Les 100 Ciel Bien-être;121 Rue Joannes Callet, 42740 La Terrasse-sur-Dorlay, France
Lena Lesouëf Massage bien-être;1 Rue ar Mor, 29460 Logonna-Daoulas, France
L'émeraude Salon de Bien-être privatif Lorient l Digipuncture l Drainage l Massages Visage et Corps l Soins esthétiques;119 Bd Léon Blum, 56100 Lorient, France
L'Élixir Institut (Elixir bien-être);Art et style coiffure, Ctre Commercial Canigou, 66240 Saint-Estève, France
L'Écrin du Bien-Être;23 Rue de Nibas, 80210 Ochancourt, France
L'Ecrin Bien-Être;68 Rue Saint-Martin, 56610 Arradon, France
L'Écorce du Bien-Être;3 Chem. de Rieutort, 31350 Cardeilhac, France
Le Tout Va Bien;17 Rue du Bourg, 45140 Boulay-les-Barres, France
LE TEMPS D'UNE PAUSE Massages bien-être MURES 74540;1581 Rte des Rippes, 74540 Mûres, France
Le Temps d'un encens - Massage bien-être et sportif;19 Pl. de la Mairie, 49540 Lys-Haut-Layon, France
Le temps d'aime bien-être;10 Bd de l'Hospice, 72800 Le Lude, France
LE TEMPLE DU BIEN-ÊTRE ET DE LA BEAUTÉ;Les Pyramides, 16 Av. de Saint-Germain, 78560 Le Port-Marly, France
Le Temple du Bien-être;16 Rue du Général Lecourbe, 25000 Besançon, France
Le Souffle Sacré - Elsa Barrere Praticienne en massage bien-être- Conseillère agréée en fleurs de Bach & Relaxologue;18 Rue des Volcans, Deux Frères lieu-dit, 63980 Échandelys, France
Le Souffle des Horizons - Massage bien-être Valenciennes (réservé aux femmes);37 Pl. de la Barre, 59300 Valenciennes, France
Le Secret - Massages & Soins bien-être - par Elsa - Casteljaloux;62 chemin de poumeyrot, 47420 Pompogne, France
Le Salon de Noëmie - Massages Bien-Etre;14 Rue du Port, 44115 Basse-Goulaine, France
Le Refuge Zen et Bien-être;268 ROUTE DE LAFUGE, 47200 Montpouillan, France
Le Reflet Du Bien Etre;260 Pl. de la Mairie, 76230 Quincampoix, France
Le Qu4tre Bien-être et beauté au naturel;4 Rue du Ruisseau, 68130 Schwoben, France
Le p'tit atelier - Massages bien-être et tatouages;12 Pl. de la Liberté, 85560 Longeville-sur-Mer, France
Le Patio Du Bien-être;10 Rue Charles Gallet, 85230 Beauvoir-sur-Mer, France
le papillon du bien etre;Rue Jean Jaurès, 60570 Andeville, France
Le palais du bien-être;5 clos du relais, 51130 Chaintrix-Bierges, France
Le Moulin Du Bien-Etre;12 Rue d'Yverdon, 14210 Évrecy, France
Le Klube - Salle de Sport & Bien-Être - Dijon;4 Rue des Fromentaux, 21121 Ahuy, France
Le Jardin d'Épicure?Gîte nature et bien-être;5 Rue du Reservoir, 68830 Oderen, France
Le Dôme du Bien-être-Claudie BOULIGAND- Fasciapulsologie/Thérapie des Fascias et massage bien-être -VAY-Loire-Atlantique -44;1 Rte de Marsac, 44170 Vay, France
Le Domaine du Bien-être , Auvergne;2 Jean Long, 63490 Égliseneuve-des-Liards, France
Le Domaine du Bien-être;4 Rue Roguier, 39120 Rahon, France
Le Cottage Bien-Etre Jacuzzi Piscine Chauffée Privée du Tarn entre Toulouse et Albi & Les Cottages du Tarn;1030 Gabit, 81310 Peyrole, France
Le Cocon du Bien-être - Espace de Soins & Massages;17 Av. du Bois, 92290 Châtenay-Malabry, France
Le cocon de No'La – Thalasso bain bébé • Massage bien-être prénatal / postnatal • Portage – Essonne 91 et alentours 94,92,78;3 Pl. de Paron, 91370 Verrières-le-Buisson, France
Le Chalet du Bien-Être;6 Pass. Pierre Mendès-France, 90500 Beaucourt, France
Le Centre Azur - Bien-Être, Beauté et Minceur;512 Rue des Peupliers, 74460 Marnaz, France
Le Carrousel du Bien-Etre;380 Av. de Jouliou, 40090 Saint-Avit, France
Le bien-être par le massage, massage à domicile;7 Rue de l'Église, 66210 Matemale, France
Le Bien-être et Vous - massage, soin énergétique et reflexologie à Guichainville;5 IMPASSE DU FER A CHEVAL, 27930 Guichainville, France
Le Bien-être by Sarah;3 Imp. Vieu, 34490 Corneilhan, France
Le Bien-Être Au Naturel;La Peyrade, 12400 Saint-Félix-de-Sorgues, France
le bien-être à l'infini Camon;62 Rue Henri Barbusse, 80450 Camon, France
le bien etre en toute saison;505 Le Fonteneau, 38440 Moidieu-Détourbe, France
Le Bien etre avec Stephane;65 Rue Principale, 57640 Servigny-lès-Sainte-Barbe, France
Le Bien Aller;3 Rue des Dames, 18700 Aubigny-sur-Nère, France
Le 4 Mains by Balilona - Massages-Soins Bien-Etre -Centre Renata França;10 Chem. du Maouré, 31770 Colomiers, France
Laviria Massages bien-être;8b Rue Guillaume le Conquérant, 50760 Réville, France
L'aventure d'une naissance - accompagnement & Bien-être périnatal;1 Imp. des Canounets, 30100 Alès, France
Laure Rambaud Naturopathe Iridologue, conseillère agréée Fleurs de Bach, massages bien-être;26 Rue du Plassis, 85150 Saint-Mathurin, France
latelierdetente - massages bien-être - espace detente- Nievroz;194 Rte de Montluel, 01120 Niévroz, France
L'atelier du soin - Massage bien-être et énergétique – soulager les tensions du corps et la fatigue émotionnelle;1050 route de, 74150 Saint-Eusèbe, France
L'Atelier du bien-être;16Bis Rue des Halles, 85420 Maillezais, France
L'Art de Bien-Etre;1090 Gabit, 81310 Peyrole, France
L'arc en ciel de bien-être;1 Rue d'Orière, 70250 Ronchamp, France
L'Annexe, Votre institut bien-être, estheticienne,massages;6 Chem. de la Landaise, 33360 Quinsac, France
L'Ange du bien-être;Zac des escampades, 81 Imp. Volta, 84170 Monteux, France
Lanave Cindy Fleur de bien-être;14 Rue Frédéric Bastiat, 40250 Mugron, France
Lâcher-prise centre massage et bien-être Montmédy;Rte d'Ecouviez, 55600 Verneuil-Grand, France
Label Eve - Drainage lymphatique, Remodelage, Massages Bien-être;2 All. de Chelles, 93340 Le Raincy, France
La vallée du bien-être;39 Bis Rue Victor Hugo, 08500 Revin, France
La Tanière du Rêve - Massage bien-être, Drainage lymphatique, Madérotherapie, Détente Camblain Bruay la Buissière Béthune;3 Rue Anatole France, 62470 Camblain-Châtelain, France
la table du bien-être;21 Les Viallieres, 85700 Pouzauges, France
La Table de Massage, massages bien-être à Bucy-Le-Long ou domicile alentours;16 Rue Saint-Martin, 02200 Soissons, France
La Source Massages Bien-être & Naturopathie;18 Rue Albert 1er, 30100 Alès, France
La Source De Bien Etre;13 Rue du Vieux Moulin, 42410 Pélussin, France
LA PETITE MAISON DU BIEN-ÊTRE PARIS;117 Rue du Dessous des Berges, 75013 Paris, France
LA PERLE DES ANGES - ESPACE BIEN ETRE;77 Rue des Acacias, 14123 Cormelles-le-Royal, France
La Pause En Soi Cabanes jacuzzi privatif & Bien-Être;9 Chem. des Vignes, 31210 Ponlat-Taillebourg, France
La Parenthèse Centre Bien Etre;25 Av. Léon Gambetta, 36400 La Châtre, France
LA PARENTHESE BIEN-ETRE;2 Rue de la Pousterle, 26130 Saint-Paul-Trois-Châteaux, France
La Parenthèse - L’institut bien-être et beauté;29 Av. de Lattre de Tassigny, 62200 Boulogne-sur-Mer, France
La Malle à bien-être - Lydia Sélénite;19 Rue des Jonquilles, 72000 Le Mans, France
La Maison ô Bien-Être (katia);1-2 Pl. de la Libération, 93160 Noisy-le-Grand, France
La Maison du Soin LF – Institut de Beauté & Bien-Être à Rezé | Épilations H/F, Massages, Soins Énergétiques & Coaching;39 Rue Aristide Briand, 44400 Rezé, France
La Maison du Bien-Être de Margency;2 Rue Louis Muret, 95580 Margency, France
La maison du bien-être by Bain de Soleil - Onglerie, massages, soins corps et visage;551 Chem. de Cravesan, 06550 La Roquette-sur-Siagne, France
La maison du bien-être;9 Rue Bellanger, 76190 Yvetot, France
La Maison du Bien Etre;Av. René Cassin, 13430 Eyguières, France
La maison bien-être by Julie H;349 Rue de Lille, 59520 Marquette-lez-Lille, France
LA MAISON AROUET Gîte Bien-Etre ****;41 Grand Rue Théophane Venard, 79600 Saint-Loup-Lamairé, France
LA MAIN TENDUE Fatima ZERROUKI Massage Bien-Être, Coaching Bien-Être . Maison du Bien-Être, 9 bis, avenue Thurel.Lons39;Maison du Bien-Être, 9 bis Av. Thurel, 39000 Lons-le-Saunier, France
La main du bien-être - Massages et luxopuncture à Tours et en Indre-et-Loire;3 Mail Suzanne Valadon, 37000 Tours, France
La Lumineuse - Massage liftant du visage & bien-être;10 Le Fief du Colombier, 95300 Hérouville-en-Vexin, France
La Jourdanie Bien-être ( UK Qualified in Swedish Massage );13, 87230 Pageas, France
La Fontaine du Bien-Être;13 All. Simone Veil, 59480 La Bassée, France
La Ferme du bien-être;170 Chem. de La Ferme, 43260 Saint-Julien-Chapteuil, France
La Clé du Bien-être;5 Pass. des Cordeliers, 74000 Annecy, France
LA CAHUT'À BIEN-ÊTRE;10 All. des Mésanges, 95270 Saint-Martin-du-Tertre, France
La Bulle DO - Massages Bien-être;11 rue du moulin, 03250 Saint-Clément, France
La bulle de Clara - Thalasso Thérapeutique Bain Bébé & Massage Bien-Être;220 bis Rue Anatole France, 29200 Brest, France
La bulle de Bleue : massages bien-être et épilations;18 Rue Amaury d'Acigné, 44360 Saint-Étienne-de-Montluc, France
La bulle de bien-être Le Ventoulou (Lbk);208 Rte de Mayrinhac Lentour, 46500 Thégra, France
La Bulle d'Anna - Massage Bien-Être, Relaxation et Soin énergétique - Tours Nord;6 Rue de la Raimbauderie, 37210 Parçay-Meslay, France
La Bulle d'Alicia - Massage bien-être;281 Rue Marcel Thomas, 60600 Agnetz, France
La Bulle Bien-être de Co, massages de bien-être pour dames, Marguerittes et alentours;3 Rue Calmette, 30320 Marguerittes, France
La Bulle Bien-être;15 Rue des Gobrons, 08380 Signy-le-Petit, France
L’oasis du bien-être;14 Rue Briquette, 55320 Ancemont, France
L’étincelle du bien-être;16 Rue Henri Barbusse, 59224 Thiant, France
L’esKapade Bien-être;23 Rue du Dr Albert Schweitzer, 67240 Kurtzenhouse, France
L’atelier du bien-être;12 Rue de la Mairie, 35230 Saint-Armel, France
L’aparté Bien-Etre;25 Rue Jousselin, 53200 Château-Gontier-sur-Mayenne, France
L’Annexe bien-être by Laurianne;16 Rue des Rondes Saint-Louis, 47000 Agen, France
L’Abbaye du bien-être;24 Rue Louis d'Estouteville, 50450 Hambye, France
L. Bien-être;68 Rue de la Tour d'Auvergne, 77185 Lognes, France
L MASSAGE BIEN-ÊTRE certifiée RENATA FRANÇA | Institut féminin;37 Rue du Commerce, 63200 Riom, France
L Effet Bien Etre;1 Rue Saint-Doucelin, 49650 Allonnes, France
L' Aura Triomphe - Massages & Soins Bien-être et Sportif Dijon - Quétigny;2 Rue de la Serpe, 21800 Quetigny, France
L' Atelier du Bien-être;44 Rue du Bourg Bâtard, 85120 Terval, France
L ' Zen Harmony, Cabinet de Bien-être;135 Imp. du Chasselas, 83210 La Farlède, France
KS Bien-Etre;128 Av. Jean Jaurès, 47000 Agen, France
KiSaïne Bien-Etre Holistique au Féminin;80 Chem. de Lira, 84200 Carpentras, France
Kioma Bien-être - Massages à Questembert;Immeuble Ty Coz, 3C Rue Jean Grimaud 2ième étage, 56230 Questembert, France
KHEPRI MASSAGE - Massage bien-être à Lons-le-Saunier;9 bis Av. Thurel, 39000 Lons-le-Saunier, France
Justine Tessier Ojas Massages Ayurvédiques bien-être à Oloron sainte Marie;29 Av. Jean Jaurès, 64400 Oloron-Sainte-Marie, France
JUSTE LÀ - Massage bien-être & psychocorporel à Die;15 Pl. du Marché, 26150 Die, France
Just For You - Massage bien-être à domicile;La Plagne, 73210 Aime-la-Plagne, France
Jocelyne - Massage de Bien-Etre;12 L'air, 63120 Néronde-sur-Dore, France
J'm massages Bien-être;35 Rue de Petite Rosselle, 57600 Forbach, France
Jivana Bien-Être;13 Pl. du Champ de Foire, 36230 Neuvy-Saint-Sépulchre, France
Jérôme Massage Bien-Être;3 Rue de la Trav., 24620 Marquay, France
Jérémy Lorenzi - Massage Bien-Être & Sportif;2 Sq. de Provence, 91380 Chilly-Mazarin, France
Jennitude Praticienne massage bien-être à St Loup de Naud, proche Provins Sainte-Colombe Longueville (77);1A Rue du Chemin Vieux, 77650 Saint-Loup-de-Naud, France
Jennifer massage et bien-être;Lieu-dit La Carreyère, 72510 Saint-Jean-de-la-Motte, France
Jennie Bien-Être & Beauté;2 TER Chem. de la Pierre Percée, 91410 Saint-Cyr-sous-Dourdan, France
Izyzen massages,bien naître au coeur de soi;18 Rue Eaux Bonnes, 21390 Aisy-sous-Thil, France
Itinérance Massage - Marie Boiteau - Massage intuitif bien-être, Chi Nei Tsang, Massage fertilité, Rebozo - Couëron-Nantes;6 Rue Marcel Sembat, 44220 Couëron, France
Iona Jeannot Massage bien-être Aix en Provence;18 Chem. Robert, 13100 Aix-en-Provence, France
Institut Soleil Et Bien Etre;17 bis Grande Rue, 60580 Coye-la-Forêt, France
Institut Parenthèse Bien-être;5 Rue du Petit Colmar, 68280 Sundhoffen, France
Institut O Bien n'être;Rte de Ticaille, 31450 Ayguesvives, France
Institut Moana'Tiaré Espace Bien-être - Massages corps/visage - Massage Sportif - Massage bébé et enfant - Soins Facialistes.;25 Rue de la Liberté, 71130 Gueugnon, France
Institut MJ Bien-Être;25 Rue Frédéric Soulié, 09100 Pamiers, France
Institut EVASION BIEN-ETRE;Av. Maréchal de Lattre de Tassigny, 81000 Albi, France
Institut Enaë bien-être;3 Rue Etienne Dolet, 89400 Migennes, France
Institut de beauté, bien-être & minceur CL'essentiel;20 Rue Molière, 91520 Égly, France
Institut de beauté Hippomer - Massages Bien-Etre;3 Pl. de la Trebaille, 81000 Albi, France
Institut de beauté Bulles de Bien-Être;12 Av. de Farciennes, 30300 Beaucaire, France
"Institut de Beauté ""Le Chalet du Bien-être et Sérénité""";115 Clos des Teppes, 74950 Scionzier, France
INSTITUT CARAMEL COURBEVOIE - ONGLERIE, HAMMAM & BIEN-ÊTRE;7 Rue de l'Alma, 92400 Courbevoie, France
Institut BodyMind - technologie esthétique et bien-être à Hulluch;31 Rue du Général Leclerc, 62410 Hulluch, France
Institut Bien-Être Beauté;30 Rue de Paris, 95380 Louvres, France
Institut Bien Z’être;25 Rue de Verdun, 54490 Piennes, France
Institut Bien Etre et Beauté;48 Bd Lucien de Montigny, 53100 Mayenne, France
Institut Bien Etre;4 Pl. du Marché, 15600 Maurs, France
Institut Beauté naturelle, centre de bien-être holistique;14 Grande Rue, 42410 Chavanay, France
Institut Artisan de Bien-Être;209 Av. des Côtes du Rhône, 26790 Suze-la-Rousse, France
Institut Amassa Mulhouse Beauté & Bien-être;56 Av. d'Altkirch, 68100 Mulhouse, France
Institut Amassa Hésingue Beauté & Bien-être;15 Rue du Général de Gaulle, 68220 Hésingue, France
Institut Amassa Altkirch Beauté & Bien-être;14 Rue du Château, 68130 Altkirch, France
"Institut & Bien-être ""Le Saint Victorien""";239 Chemin de Couderc, 47150 Savignac-sur-Leyze, France
Instants de Bien-Être - Centre de beauté et bien-être;38 Rue de la Grande Charrière, 69440 Taluyers, France
Instant de Bien Etre-Renaison;264 Rue du Commerce, 42370 Renaison, France
Instant Bien-être Massage Chauray;Rue du Pied Griffier 251, 79180 Chauray, France
INSTANT BIEN ETRE Karine Loubet;35 Rue du Plô, 12500 Espalion, France
Instant Bien Etre;310 Rue des Petits Louis, 45200 Amilly, France
Inoé Bien-être & Beauté / chromoconcept;7 lotissement le swing, 07430, 07430 Saint-Clair, France
Ingrid Bien-Etre - Massages Bien-Être;38 Rue du Dindoulier, 83460 Taradeau, France
Indigo Bien-Être;4 Bis Rue François Personnat, 17690 Angoulins, France
India bien-être;2 Pl. de L’Eglise, 84190 Beaumes-de-Venise, France
Imahya Bien-être;Brech FR, Rte de Bregoharne, 56400 Auray, France
Ilé - Massages bien-être;1 Av. du Parc Beauchamps, 64110 Gelos, France
Il était une fois... Massages bien-être - Marinette GILBERT;D’Eau, 9 Chem. du Chateau, La Plane, 81500 Teulat, France
ICI.Maison Bien-Etre;108 Rue Aristide Briand, 53140 Pré-en-Pail-Saint-Samson, France
Hygiénavie Santé Sport Bien-être;77 Rue Jean Forestier, 12330 Nauviale, France
Horizumu Massages Bien-Être;Cabinet des 4 Peupliers, Bât Le Stagadon, 3 Av. des Peupliers RDC à droite, 35510 Cesson-Sévigné, France
Horizon Bien Etre;La Passaire, 50520 Juvigny les Vallées, France
Holisticalm | Accompagnement Holistique & Bien-être Annecy;2574 Rte de Plaine Joux, 74250 Bogève, France
Holiana maison bien-être ?Chi nei tsang ?Facialisme ?Réflexologie?Massage sur-mesure;14 Rue aux Ours, 57000 Metz, France
HO'Bonheur De Soi - Praticienne en massage bien-être (60);11 Av. des Déportés, 60600 Clermont, France
Héloïse Soins de Bien-Être;21 Bd Roger Cazenave, 65100 Lourdes, France
Harmony des sens-Massage & Bien-Être La Forest-Landerneau;29 Coteau de Kergrall, 29800 La Forest-Landerneau, France
Harmonie de Soi - Massages Bien-être;47 Av. de Paris, 12000 Rodez, France
Harmonie & Féminin - Massages Bien-être;cabinet bien naître, 16 Rue des Pinsons, 95610 Éragny, France
Harmonia - Massages bien-être & Soins énergétiques;25 Av. Jean Mermoz, 37510 Ballan-Miré, France
Guérin Flavie - Doula- Accompagnement prénatal et massage bien-être pour femme enceinte;6 L'Orée d'Armor, 35720 Plesder, France
Graine du Sud bien-être igornay;1route du mauguin, Le Mauguin, 71540 Igornay, France
GOI DAU DUONG SINH & BIEN-ETRE, Sérénité;93 Rue d'Orlinde, 46130 Bretenoux, France
GK Praticienne en massages Bien-être et soins Holistiques;1 b Rue Basse de la Mieule, 57560 Abreschviller, France
GÎTES & BIEN-ETRE : Gîte 2 pers, 2 à 3 pers et 2 à 5 pers avec terrasses et sauna privatif, en option: Hammam, jacuzzi et piscine chauffée location de montagne 950m ALT, près d'une rivière, proche station ski, Haut-Jura, Bourgogne-Franche-Comté;Les Moulins Piquand, 39400 Longchaumois, France
Gîte Le Prestige des Lacs – Séjour nature & bien-être Forêt d’Orient;4 Rue de la Bredondaine, 10140 Villy-en-Trodes, France
Gîte et Chambre D'hotes . Bienvenue Chez Glad et Guigui;4 Rue des Communes, 62720 Rinxent, France
Gîte Bien-Être Du Mont Plaisir;3 IMPASSE DU Chamboulivar, 03450 Chouvigny, France
GIGI COIFFURE ESTHÉTIQUE & BIEN-ÊTRE;Av. Albert Roux, 83250 La Londe-les-Maures, France
Géraldine massage bien-être à domicile;116 Rue des Puits, 79290 Loretz-d'Argenton, France
Gaïa - Bien-être;8 Rue des Fossés, 60800 Crépy-en-Valois, France
G La Vie Zen Massages bien-être proche Montauban;120 Imp. Fromant, 82440 Cayrac, France
Fortuné Massage | Massage bien-être & sportifs à domicile;Rue des Quatre Moulins, 78955 Carrières-sous-Poissy, France
Fort Bien Etre;3 Rue Claude Monet, 44115 Haute-Goulaine, France
FORMATIONS EN MASSAGES BIEN-ETRE / DELPHINE DETENTE;Rue Saint-Exupéry, 38490 Les Abrets en Dauphiné, France
Fleurs de Peau – Massage Bien-être;2 Rue de l'Yser, 17440 Aytré, France
Félicita massages bien-être;71 rue des, 76220 La Feuillie, France
FD bien-être;20 Chem. de la Pt Rue des Boeufs, 02140 Landouzy-la-Ville, France
Fabienn'Etre;15 Rue du Viaduc, 44450 Divatte-sur-Loire, France
Fabienne Leclercq - Entre nous;69A Rte nationale, 59152 Chéreng, France
Fabienne LE MEUR Massages & Réflexologie Plantaire;3 bis Rue de la Grotte, 85220 Saint-Révérend, France
Fabienne Hélip - Salon Pleyn'itude- Massages et ateliers bien-être - Le Pleynet - vallée du Haut-Bréda;Le Pleynet, 1850 route du, 38580 Le Haut-Bréda, France
Fabienne Hélip - La cabane près du lac - Massages et ateliers Bien-être;30 Rte des millets, 38580 Le Haut-Bréda, France
Fabien SOILLY;31 rue Georges Guingouin, 87400 Saint-Léonard-de-Noblat, France
Évasion Zen - Massages bien-être, magnétisme, soins énergétiques et EFT;2 All. du Parc, 35131 Pont-Péan, France
Evasion Bien-être by Nath;21 Rue Basse, 80240 Vraignes-en-Vermandois, France
Evasion Bien-Etre 44;Espace coworking co & co, 80 Rue de Bretagne, 44880 Sautron, France
EVASION Bien-être - Maison du bien-être;Rue Bara Viala, 03320 Lurcy-Lévis, France
Évasion & Séjour Bien-être;14 Rue d'Aguesseau, 87000 Limoges, France
Évasion - Massages Bien-être, Reiki et Soins Visage Maureillas-las-illas;6 Pl. de la République, 66480 Maureillas-las-Illas, France
EVA'SION - Massages Bien-être & Relaxation.;300 Route de Bourg, 01250 Bohas-Meyriat-Rignat, France
Evanescence bien-être;768 route de Saint Vincent en Bresse, 71370 Saint-Étienne-en-Bresse, France
Etre & Bien-Être Massage - Aix en Provence;1175 Chem. du Puy du Roy, 13090 Aix-en-Provence, France
Eternelle harmonie - Massage bien-être & soin esthétique -Le Mans;Centre IDA, 139 Rue nationale, 72000 Le Mans, France
Esthétique et Massage Stéfany Bien-être le Pradet;Pôle d'activité, 266 Chem. de la Bayette, 83220 Le Pradet, France
Estelle Dumas - Réflexologie et Massages bien-être et sportifs;133 Rue René Armenico, 13370 Mallemort, France
ESPRIT CHRYSALIDE Bien-être et Beauté;29 Rte de Saint-Appolinard, 42520 Maclas, France
Espace Terre-Happy (Pratiques Bien-Être, Accompagnement, Ecoute);7 Rue de la République, 35470 La Noë-Blanche, France
Espace Santé et Bien-être;1 Rue de Wolfisheim, 67810 Holtzheim, France
ESPACE SANTE BIEN ETRE - Loudenvielle;12 Chem. des Badalans, 65510 Loudenvielle, France
Espace Santé & Bien-Etre (ES&BE), L'Equilibre / Valmorel;Résidence Athamante RDC, Numéro 3, 73260 Les Avanchers-Valmorel, France
Espace Santé & Bien-Etre (ES&BE), L'Equilibre / Grand Aigueblanche;2 Pl. de la Saint-Jean, 73260 Grand-Aigueblanche, France
Espace Santé & Bien-Etre (ES&BE), L’Équilibre / Les Abrets;23 allée de l'usine giraud Anciennement :, 28 Rue Victor Hugo, 38490, France
Espace Nordique Bien-Etre Les Ondines;51 Rue Jean Marie Lacire, 35150 Janzé, France
Espace nature et bien etre;Institut de Massages, 1 Rue Trav., 29880 Guissény, France
Espace Luxopuncture & Bien Etre 43;125 Allée Merlot, 43700 Brives-Charensac, France
ESPACE GAMMA 1 & 2 - Centre médical, paramédical & bien-être;95 Chem. des Deux Frères, 83190 Ollioules, France
"Espace Forme & Bien-Être ""Les Rivièrades""";16 Rte de Montigny, 28220 Cloyes-les-Trois-Rivières, France
Espace Entre Deux - Isabelle GIBRAT Massages bien-être;37 Rue de la Mare Montigny, 78910 Orgerus, France
Espace Bien-être Mum Sabai;35 Rue Boulegon, 13100 Aix-en-Provence, France
Espace bien-être Marie-laure Chauve;Le Clos Garel, 35750 Iffendic, France
Espace Bien-Etre Lipsheim;1A Rue de la Croix, 67640 Lipsheim, France
ESPACE BIEN-ETRE L'INSTITUT;54 Av. Général Leclerc, 38540 Heyrieux, France
Espace Bien-Être Le Bec;4 Rte du Château, 76133 Saint-Martin-du-Bec, France
Espace Bien-être la Bulle;Camping Marius, 7 Rte de la Saulce, 13500 Martigues, France
Espace Bien-être JAYA - Yoga Barbazan;Avenue des Thermes, 31510 Barbazan, France
Espace Bien-Etre en ABONDANCE;"Chalet ""La Colombe, Mnt du Cloître, 74360 Abondance, France"
Espace Bien-Etre | Massage Naturiste | Annecy;15 Av. du Pont de Tasset, 74960 Annecy, France
Espace Bien-être / Le 36 privatif;36 Rte de la Plagne, 74470 Bellevaux, France
Espace Bien-être - Hammam Les Bains de la Garde;652 Les Pastours, 26700 La Garde-Adhémar, France
Espace Bien-Être;55 Pl. du Maréchal Joffre, 62400 Béthune, France
Espace Bien Etre ISTA;ZA Ecopôle, 4 Rue Roland Moreno, 35530 Noyal-sur-Vilaine, France
Espace Bien Etre;37 Rue de Remiremont, 88000 Épinal, France
"Espace ""Hors du Temps"" - Massages bien-être";Lieu dit rebouil, 31310 Rieux-Volvestre, France
Escapade Bien Etre;17 Bd Denys Puech, 12000 Rodez, France
Escalesbienetre91;3 Rue du 8 Mai 1945, 91310 Leuville-sur-Orge, France
ESCALE NATURE - Institut de beauté ~ Bien-être et Esthétique;4 Pl. Villeroy, 69250 Neuville-sur-Saône, France
Escale Cosy - Massage bien-être et massage Ayurvédique à Saleilles, proche Perpignan;3 Rue Suzanne Lenglen, 66280 Saleilles, France
Escale Bien-être Massage & Soins Énergétiques;NOVASSENS 146, 146 Rue des Écoles, 73000 Bassens, France
Escale Bien Etre - institut de beauté;24 Rte de Chinon, 37800 Noyant-de-Touraine, France
Escale Bien Etre;17 Rue du Général de Gaulle, 55500 Ligny-en-Barrois, France
Energy Slim ECHENOZ LA MELINE, centre minceur et bien-être par digitopuncture;93 Av. de la Victoire, 70000 Échenoz-la-Méline, France
Energie Fleurie ?? Massages bien-être;131 Pl. du 26 Novembre, 67150 Hindisheim, France
Enaë - Institut de Bien-Être -;8 Pl. Jules Fontenay, 03800 Gannat, France
Ena Luma : institut de massages bien-être et à domicile;41 Rue Principale, 57940 Volstroff, France
emmanuelle massage bien-être;1200 Rte de Noyer, 74200 Allinges, France
Emiwell massage bien-être, réflexologie, madérothérapie, drainage lymphatique, massage dos,Nancy, Meurthe et Moselle, 54,;2 allée du pré Harbois, 54690 Eulmont, France
Emerveillez Votre Corps Institut de beauté Lanester Homme /Femme Massages bien-être, Soin énergétique;9 Rue Pierre Courtade, 56600 Lanester, France
Élodie Portelli massage bien-être;3 Chem. de Bordeneuve, 31170 Tournefeuille, France
Elodie Pagès • Praticienne Bien-Être et Holistique • Masseuse - Energeticienne;Résidence Las Motas, Chem. de las Ribas, 66200 Alénya, France
Elizen Massages Bien-être Var;979 Rte de Cabasse, 83340 Le Luc, France
Elixir de bien-être;5 Rue du Clos de Paulmy, 37160 Descartes, France
Elise massage et bien-être;Au Salon La Bouclette, 3 Cr Général Leclerc, 20000 Ajaccio, France
Elise Dargent - Massage bien-être;Aux Terres Naturelles, 14 Rue Ventadour, 07800 La Voulte-sur-Rhône, France
Éléments de la Nature - Soins bien-être et Massages à Aboncourt-Gesincourt, près de Vesoul (Haute-Saône);2 Impasse des grands prés, 70500 Aboncourt-Gesincourt, France
EKYLIBRE BIEN ETRE;89 Av. Georges Pitard, 91700 Sainte-Geneviève-des-Bois, France
Éka nature massage bien-être;rue renée dony, 42111 Vêtre-sur-Anzon, France
EI Estelle Doucet - Praticienne en Massages Bien-Etre;33 Rue Charles de Gaulle, 78730 Saint-Arnoult-en-Yvelines, France
EDEN: logements insolites avec soins bien-être (jacuzzi, sauna , massages) et sylvothérapie avec coach respiration.;11 Rue du Culot, 59980 Reumont, France
Écurie du Breizh-Pinto - Centre de Bien-être Équin - Humain - Canin -;23 Kerbigot, 56490 Guilliers, France
Ecoasis - Gîte, Bien-être jeûne et randonnée dans le Lot;305 Route de, Puy-Clavel, 46160 Gréalou, France
Eclypse Bien-Etre;97 Av. du Général de Gaulle, 74200 Thonon-les-Bains, France
Éclat d'Beauté - Institut de beauté / Salon de beauté et de bien-être;29 Rue Victor Hugo, 69250 Neuville-sur-Saône, France
Eauxens - Centre de Bien-Être;ZAC des Escarnotières Pme-Pmi, 1 Rue Claude Louis Berthollet, 51000 Châlons-en-Champagne, France
? sens.iel - Bien-être Soins & Massages;80 All. du Mont Perreux, 76230 Isneauville, France
Dyamona, Massages Bien-Être;14 Rte de Gouzon, 23130 Chénérailles, France
Douceur de Naître et Bien-être ( Massage Femme - Grossesse - Drainage Lymphatique - Haptonomie -Thérapeutique Bain Bébé);50 Rue de la Croisette, 62120 Aire-sur-la-Lys, France
Douce empreinte • Accompagnement périnatal • Bain thérapeutique, massages bien-être • Niort;30 Rue Sainte-Catherine, 79000 Niort, France
Domaine Jean Got : Gîtes, chambres insolites et bien-être proche de Saint-Émilion;443 Jean-Got route de, 33420 Lugaignac, France
Domaine de l'Olivier Brignoles - Location villa & centre de bien-être;664 RD 35, 83170 Brignoles, France
Domaine de la Tour Emeraude - Institut de Beauté et Bien-être à Caen;75 Rue de Saint-André, 14123 Fleury-sur-Orne, France
Dinane Bien-être;86 Av. de la Résistance, 93340 Le Raincy, France
Deux Mains pour un Bien-Être;1A Bd Delcassé, 09100 Pamiers, France
Détente et bien-être;2 Rue des Champs, 81600 Gaillac, France
Détente Éclairée - Massages et soins bien-être;2 bis Rue Viollet le Duc, 21000 Dijon, France
Détente de la Lys : Centre de bien-être et Institut;30 Rue Faidherbe, 59850 Nieppe, France
Détente de la lys : Centre de bien-être & Institut;1014 Rue de la Lys, 59253 La Gorgue, France
Destination Bien-être;11 Rue Henri Weibel, 59530 Le Quesnoy, France
Delphine Massage Bien-Être et Sportif 59;10 Rue du Moulin, 59148 Flines-lez-Raches, France
Deep Massage - Massage Bien-être;04 Rue du Général Leclerc, 51220 Loivre, France
De Ambre à Zen centre de bien-être;21 Pl. de la Mairie, 56130 Férel, France
David Prevots coiffure beauté bien-être;50 Rte des Granges, 27800 Malleville-sur-le-Bec, France
C-Zen Massage Bien-être;8 Rue de l'Essonne, 91710 Vert-le-Petit, France
CRYOPÔLE NÎMES | Cryothérapie, Cryolipolyse | Bien-être & minceur par le froid;Parc du Triangle, 120 Rte de Nîmes, 30132 Caissargues, France
Couleurs D'Ailleurs - Institut de beauté et bien-etre;5 ter Pl. Jeanne d'Arc, 79250 Nueil-les-Aubiers, France
Couleur Zen Massages et Soins Bien-être;6 Rue Auvray, 72000 Le Mans, France
Côté Bien N'être;6 Pass. du Roi, 77170 Brie-Comte-Robert, France
Corporescence - Institut de beauté et bien-être;14 Pl. de l'Église, 56250 Elven, France
Corinne un Air de Zen | Massages bien-être à Baulon;24 Les Champs, 35580 Baulon, France
Coralie Sauvage Massages & Bien-Être;3 Rue Victor Hugo, 27320 Nonancourt, France
Concept Santé Bien-être;115 Rte de Fronton, 31140 Aucamville, France
Cokette - Centre de bien-être - Centre de formation;3 Rue Denys Boudard, 61100 La Lande-Patry, France
CoeurAccords : Séjours bien-être, tantra & naturisme;570 Rte des Hottes, 26260 Saint-Bardoux, France
Cocon Massages bien-être;2 Rue Paupière, 69270 Couzon-au-Mont-d'Or, France
Cocon - Centre de bien-être (Flottaison en isolation sensorielle & Massage);15 Rue de Lyon, 25720 Beure, France
COCKTAIL - Bien-Etre et Piscines Gourmanel;1 ZA du Rocher, 38780 Estrablin, France
Coaching bien-être (burn out, stress). Formation massage. Yoga du rire & rigologie. C Zen 49;93 Chem. de la Guichardière, 49125 Briollay, France
Coach’in Bien-être / Esthétique;A coté de la pharmacie Le Chavan, 8 Rte du Crêt d'Esty, 74650 Chavanod, France
Clémence Bien-Être - Shiatsu - Massages;21 bis Rue Michel Grimault, 44110 Châteaubriant, France
Clembienetre;2 Rue des Étuves, 45190 Beaugency, France
CHRYSALID, centre de bien-être;5 Av. de la Libération, 69480 Anse, France
Chrys Bulles de Bien-être;34 Hameau d'Antras, 09000 Saint-Paul-de-Jarrat, France
Christine Guillou Massage Bien-être La détente aux beaux chênes;85190 Venansault, France
Christine Bolognesi Massage Bien-Etre et Naturopathie;Espace Sante Naturelle Et Bien Etre, 18 Rue Despeyroux, 82500 Beaumont-de-Lomagne, France
Chez Juliette, soins et bien-être;14 Rue Clemenceau, 59830 Bourghelles, France
Chemins du bien-être avec les minéraux;6 Rue Neuve, 30140 Anduze, France
Chemin de Vie Praticienne en Massage de bien-être soins énergétiques réserver uniquement aux Femmes;Quartier BARNABÉ, 39 Rue Edison, 24750 Boulazac Isle Manoire, France
Château de la Bien-Assise;1197 La Bienassise, 62340 Guînes, France
Charlotte Plaisance, Naturopathe - Massages bien-être;1 Rue des Gondoles, 33270 Floirac, France
Charlotte Batard - Bien-Etre - Luxopuncture et Luminothérapie;360 Rue de l'Église, 01340 Attignat, France
CHAMBRES D'HOTES ESCALE ET BIEN ETRE;7 La Bourrelière, 44210 Pornic, France
Chaleur et Bien-Etre Delicourt Energies;Allée des Merisiers, 80420 Flixecourt, France
Céren Bien-Être;26 rue du clos St Martin, 91630 Leudeville, France
Centre Santé Bien Etre;8 Pl. de la Libération, 21320 Pouilly-en-Auxois, France
Centre Meta MorphOze- Centre de bien-être et de développement aux Portes de Poitiers;2 Grand Rue, 86240 Ligugé, France
Centre luxo bien-être;21 Rte de Voivres, 72210 La Suze-sur-Sarthe, France
Centre KONENKI Massages bien-être Formation Nathalie Sabathier Fronton;115 Av. de Villaudric, 31620 Fronton, France
Centre Gaïa - Thérapies du bien-être;30 Rte de Nevers, 18390 Savigny-en-Septaine, France
Centre d'Epilation Beauté & Bien-être;46 Rue de la République, 38300 Bourgoin-Jallieu, France
Centre de soin et de bien-être Coursannais;37 Av. de Toulouse, 11110 Coursan, France
Centre de Santé et de Bien Etre;99 Av. Jacques Douzans, 31600 Muret, France
Centre de Relaxation Cardoso. Massage, Bien-Être,Relaxation et Réflexologie en Essonne 91;115 Av. Gabriel Péri, 91700 Sainte-Geneviève-des-Bois, France
"centre de massage de bien etre ""dans ma bulle""";lieu dit, Lescure, 48500 Banassac-Canilhac, France
Centre de bien-être LineQuartz - Grez-Neuville - Angers Catherine CORDIER - Calido;5 La Gautellerie, 49220 Grez-Neuville, France
Centre de Bien-Être du Jaunay;4 Bellevue, 85220 La Chapelle-Hermier, France
CENTRE DE BIEN-ÊTRE Cécile Chopin;27 Av. Georges Pompidou, 85100 Les Sables-d'Olonne, France
Centre de bien-être Azteca;3 Rue François Arnaud, 04400 Barcelonnette, France
Centre de bien-être;Étang du Stock, 57400 Langatte, France
Centre de Bien Etre de l'Huilerie;Rue du Chemin de Fer, 72500 Dissay-sous-Courcillon, France
CENTRE DE BIEN ETRE - Massage Limoges;17 Rue François Perrin, 87000 Limoges, France
Centre d'amincissement et de bien-être;1 Rue de la Mousson, 22100 Quévert, France
Centre Bien-être Ham-Sous-Varsberg;78 Rue de Creutzwald, 57880 Ham-sous-Varsberg, France
Centre Bien-être et Santé;17 Rte de Lamorlaye, 60580 Coye-la-Forêt, France
Centre Bien-Etre;4 Pl. Albert 1er, 85000 La Roche-sur-Yon, France
Centre Bien Etre Carquefou;10 ter Rue du Marquis de Dion, 44470 Carquefou, France
Center Énergie & Bien-Être;25 Lot. des Garrigues, 34160 Sussargues, France
Céline Boulard - Massages Bien-Etre by Céline;2 Dom. de Seignelay, 92290 Châtenay-Malabry, France
Célia M. Massages Bien-Être et Détente;21 Rue Roger Salengro, 93270 Sevran, France
Cécile éveil et bien-être;212 Av. Hebburn, 59330 Hautmont, France
Ceb c'est bien;16 lotissement, Imp. Saint-Sauveur, 57440 Angevillers, France
C'Bien;20 Av. Winston Churchill, 94370 Sucy-en-Brie, France
CATTLEYA BIEN-ETRE;3 centre commercial des Ajoncs, 56250, Saint-Nolff, France
Catherine REY Naturopathe, Auriculothérapie, Iridologue, Sophrologue, Réflexologue Plantaire, Massage Bien-Etre;1 Rte du Pin Rond, 38780 Estrablin, France
CARPE DIEM Massage bien-être;MAISON TERRA, 23 Av. de Verdun, 02500 Mondrepuis, France
Caroline Miel - Massage sportif et bien-être;2 Pl. de la République, 54180 Heillecourt, France
Caroline Gerberon | Massage Bien-Être Vosges;Le Centre Tout Naturellement, 19 Rue des Trois Ville, 88100 Saint-Dié-des-Vosges, France
Caroline Billebeau massages bien-être;7c Rue des Prés de la ville, 78490 Galluis, France
Cap Vitalité Votre Destination Bien Etre et Beauté;11 Rue Gonfroi, 62500 Clairmarais, France
Cam K Massages bien-être by haimé;1 Rue Panhard et Levassor, 78570 Chanteloup-les-Vignes, France
CALM Massage Bien-être;28 Rue Alfred Kastler, Zac De La Vatine, 76130 Mont-Saint-Aignan, France
CALEYA Bulle de Bien-Être;Allée des Landes de Cabaniou, 40390 Saint-Martin-de-Seignanx, France
Cabinet de massage et maderotherapie Vivre bien-être;3 Bis Rue Truc des Mazes, 34820 Teyran, France
Cabinet Dagaz - Massages & techniques de bien-être;1 Place Notre Dame, 22600 Loudéac, France
Cabinet bien-être féminin - Chaïma Meharech;47 Rue du Bal Champêtre, 27400 Louviers, France
Cabinet Bien-Être - Aime La Plagne;213 Av. de la Tarentaise, 73210 Aime-la-Plagne, France
Cabinet Bien-Être;3 Pl. de la République, 17290 Aigrefeuille-d'Aunis, France
Cabinet Bel'harmonie - Energéticienne & massages bien-être;24 Rue Victor Hugo, 78350 Jouy-en-Josas, France
C’Line Bien-Etre;23 Rue de la Corvée, 88480 Étival-Clairefontaine, France
C. L'Instant Bien-Être;15 Rue du Gén de Gaulle, 27340 Pont-de-l'Arche, France
C essentiElle institut de bien-être & Beauté - Formations professionnelles;1 bis Rue Charles Desailly, 62860 Oisy-le-Verger, France
Bulles De Bien Etre;2 Rue de la Tour, 87190 Magnac-Laval, France
Bulle massage - massages bien-être sur mesure;2950 Rte de Gouttenoire, 42440 Les Salles, France
Bulle d'éKilibre réflexologie, shiatsu, massage bien-être, La Bouilladisse 13;280 Av. de la Malvesine, 13720 La Bouilladisse, France
Bulle de bien-être en Gaume asbl;103 Anc. Chem. de Mons, 30100 Alès, France
Bulle De Bien-Être;1415 Rte de Jassans, 01560 Saint-Nizier-le-Bouchoux, France
Bulle de bien-etre;2 Rue du Marin, 60940 Cinqueux, France
Bulle de Bien Etre;Rue de Madrid, 12000 Rodez, France
Bulle Bien Etre;19 Rue de la République, 50600 Saint-Hilaire-du-Harcouët, France
Brocéliande Beauté et Bien-être;31 Rue nationale, 56430 Mauron, France
BODY AREA - Massage - Bien-être - Bretagne;6 Pl. de l'Église, 22600 Saint-Caradec, France
Bluenn Boulon - Massages bien-être et accompagnement à la naissance;1 Rés Condamine, 39570 Perrigny, France
Bliss Bien-être;9 Av. de Valmy, 77500 Chelles, France
Bioluminescence - institut de beauté & boutique bien-être;Promenade d'Artois, 320 Rue d'Artois, 62161 Duisans, France
Bienvenue chez Maud;19 Av. de la Gare, 80200 Doingt, France
Bienvenue Bébé;15 Rue du Gén de Gaulle, 27340 Pont-de-l'Arche, France
Bien-Naître Lourdes;23 Bd Roger Cazenave, 65100 Lourdes, France
Bien-être Soi;19 bis Rue Pierre Mendès France, 27320 Nonancourt, France
Bien-être Reventinois (massages bien-être Vienne et alentours);72 Chem. de Moras, 38121 Reventin-Vaugris, France
Bien-Être Retrouvé (Rachel Mongin);Le Lineau - les Aubiers n°36, 79250 Nueil-les-Aubiers, France
BIEN-ÊTRE POUR VOUS - Massage et hypnothérapie;Pl. Jacques du Bellay, 37340 Savigné-sur-Lathan, France
Bien-être pour tous;2 Av. d'Haouza, 72100 Le Mans, France
Bien-être Massage & Yoga;Rte de la Cathedrale, 20217 Saint-Florent, France
Bien-être et Harmonie;9 Rue de la Plage, 76910 Criel-sur-Mer, France
Bien-être et équilibre - réflexologie;35 Bis Rte de Corzent, 74200 Anthy-sur-Léman, France
Bien-être du corps et de l’esprit;18 Rue des Roses, 67520 Marlenheim, France
Bien-être de l'Aveyron;impasse bellevue, 5 lotissement Bel Air, 12520 Aguessac, France
Bien-être by Yo - Massages Gaillac;20 Rue Jean Jaurès, 81600 Gaillac, France
Bien-être by Stephanie;Camping Cap Sud, Av. de la Mer, 66200 Alénya, France
Bien-être by So' - Massages, Access Bars® & Hypnose;501 Bd Louis Bernard, 83250 La Londe-les-Maures, France
Bien-être by Grégory;9 Pl. de la Mairie, 88540 Bussang, France
BIEN-ETRE AUX VENTS;43150 Freycenet-la-Cuche, France
Bien-être au rendez-vous - Massages & Soins Holistiques - Bouguenais (Nantes Aéroport);26 Rue Aristide Briand, 44340 Bouguenais, France
Bien-être au Naturel;Lotissement Le Gallaz, 2 Rue Claude de Buttet, 73490 La Ravoire, France
Bien-être Alsace;20 Rue du Gén de Gaulle, 67560 Rosheim, France
Bien-Etre à la Source - Catherine Missotte - David Ménard - Coeur d'Agate -;1 Rue des Sabotiers, 56500 Radenac, France
Bien-être | Shiatsu | Odori-institut;768 Rue des Mirabeaux, 26320 Saint-Marcel-lès-Valence, France
Bien-être & Vitalité Véronique Lemettre - Massage Visage & Corps - Drainage lymphatique;66 Rue Saint-Pry, 62400 Béthune, France
Bien-être & Vitalité Véronique Lemettre;26 bis Rue de la Liberté, 62144 Acq, France
Bien-être & Sens;19 Rue d'Anet, 28260 Saussay, France
Bien-être & Formation;30420 Calvisson, France
Bien Naître & Eveil (massage bébé, enfant, postnatal) Réflexologie plantaire bébé, jeune enfant;73210 Aime-la-Plagne, France
Bien Hêtre;1 chemin Hartane, 64410 Fichous-Riumayou, France
bien etre thailande;5 Bd Carnot, 74200 Thonon-les-Bains, France
Bien Etre O Mans;Bien-Être ô Mans, 147 Av. de la Libération, 72000 Le Mans, France
Bien Etre et Mieux Etre;26 Rue de Tours, 37600 Loches, France
BIEN ETRE EN LOMAGNE Association;16 bis Rue Despeyroux, 82500 Beaumont-de-Lomagne, France
Bien Etre Attitude;Novéa, 727 Av. de Lançon, 84400 Apt, France
Bien etre à Gogo;8 Rue de Rochefort, 78660 Ablis, France
Bien Etre;Av. Vincent Picareau, 83140 Six-Fours-les-Plages, France
Bien & Etre Shiatsu;Résidence Agnarello Lot 12, 20166 Pietrosella, France
Be'Zen (Bien-être . Yoga . Beauté);13 Av. Henri Ravera, 92220 Bagneux, France
BERENGERE PETIT - Massage bien-être & Energéticienne;18 Av. Forêt de Bord Bâtiment B Appartement 22, 27340 Les Damps, France
Belle et Bien;espace commercial la rouarde, 9, 44 Chem. Vieux route de, 82350 Albias, France
Bellavida institut de beauté & bien-être Montaigu-Vendée;33 Rue Saint-Joseph C, 85600 Montaigu-Vendée, France
Bellana Formation massage bien-être. Anaïs Delobelle. Centre de formation certifié Qualiopi;85190 Venansault, France
Beauté et Bien-être;32 place de la halle, 45270 Ladon, France
Beauté Bien-être Gourmandise;36 Rue des Merles, 60600 Breuil-le-Vert, France
Beauté bien-être by Sorana et Audrey;5 Rue de la Haie À Sorel, 78990 Élancourt, France
Beauté Bien Etre;11 Rue Jeannette Rousseau, 89800 Courgis, France
Beauchet Morgan - Massages Bien-être à Arras - EVEIL MAGIC MASSAGES;4 Rue des Bouleaux, 62217 Achicourt, France
Balinea Plaisir & Bien-être;490 Rte de Toulouse Bal 9, 31620 Fronton, France
Ayâma – Massage bien-être, soins énergétiques et relaxation à Niort (79) et en visio;113 Rue des Marais, 79000 Niort, France
AyA Thaï Bien-être;68 Av. Foch, 76600 Le Havre, France
Aux sens bien-être;11 All. des Acacias, 59126 Linselles, France
Aurore bien-être;21 Chem. de la Bouscayrolle, 81300 Graulhet, France
Aurora Bien-être;4 bis Rue du N, 66200 Alénya, France
Aurelie Bertier Réflexologie Plantaire & Relaxation Bien-être;51b Ham. de Cantraine, 62190 Lillers, France
Aups bien etre verdon;3 Rue Gabriel Péri, 83630 Aups, France
Audrey Morassi EI, Praticienne bien-être;13 Rue d'Orée, 72800 Le Lude, France
Au Quai du Bien-Être et de la Conscience;12 Rue Sainte-Barbe, 68210 Altenach, France
Au gré des sens bien-être;423 route des epingliers, 03350 Louroux-Bourbonnais, France
Au fil de vous - salon de thé et cabinet de soins bien-être à Metz;34 Rue de Pont-à-Mousson, 57000 Metz, France
Au Cœur du Bien-être;3 Pl. de la Mairie, 39110 Andelot-en-Montagne, France
Au Coeur du Bien-Etre;14-18 Rue Principale, 54490 Avillers, France
Au Coeur Du Bien Etre;32 Rue du Grand Saint-Laumer, 41150 Monteaux, France
Au cœur de ma bulle Vanessa Hercouët Accompagnante en bien-être émotionnel;Tuilerie, 85600 Montaigu-Vendée, France
Au Coeur de L'Univers du Bien-être;27 Rue Denfert Rochereau, 42260 Saint-Germain-Laval, France
Au bien-être de Perle;2 Rue de la Forge, 25370 Métabief, France
Au bien-être de Lys;10 Pl. Saint-Nicolas, 49310 Lys-Haut-Layon, France
Au bien-être de Lydie;5 Ham. de Ribeauvillé, 02500 Aubenton, France
Au Bien-Être d’Elise;24 Rue de l'Image, 72800 Le Lude, France
AU BIEN VENU;4 Chem. du Danis, 31410 Noé, France
Au Bien Naître;46 Pl. Jean Baptiste Colbert, 53940 Saint-Berthevin, France
Au Bien Etre;2 Rue de Fontaine, 60120 Breteuil, France
Association Qi Gong et Activités de Bien-être;25 Rue Michelet, 86170 Neuville-de-Poitou, France
Association L'instant zen : Béatrice Jouret et Elodie Aubanel - Organisation de Salons Bien-être, de Conférences, Formations massage bien-être, Plusieurs thérapeutes au sein de l'association.;Imp. Antoine de Saint-Exupéry, 84170 Monteux, France
Association Espace Essentiel Relans - Cabinet santé et bien-être;17 Grande Rue, 39140 Relans, France
Arzon Bien-être - des sens à la vie;10 Chem. du Clos Fardel, 56640 Arzon, France
Art-Essentiel . Massages bien-être;195 Imp. de la Chartreuse, 38790 Saint-Georges-d'Espéranche, France
Art et Bien Etre;6 bis Rue Jean Lemee, 44130 Bouvron, France
Aromana - Massages & Bien-être;100 All. du Comminges, 31770 Colomiers, France
Appart Bien Etre;7 Rue André du Vigneau, 41170 Sargé-sur-Braye, France
Anne-Lise Raffaelli – Massages bien-être à domicile | Da Mani à l’Anima;74 Cardiccia, 20290 Monte, France
Anne Lasry L'Eure Séance Bien-Être;15 Rue des Vignes, 27920 Saint-Pierre-de-Bailleul, France
Animatrice Bien Etre;Château du, Rte de Chemazé, 53200 Château-Gontier-sur-Mayenne, France
Andrés Marín praticien en massage bien-être;Institut concept soleil, 45 Rue de Provence, 75009 Paris, France
ANCESTRAL -Bien Etre;80 impasse de la fonza, 43200 Saint-Maurice-de-Lignon, France
ANATY bien-être | Séverine Rabalison;49 bis Rue Aristide Briand, 95520 Osny, France
Anandena – Studio de Yoga & Bien-être;11 Rue de Berlencourt, 62810 Estrée-Wamin, France
Amsolmassage, Massage bien-être, relaxant, prénatal, drainant, sportif;9 Rue Prte de la Ville, 78680 Épône, France
Amma assis / Massage bien-être Valérie NOTH - Deux Mains Pour Soi;9 Rue des Biches, 77183 Croissy-Beaubourg, France
Améthyste Bien-être (Massages bien-être);9 Rue des Aubépines, 86240 Smarves, France
Améthyste Bien-être;27 Rue Georges Colson, 78700 Conflans-Sainte-Honorine, France
Âme & Sens massage bien-être;1 Pl. de l'Église, 29710 Plogastel-Saint-Germain, France
Ambition Bien-être;5C rue Malraux Entrée côté cour - RDC, 21000 Dijon, France
AM massage bien-être - Sur-mesure, prénatal, drainage, madéro & kobido - Montrouge;12 Rue Couprie, 92120 Montrouge, France
ALOHA Massage Bien-Etre;5 Av. du Rivage, 80100 Abbeville, France
Alicia massage bien-être;2 Rue de Meren, 83340 Le Luc, France
Aless'entiel – Massage & bien-être à Massongy/ Douvaine;29 Rte de l'Église, 74140 Massongy, France
Alaia Cristal Bien-être;21 Rue des Charmes, 79000 Bessines, France
Akissi Bien-etre;8 Rue Bulot, 03200 Vichy, France
Aix Bien Etre;14 Av. Jean Moulin, 13100 Aix-en-Provence, France
A'Hotu Massage - Massage bien-être - Massage personnalisé - Massage Deep-Tissue;8 Rue de L'Ancienne Ferme, 68600 Volgelsheim, France
AH ! Massage-bien-être et Savoir-faire Rebozo;5 Rue Guillaume Michel, 50180 Agneaux, France
Agnès M Bien-être;174 Av. nationale, 72230 Arnage, France
Adrien Lacassaigne Massage Bien-être.;310 Rue de la Moinerie, 37380 Neuillé-le-Lierre, France
adella bien-être;1 Rue Albert Camus, 57255 Sainte-Marie-aux-Chênes, France
Action Relaxation & Bien-être;81120 Terre-de-Bancalié, France
A'corps et Equi'Libre - Réflexologie et Massages Bien-être dans le Jura;8 Rue des Tirettes, 39300 Crotenay, France
Accordesoi (massage bien-être);27 Chem. du Cortelet, 73210 Aime-la-Plagne, France
Abhyanga Massage Bien-être;2 Rue des Sauges, 26450 Charols, France
ABBIES MY BIEN ETRE;8 Av. Henri Barbusse Etage 1, 95470 Fosses, France
A L'Equilibre: Centre Medico esthétique et Bien-être;2 Rue du Four À Chaux, 91540 Mennecy, France
A l'aube du bien-être;369 Sente Sainte-Venise, 76230 Bois-Guillaume, France
À la recherche du bien-être;93 Rue Georges Médéric, 94700 Maisons-Alfort, France
À la Croisée des Étoiles. Praticienne certifié en Massages Bien-Être et Énergétique. Fasciathérapie Tissual Balancing.;L'Envolée, 36 Rue Jean Jaures, 56400 Auray, France
A Corps de Soi Bien-Être Massage;1 Ter Rte de Paris, 76240 Bonsecours, France
A Corps Bien-Etre;25 bis Rue Neuve, 19200 Saint-Angel, France
110 Fusion Zen Espace bien-être : massages, soins énergétiques holistiques (Reïki, Lahochi..), Formations certifiantes;42 bis Rue de Comprian, 33980 Audenge, France
??Cel'bien-être?? Massage bien-être à l'Arbresle;110 B, Chem. des Balmes, 69210 L'Arbresle, France
ZHAOXIA détente;Imp. Monte Stello, 20290 Borgo, France
Zenyaréflexologie, David Lebrun.;23 Rue Paul Valéry, 59320 Hallennes-lez-Haubourdin, France
zenÔnaturel;56390 Grand-Champ, France
Zénitudes;1 Rue Joseph Lena, 56520 Guidel, France
Zenith Esthetique | Épilation laser et soins esthétiques | Cernay-lès-Reims;11 Rue du Loup, 51420 Cernay-lès-Reims, France
Zen'Essentiel;59 Rue nationale, 16270 Terres-de-Haute-Charente, France
Zen'Essence;61arue de bourgfelden, 68220 Hégenheim, France
Zenbynasira;36 Av. Maréchal de Lattre de Tassigny, 85400 Luçon, France
ZeN'athitude;70 Rue de la Grange Champion, 37530 Nazelles-Négron, France
Zenance;Bd Léopold Maissin, 29480 Le Relecq-Kerhuon, France
Zen et Sens;15 Rue Clemenceau, 68660 Lièpvre, France
Zen Et Relax;13 Rue Camille Rigaux, 51170 Fismes, France
Zen et Belle;38 Pl. Belle Croix, 14700 Falaise, France
zen Altitude;13 Imp. des Myosotis, 66210 Les Angles, France
Zen & Naturo;54 Rue de la République, 38440 Saint-Jean-de-Bournay, France
Zen & B'L;22 Pl. de L Hôtel de ville, 45410 Artenay, France
Zéli'Zen - Massage & Lithothérapie;21 Av. de Laon, 02380 Coucy-le-Château-Auffrique, France
Yves Rocher;Moulin de Le Bout du Pont, Le Clos Serot, 56200 La Gacilly, France
YUMOMENT - Drainage Lymphatique & Massage - Corbeil;53 Rte de Lisses, 91100 Corbeil-Essonnes, France
YumeGin Massage;12 Av. Jean Jaurès, 33530 Bassens, France
Yuanvi Center;155 Rue du Maréchal Foch, 88800 Vittel, France
Your Esthetik / La maison des sens by Carole;19 Bd Armand Audibert, 13220 Châteauneuf-les-Martigues, France
Yodotka - shiatsu&kobido;35 Rue Guy le Rouge, 78730 Rochefort-en-Yvelines, France
YILE Massage Sens;41 Rue Thénard, 89100 Sens, France
YASUMI;26 Rue Rouget de Lisle, 41110 Saint-Aignan, France
Yabanthai;7 Rue Nationale, 45140 Ormes, France
Witii Tham;12 Rue Madame Fleutet, 74100 Annemasse, France
Welnessbeauty;36 bis Pl. de l'Horloge, 19210 Lubersac, France
Wandi Thai massage.;51 Rue Kléber Rolle, 62880 Annay, France
Voyagesensoriels;42 Rue des Huit Patriotes, 22500 Paimpol, France
Voyages des Sens;15 Gd Rue Octave Chenavas, 38590 Saint-Étienne-de-Saint-Geoirs, France
voyage des sens;16 Rue du Parc, 57200 Sarreguemines, France
Voyage à deux mains, institut de massage à bérat;125 Chem. de la Côté de Clary, 31370 Bérat, France
Votre Beauté;2 Pl. du Général de Gaulle, 91470 Limours, France
Voodoo by Natura Esthétique;132 Pl. de la République, 34400 Lunel, France
Vital et Sens;34 Bis Rte de Clan, 86170 Neuville-de-Poitou, France
Vi'massage;27 Rue du Belhaître, 44115 Haute-Goulaine, France
Villa Bloom – Soins facialistes & Massages sur mesure | Cherbourg – Sideville;6 Le Colombier, 50690 Sideville, France
Villa Balnea;7 Av. de la République, 33138 Lanton, France
Viktoria by JM;31 Chem. de la Plaine des Pichons, 13480 Cabriès, France
Verts Massages - en salon et domicile;10, rue Portal, 78 Rue Joseph Rigal, 81600 Gaillac, France
Ver Sacrum;28 Rue de la Fosse Argent, 22590 Pordic, France
Vénusté;12 Bd des Sports, 77700 Bailly-Romainvilliers, France
Vénus Beauté Institut;10 Pl. des Fréres Mongolfier, 49320 Brissac Loire Aubance, France
Vénus Beauté;23 Gd Rue Fausse Prte, 76270 Neufchâtel-en-Bray, France
Vaya sculpt;98 Av. Aristide Briand, 91550 Paray-Vieille-Poste, France
Vanity soin;10 Av. des Platanes, 78940 La Queue-les-Yvelines, France
Van'île esthétique;101 Imp. du Cadenet, 83210 Solliès-Pont, France
Vanessa massage et soin;14 Rue Robert Esnault Pelterie, 78117 Toussus-le-Noble, France
Vana Sensoria;10 Rue Maurice Berteaux, 95260 Beaumont-sur-Oise, France
VAL'HEADSPA;1 Rue de Lisieux, 14170 Saint-Pierre-en-Auge, France
vaha massages;27 Rue Neuve des Marchés, 34700 Lodève, France
Vague de Charme;2 Bd de Diepholz, 79100 Thouars, France
Univers Soins;106 Rue Nationale, 57350 Stiring-Wendel, France
Univers Massage;9 Rue des Fabriques, 68470 Fellering, France
Une Vie Zen;La Bugnette, 25650 Maisons-du-Bois-Lièvremont, France
Une petite parenthèse;3b All. de la Baillée de la Source, 35340 Liffré, France
Une bulle à soi;411 Rue du Chauffour, 88460 La Baffe, France
Un temps pour vous;29b Rue Federico Garcia Lorca, 32000 Auch, France
un Temps pour Soi - Institut de Beauté;6 Rue Pierre Marchand, 35530 Noyal-sur-Vilaine, France
Un Temps pour Soi;8 Malabrit, 16100 Louzac-Saint-André, France
Un s'temps pour soi;32 Rte de la Châtre, 18160 Lignières, France
Un Monde de Beauté;5 BIS ZI Du Pounchou, 16 D19, 34490 Murviel-lès-Béziers, France
Un Moment Pour Soi Avec Dulceongle;13 Pl. du Martroi, 28310 Janville-en-Beauce, France
Un Moment pour Soi;2 Av. de Verdun, 33450 Montussan, France
Un Moment D'évasion - Institut de beauté Beauvais;122 Rue de Rieux, 60480 Guignecourt, France
Un Instant sur la Terre - Massage détente profonde - Massage du Visage Kobido - soin énergétique;14 Av. de Provence, 83340 Le Luc, France
Un Instant Pour Soi;2 Pl. de la République, 72430 Noyen-sur-Sarthe, France
Un instant pour moi;23 Rue Jules Guesde, 21600 Longvic, France
Un instant pour fille;133 Rue Principale, 62380 Coulomby, France
Un écrin de délicatesse;5 Qur Vallou, 29120 Pont-l'Abbé, France
Un autre thème peau - Massage et yoga Blandine BOURGEAU;5 Av. des Érables, 49125 Tiercé, France
Un Air de Détente;Rue de la Poste, 48250 La Bastide-Puylaurent, France
Un Air d'Ailleurs By Murielle INSTITUT DE BEAUTE -SPA;8b Bd Paul Louis Courier, 37500 Chinon, France
Udina;Alice rosenstil 1 impasse du, Rue du 60E Ri, 80470 Ailly-sur-Somme, France
Tropicale Evasion;entrée sur la, 35 bis rue des Palluelles, Rue du Fief Signore, 49750 Beaulieu-sur-Layon, France
TROIS SOURCES;1b Route de Bouzonville, 57920 Kédange-sur-Canner, France
Trèb'elle institut;25 Rte des Fréchets, 44600 Saint-Nazaire, France
TOUTES BELLES;18 Rue du Puits, 62120 Aire-sur-la-Lys, France
Tout en Beauté;Pl. du Gué, 72230 Guécélard, France
TouSimplement;7 Av. de la Gare, 30470 Aimargues, France
TOP Zen;2 Pl. des Lauriers Roses, 17320 Marennes, France
Tiphaine Bignon;17 Rue de Paris, 72400 La Ferté-Bernard, France
Thiollay Stephanie - Massages : Relaxation & Energétique;8B Rue Philippe Paget, 78380 Bougival, France
Thierry massage intuitif;103 Rue Jean Jaurès, 79200 Parthenay, France
Thérapeutic;321 Chem. de Redonnel, 30100 Alès, France
The Recovery Spot;42 Rue du Bois Pouty, 77120 Mouroux, France
The New Pretty;93 Gd Rue Charles de Gaulle, 94130 Nogent-sur-Marne, France
Thalispa;18 Ter Bd Saint-Germain, 35300 Fougères, France
Thalgo;24 Pl. de l'Étoile, 12450 Luc-la-Primaube, France
Thalassa;6 Pl. Grenette, 73200 Albertville, France
Thaï Paradis - Massages;17 Rue Romarin, 69001 Lyon, France
Terres Essentielles;9 Rue Mercœur, 44000 Nantes, France
Terres de Soins;1594 Chem. de la Sablère, 32100 Condom, France
Terre sereine;5 Imp. du Saule, 57140 Woippy, France
Terre Eden;55 Rue Georges Pompidou, 59279 Loon-Plage, France
Terre Des Sens;105 Grande Rue, 59550 Maroilles, France
Terre d'Elaïa;1000 Chem. de Roxis, 81340 Saint-Cirgue, France
Terre de Soleil;15 Rue Jean Jaurès, 42650 Saint-Jean-Bonnefonds, France
Terre de Soins;13 bis Pl. de l'Église, 44320 Chauvé, France
Terre de Rituels, Soins et Massages Ayurvédiques;L'Atrium, 18 Rue du Maréchal Joffre, 13100 Aix-en-Provence, France
Terre de massages;19 Av. du N, 69160 Tassin-la-Demi-Lune, France
Terre d'Arômes;La, 5 Rue Yves Josso, 56200 La Gacilly, France
Terre D'Ailleurs;14 Rue Jeanne d'Arc, 87290 Châteauponsac, France
TERRANATURE;37 Rue de Ferrières, 03250 Le Mayet-de-Montagne, France
Terraluna;10 Rue de la Toison d'Or, 21000 Dijon, France
TerraBella Institut de Beauté;8 Rue du Chanoine Moisan, 13710 Fuveau, France
Temple De La Beauté;6 Rue Edouard Vaillant, 77176 Savigny-le-Temple, France
Tanjali detente;15 Bis Rue Bernard Potier, 02300 Blérancourt, France
TanaZen;ou, 15 Avenue des lavandières Moulin de Redon, 1 Cr de Verdun, 13390 Auriol, France
Synesens;1 Rue de Montlhéry, 91460 Marcoussis, France
Symphonie des sens;25 Rue de L Hôtel de ville, 49250 Beaufort-en-Anjou, France
SWANOA;276 Av. de l'Europe, 44240 Sucé-sur-Erdre, France
Suzanne CHESNEAU / Soins naturo massages;11 La Rebeyrolle, 23250 Sardent, France
Sur un Nuage ( Stephanie Deraed);9 Rue de la Poste, 59740 Felleries, France
Suntulit;3 Rés d'Alsace, 22450 Kermaria-Sulard, France
Sun Brazil;1 Bd Micha?l Faraday, 77700 Serris, France
Sun 7 Beauté;10 Rue de la Pierre Plantée Centre Commercial Bocaud, 34830 Jacou, France
Sultana beaute Indian;12 Rue de la Mairie, 92220 Bagneux, France
Suite 110;110 Rue Victor Hugo, 77450 Esbly, France
Subtil institut;1 Rue Madame de Sévigné, 35680 Louvigné-de-Bais, France
Sublim'Ton corps;Portail bleu, 6B All. des Platanes, 17290 Aigrefeuille-d'Aunis, France
Sublime & Vous by Hélina;5 Rue de l'Échelle, 80700 Villers-lès-Roye, France
Sublime & Sens;10 Pl. de la République, 76710 Montville, France
Sublim Beaute;70 Pl. Jean Vinay, 38470 L'Albenc, France
Style & beauty;2 Rue 53 É Ricms, 80270 Airaines, France
Studio MOVA by Margot Couturier - Massages - Danse - Pilates - Yoga;35 Pl. du Champ de Foire, 01400 Châtillon-sur-Chalaronne, France
Studio Drainage & Relaxation;1 Av. Jean Zay Appt 21, 33150 Cenon, France
Stellar beaute;49 Rue de la Gare, 95530 La Frette-sur-Seine, France
Stefmassage;11 Imp. du Plateau, 91310 Linas, France
Spirit Massage;270 Rue des Vignes, 45700 Pannes, France
Spassima;4 Rue de l'Hôtel de ville, 49300 Cholet, France
Spa-Lab Origin'L;146 Av. du Mont Ventoux, 84200 Carpentras, France
Sozénitude;22 Rue Maréchal Joffre, 56700 Hennebont, France
Sowfel signature;74 Av. de la Libération, 33440 Ambarès-et-Lagrave, France
SOURCES D'AILLEURS;3 Rue Jean Colle, 29280 Locmaria-Plouzané, France
Source d'Hylé - Institut de massages;487 Av. Général de Gaulle, 69760 Limonest, France
Source de Beautés;82 Rue Principale, 62380 Bayenghem-lès-Seninghem, France
Souffle Sacré 78 - Rituel & massage tantrique;Rue Marguerite Bervoets, 78280 Guyancourt, France
SORORE Bourg La Reine Hydrafacial / Microneedling / Soin Visage & Corps;82 Av. du Général Leclerc, 92340 Bourg-la-Reine, France
Sophie Ponton;15 Av. du Général de Gaulle, 26300 Bourg-de-Péage, France
Sophie Lenfant;3 Rte de Villiers, 53170 Saint-Charles-la-Forêt, France
Sophie LEGRAND;38 Rue Carnot, 03300 Cusset, France
Sophie beauté;Centre Commercial Super U, Rue de Neufchâtel, 76440 Serqueux, France
Soph'Esthétique;9 Rue du Château d'Eau, 67230 Rossfeld, France
SOONSA BODYCARE;4 All. Jean Paul Sartre, 77186 Noisiel, France
So'naturel;Pl. des Ormes, 35500 Erbrée, France
SOLÈU | Camille;Les Grandes Carrières 5 ZI, 14370 Moult-Chicheboville, France
Soleil Relaxe;12 Rue Caillaux, 75013 Paris, France
Soleil d'or;124 Av. de la République, 94700 Maisons-Alfort, France
Solea massages et réflexologie;7 Av. Charles Cros, 34830 Jacou, France
SolaMé | diagnostic peau | facialiste | soins Mansard |massage sur mesure | lashlift;33 Rue Aristide Briand, 27530 Ézy-sur-Eure, France
Soins Er Tehuen;kerhillio, 56410 Erdeven, France
Soins du monde;348 Av. de la Division Leclerc, 88300 Neufchâteau, France
Soins de soie;7 Rue Noël Ruffier, 60250 Mouy, France
SoinÉvasion By Cat;37 Rue du Dauphiné, 38230 Tignieu-Jameyzieu, France
Soin De Soie;centre commercial Intermarche, 64310 Saint-Pée-sur-Nivelle, France
Sognu d’Alba;44 Bd du Général Graziani, 20200 Bastia, France
SoGlam Institut;39 Bd Ambroise Croizat, 59287 Guesnain, France
Soft Institut;76 Rue Pasteur, 51190 Avize, France
Sofitel Thalassothérapie;2 Bd Louison Bobet, 56170 Quiberon, France
Soélo massage & naturopathie;1190 Chem. du Vallon de Bagnols, 13090 Aix-en-Provence, France
SOBEAUTYMEETING Institut Esthéticienne Maquilleuse professionnelle Corse;125 Avenue St Alexandre Sauli, 20270 Aléria, France
So'Amma;20 Rue Bouteiller de l'Isle, 44430 Le Landreau, France
So Well, So Zen;5 Rue de la Rangonnière, 86600 Lusignan, France
Slow Massage & Method;18 Rue Antonin Paris, 30250 Sommières, France
Skinglow® Institut | Cornéothérapeute®;78 Rue Nationale, 57350 Stiring-Wendel, France
Skiness.a Soins visage profond coréen à Thonon;8 Av. de la Versoie, 74200 Thonon-les-Bains, France
Skincare Therapy;3 Rue des Chalands, 77600 Bussy-Saint-Georges, France
Skin care & body - Institut de beauté et Onglerie - HARDRICOURT - MEULAN;1 Rue du Vexin Z.A la Brosserie, 78250 Hardricourt, France
Sinivali Institut;2 Couvy, 35490 Chauvigné, France
Silvianna beauty;19 Rue du Lavoir, 74200 Allinges, France
SiBelle;1168 Rte d'Aix-les-Bains, 74540 Alby-sur-Chéran, France
Sib Elle;35 Av. Tristan Klingsor, 60650 Lachapelle-aux-Pots, France
Si Le Corps Vous En Dit;8 Rue de la Grotte, 56430 Néant-sur-Yvel, France
Shima Massages Ayurvédiques - Sabine Adriensence;147 Rue Notre Dame des Pins, 34290 Espondeilhan, France
Shiatsu thaï Sarrians;35 Imp. Van Gogh, 84260 Sarrians, France
Shiatsu Institut;23 Rue Angély Gras, 81000 Albi, France
Shénélia Institut;1A Rte de Houx, 28130 Hanches, France
Shaktima Ayurveda – Bilans, Massages, Chi Nei Tsang & Formations à Albi;332 Chem. de Canavières, 81000 Albi, France
Serenizen;58 Le Clos du Château, 62410 Hulluch, France
SERENITY INFINITE | Valérie;16 Rue de la Famille Cassini, 77127 Lieusaint, France
Sérénité Beauté Cormeilles;68 Ter Rue de l'Abbaye, 27260 Cormeilles, France
Serenisens - Corny-sur-Moselle;1 Rue Malsibotte, 57680 Corny-sur-Moselle, France
Sentorea Massages & Plantes - Sarah Duvochel;40 Bd Carnot, 43000 Le Puy-en-Velay, France
Sensorial;22b Rue des Compagnons, 51350 Cormontreuil, France
Sens Natur'elles Facialistes;26 Av. du Général de Gaulle, 78600 Maisons-Laffitte, France
Sens Ascensionnels;11 Sq. de la Marquise, 35580 Guichen, France
SELLOU-SWEET;22 Rue de la Gare, 62300 Lens, France
SELF CARE CLUB;14 Bd des Sports Bât.A / 1 étage, 77700 Bailly-Romainvilliers, France
Selene et Elea;Rue Voltaire, 49500 Segré-en-Anjou Bleu, France
Séduction Institut;32 Rte de Dijon, 21110 Longecourt-en-Plaine, France
Secrets de Bio-Té (institut de beauté ,estheticienne, Bressols);11 Lot. Tenance, 82710 Bressols, France
Secret Des Sens;14 Av. de Toulouse, 31130 Balma, France
Secret De Beauté;8 Rue Gambetta, 86200 Loudun, France
Secret Caché;50 Rue de la Fraternité, 13980 Alleins, France
"Sébastien Heroux ""Massagevalderouvre""";13 Pl. du Marché, 61100 Athis-Val de Rouvre, France
Sdc Beauty;182 Av. Pasteur, 33185 Le Haillan, France
SB Salon Beauté;3 Rte de Pornic, 44320 Chauvé, France
Sarl Maison de Beauté Marie Ty;11 Bd de la République, 06240 Beausoleil, France
Sarah Beauté;269 Chem. de Champlenot, 74540 Mûres, France
Sandrine. Mers & Merveilles;08 Rue Saint-Pierre, 59380 Quaëdypre, France
Sand’Madero institut holistique;5 Allée des vignes du Paradis, 5 Allee des Vignes du Paradis, 83320 Carqueiranne, France
Sama massages;49 Rue de l'Hautil, 78570 Andrésy, France
Salon xinxin relaxation- MAssage 91160;6 Rue du Président François Mitterrand, 91160 Longjumeau, France
SALON SHUN SHUN MEUDON;5 Bd des Nations Unies, 92190 Meudon, France
Salon Jieli;7 Rue Lesueur, 80100 Abbeville, France
Salon Entre Parenthèses;26 bis Rue de Vigneux, 44119 Treillières, France
Salon de massage Salon Leo à Nevers;40 Rue de Nièvre, 58000 Nevers, France
Salon de massage saint Maur des fossé;29 Pl. du Maréchal Juin, 94100 Saint-Maur-des-Fossés, France
Salon de Massage Pierres d'Eclipse;9 All. des Mimosas, 69210 L'Arbresle, France
Salon de massage Asie;59 Rue Raspail, 94700 Maisons-Alfort, France
Sakti.MaY Massage Ayurvédique et Yoga;90 Rue des Pensées, 38410 Chamrousse, France
Saint Maur Esthétique;108 Bd de Champigny, 94210 Saint-Maur-des-Fossés, France
SAIM Salon de massage;23 Bd Lamartine, 34340 Marseillan, France
Sadhana;3 Rue Chabrier, 13100 Aix-en-Provence, France
Sabrina Relaxation;22 Rue Ozomont, 55100 Verdun, France
Sabrina Doré Massages;99 Grande Rue, 69770 Villechenève, France
Sabine À Corps d'Âme / Sabine À Corps d'Âme Connexion;32 Rue de Paris, 77400 Pomponne, France
S Lady Zen Beauty;12 Rés des Aqueducs, 56890 Meucon, France
Rui Xing Beauté;32 Rue d'Égleny, 89000 Auxerre, France
Roux Bruno;14 Rue Saint-François, 51270 Courjeonnet, France
Rituels d'Aphrodite;17b Pl. du Général de Gaulle, 76240 Le Mesnil-Esnard, France
Rituels Beauté by C L'Atelier;35 Bd Fernand Hostachy, 78290 Croissy-sur-Seine, France
Rituels Beauté;52 Rue de la Minoterie, 44310 Saint-Philbert-de-Grand-Lieu, France
Ritu'elles institut (Zenarium);5 Rue de Picardie, 67116 Reichstett, France
Rituel Zen;17 Rue des Fiacres, 85150 Martinet, France
Rituel Sanne;1286 Rte de Genebrières, 82230 Léojac, France
RITUEL FÉMININ PARIS - Soins & Drainage;19 Rue de Navarre, 77700 Serris, France
Rituals Care by J Johanna | Miracle touch, Drainage Lymphatique Renata França - Cryolipolyse | Nîmes et Alès;737 Chem. de Berenguery, 30100 Alès, France
Rêves des sens;14 Rue Victor Hugo, 62380 Lumbres, France
Rêverie;12 Pl. du Marché, 13150 Tarascon, France
Rêver2Mains;4 Rte de la Gare, 38550 Clonas-sur-Varèze, France
Revati'sens massages;4 Rue de la Parenterie, 77135 Pontcarré, France
Reliances Massages;201 Chem. des Colombades, 83136 Sainte-Anastasie-sur-Issole, France
relaxzone indienne;1 All. du Commerce, 78280 Guyancourt, France
Relaxyinyang;52 Rue du Commerce, 58200 Cosne-Cours-sur-Loire, France
RelaxHome (ABLIS);16 Rue Robert Schuman, 78660 Ablis, France
Relaxence;9 Imp. du Crucifix, 31140 Launaguet, France
Relaxation Vichy;36 Rue Callou, 03200 Vichy, France
RELAX NATUR'ELLE;40 rue de la commune, 38550 Saint-Maurice-l'Exil, France
Relax Mureaux Massage;22 Rue Paul Doumer, 78130 Les Mureaux, France
Relax Med;26 Grand Rue, 30870 Clarensac, France
Rel'Ax et vous;46 Rue de Pont sur Sambre, 59570 La Longueville, France
Relax & vous;1 All. de la Garenne, 86240 Ligugé, France
Relax & moi;71 Rte de Becquigny, 76570 Limésy, France
Regard Sur Soi - Massages et soins holistiques Challans;420 Rte de Saint-Paul, 85220 Commequiers, France
REFLEXOSOPHIE;28 A Rue de l'Église, 57660 Frémestroff, France
Reflex Beaute;91 Av. de Toulouse, 31150 Bruguières, France
Raphaelle Massage;9 Rue des Venages, 41100 Naveil, France
Quintessens;108 Rue de Forbach, 57350 Spicheren, France
Quintessence;5 Rue des Fabriques, 68470 Fellering, France
Que Du Bonheur;12 Chem. Camparnaud, 31140 Aucamville, France
QIPAO;43 Rue de Lille, 59280 Armentières, France
Purple Energy;Lieu-dit A Blancotte, 32220 Gaujac, France
PURE COCOON;67 ter Rte de Gençay, 86000 Poitiers, France
Pro Massages Access Facialisme & Renata França;66 A Rte des Châtaigniers Bât A, 74350 Allonzier-la-Caille, France
Pro Esthetic;54 Cr Alsace Lorraine, 31460 Caraman, France
PRETTY BODY MADEROTHERAPIE;35 Chem. de la Sauvegarde, 69130 Écully, France
Présent de Mains;Ham. du Languedoc, 72700 Allonnes, France
Prana, jardin du Corps;4 Rue de la Poterne, 68250 Rouffach, France
Pour l'Âmour de Soi;20 Pl. du Mehs, 57970 Kœnigsmacker, France
Poudre d Étoiles;12 Rue du Chena, 88510 Éloyes, France
Portbailbeauté;6 Rue des Dauphins, 50580 Port-Bail-sur-Mer, France
Point Soleil Paris Alésia;226 Av. du Maine, 75014 Paris, France
POINT RELAXATION SALON DE MASSAGE;23 Rue Prte aux Saints, 78200 Mantes-la-Jolie, France
Point Beauté;1 Rue de l'Europe, 57730 Macheren, France
Poézenn institut;2 Rue de Rennes, 35150 Corps-Nuds, France
Po'Esthétique;15 Av. de Rodez, 12450 Luc-la-Primaube, France
Plume de beauté;44 Rue Roger Salengro, 62750 Loos-en-Gohelle, France
Plum' Sérénité - Massage relaxant Intuitif / Drainage lymphatique Renata França / Réflexologie plantaire / méthode JMV;132 Av. du Général de Gaulle, 91550 Paray-Vieille-Poste, France
Planète Beauté;8 Rue du Perray, 45210 Ferrières-en-Gâtinais, France
Place Détente;Zone Industrielle Des Boutries, 15 Rue des Cayennes, 78700 Conflans-Sainte-Honorine, France
Physio Massage;Rue du Théron, 81000 Albi, France
PERRIN Corinne;Av. des États Unis, 52000 Chaumont, France
Perle D Eau;3 Rue de la Poste, 53240 Andouillé, France
P'eau Zen;50bis Av. nationale, 72650 La Bazoge, France
Paus'O Naturel;25 Rue Aristide Briand, 27400 Acquigny, France
PAUSE MASSAGE;Espace Évolution, 3 bis Av. Charles Cros, 34830 Jacou, France
Pause et Vous;10 Rue des Varennes, 69126 Brindas, France
Pause Essentielle;12 Rue des Forques, 14760 Bretteville-sur-Odon, France
pause cocooning;2 Rte de la Chansonnière, 49125 Briollay, France
Pause & Vous, Massages;1 Rue Saint-Hilaire, 03500 Saulcet, France
Paume&Pouce;4 Rue de l'Arche, 72300 Vion, France
Pauline GALLIX - MAISON 1224;1224 Av. de la Tarentaise, 73210 Aime-la-Plagne, France
Pat'Pasithéa Massage Concept;23 Rue Saint-Eloi, 45210 Ferrières-en-Gâtinais, France
Passage Bleu Troyes;Parc Cial BeGreen Rue des Acacias Proche E.Leclerc, 10410 Saint-Parres-aux-Tertres, France
Passage Bleu St-Memmie;aux Chaussures, ZAC MERCURIA Face à la Halle, 10 Av. Mercuria, 51470 Saint-Memmie, France
Passage Bleu Épinal - Jeuxey;Rue du Saut le Cerf, 88000 Jeuxey, France
Passage Bleu - Thillois;2 Rue des Acacias Zac Nord, 51370 Thillois, France
Passage Bleu - St Martin des Champs (à proximité de Morlaix);Proche La Halle À côté de Kiabi et Promod, ZAC, Rue Goarem Vraz, 29600 Saint-Martin-des-Champs, France
Passage Bleu - Schweighouse-sur-Moder;16 Rue de Niederbronn ZI DE LA ZINSEL - Proche Auchan, 67590 Schweighouse-sur-Moder, France
Passage Bleu - Remiremont;côté de Century 21 et le Bistrot des Apothicaires, 100 Rue Charles de Gaulle, 88200 Remiremont, France
Passage Bleu - Quetigny;6 Rue du Platane, 21800 Quetigny, France
Passage Bleu - Cormontreuil | NOUVEAU PROPRIÉTAIRE;ZAC de à côté de Atol, 1 Rue des Blancs Monts, 51350 Cormontreuil, France
Passage Bleu - Bry sur Marne;CC LES ARMOIRIES, 19bis Bd Jean Monnet, 94360 Bry-sur-Marne, France
Passage Bleu - Amilly (à proximité de Montargis);Fresh, en face de, 1309 Av. d'Antibes, 45200 Amilly, France
Passage Bleu - Alès;688 Route de Nîmes RN 106, Proche Grand Frais, 30100 Alès, France
Pasithéa;58 Rue Veuve Thibeauville, 80110 Moreuil, France
Parfumerie, Esthétique - Ambre;Centre Commercial Intermarché, Rte de Sommières, 30820 Caveirac, France
PARFEE MASSAGE;Centre de beauté et bien etre Mona lisa, 36 Rue du Saint-Esprit, 34370 Maraussan, France
Parenthèse dorée Centre Esthétique et Cryolipolyse;14 Rue Marie Durand À l’étage, 30190 La Calmette, France
Parenthèse Détente;805 Rte de Bedoin, 84380 Mazan, France
Parenthèse;La Forêt, 37460 Nouans-les-Fontaines, France
"Parapharmacie,Institut de beauté ""Paranaturéa""";102 chemin dachsberg 5 place de l'ancienne école, 74450 Saint-Jean-de-Sixt, France
Paralelle;Entre Deux Monts, 33710 Prignac-et-Marcamps, France
Paradis Zen;16 Rue Sainte-Barbe, 62250 Marquise, France
Paonia Massage & Mieux-Être - Brétignolles-sur-mer;3 Rdpt du Moulin, 85470 Bretignolles-sur-Mer, France
Oxy'Zen;Impasse Guy de Maupassant, 33 Bd de la Seine, 27460 Le Manoir, France
Oxygène;4 Av. de Verdun, 01640 Jujurieux, France
Osmose Institut;Rue Curie, 62153 Souchez, France
Osiris Massage;28 Rte de la montagne, 44220 Couëron, France
Oshena beauty;8 Av. de Versailles, 31700 Cornebarrieu, France
Origine Massage Metz;59 Rue Général Diou, 57070 Saint-Julien-lès-Metz, France
Origine des Sens - Soins Experts visage et Kobido - Chatou;17 Av. Larcher, 78400 Chatou, France
Origine & Sens;12 Rue de la Liotterie, 44430 Le Loroux-Bottereau, France
Original Beauté;6 rue du Maquis, 25700 Mathay, France
Orient Express;3 Av. Normandie Niemen, 79000 Niort, France
Orience Institut;30 Voie des Prés, 91360 Épinay-sur-Orge, France
ORA Esthetic;13 Av. du Général de Gaulle, 26300 Bourg-de-Péage, France
Opus Soins - Massage - Réflexologie - Coulombs;4 Rue Sully, 28210 Coulombs, France
Ôptitsoin;27 Rue de Mi-Forêt, 35340 Liffré, France
Ophisea;455 Rue des Filatiers, 62223 Anzin-Saint-Aubin, France
Ongles & Beauté;Centre commercial, 2 rue André lebourblanc, Rue Madame de Maintenon, 78590 Noisy-le-Roi, France
O'Natur'Elle;10 Av. de Soulac, 33480 Listrac-Médoc, France
Ôm'Main'Sages;39 Rue des Petits Prés Bât. A - Apt 32, 16730 Fléac, France
OMIRÃ • Massages Sur-Mesure (ex- Perle d'Eau) | Facialiste • Beltra - Deep Tissue • Renata et Madérothérapie;31 Rue Clemenceau, 57185 Clouange, France
Omega Zhen massages;33 Grand Rue, 34700 Lodève, France
Ombelle;6 Rue du Dolo, 79300 Bressuire, France
OM SHANTI Massages et Danses;37 Av. du Général Patton Logement F, 57730 Folschviller, France
Om Shanti Massages Ayurvediques;1 Rte de Beaufort, 34210 Olonzac, France
Ôm Relax' Institut - Institut de massages traditionnels- 29120 Sainte Marine;2 Quai Jacques de Thézac, 29120 Combrit, France
Ôm Relax;30 bis Av. du Parc, 94340 Joinville-le-Pont, France
Ojos de Co;87 Rue Edmond Laudeau, 59580 Aniche, France
OJAS MASSAGE AYURVEDIQUE;815 Chem. de Fromentin, 69380 Chasselay, France
Oh Meah Studio Massage Expert & Esthétiques;42 Rue Faidherbe, 91600 Savigny-sur-Orge, France
Oceanic Therapy Les Bains du Bassin;149 All. du Haurat, 33470 Gujan-Mestras, France
Océane Institut;46 Rue des Monts du Matin, 26300 Chatuzange-le-Goubet, France
Océane;2 A Rue Jehan Véron, 76550 Offranville, France
Ocealigne;19 Rue Larcher, 14400 Bayeux, France
O’ Beauté et Soins;3 Rte de Moranville, 55400 Abaucourt-Hautecourt, France
Ô, Corps & Âme - Massage 82;1 Rue du Couloir, 82700 Finhan, France
Ô Sublime;20 Bd du Dr Audureau, 49510 Beaupréau-en-Mauges, France
O soleil;4 Rue du Palais de Justice, 77120 Coulommiers, France
Ô Sens des Alpilles;36 Imp. de la Guillaumette, 13430 Eyguières, France
O' Sea Belle;Pl. du Gén de Gaulle, 53320 Loiron-Ruillé, France
O' Ptits Soins;12 Pl. de la Mairie, 80690 Ailly-le-Haut-Clocher, France
Ô paradis des sens;19 Chem. du Parc, 78580 Bazemont, France
O Natur'elles;61 Rte de Chatou, 78420 Carrières-sur-Seine, France
Ô NATUR'ELLE;37 Av. Franklin Roosevelt, 77260 La Ferté-sous-Jouarre, France
Ô Mille et une Beautés;Place de la République, 16 Rue Jean Maréchal, 27190 La Bonneville-sur-Iton, France
Ô delà du Corps;3 Rte des Taureaux, 58470 Saincaize-Meauce, France
Ô comptoir des sens;5 Rue du Faubourg Saint-Jacques, 80190 Nesle, France
O' Cœur du Massage;8 Av. du Président Kennedy, 20090 Ajaccio, France
Ô Cœur des sens by Gwen;Relais st michel, 16 Rue du Pré Valet, 52190 Villegusien-le-Lac, France
Ô CAP INSTITUT;Cap'Adapt, 18 Rue du Landreau, 49070 Beaucouzé, France
O Bain Des Sens;1 Rue St Amans, 34230 Pouzols, France
Nymphea MG;15 Chem. de la Madeleine Supérieure, 06130 Grasse, France
Nymphéa Institut de Beauté;Centre Europa, 20290 Lucciana, France
Nymphéa;16 Rue de la Gare, 70200 Lure, France
Nymphe Esthétique;20 Rte de Dijon, 21600 Longvic, France
NURSKIN CARE centre dermo-esthétique & laser;Espace Santé ATLANTIS, 1 Rue André Malraux, 81000 Albi, France
Nuance Poudrée;35b Av. Henri Barbusse, 80330 Longueau, France
Nouvelle Aube;33 rue d'Albret, 33124 Aillas, France
Note de Douceur - Institut de Beauté à Riaillé,;28 Chem. de la Planchette, 44440 Riaillé, France
Nomad et Sens;6 Cr Franklin Roosevelt, 69006 Lyon, France
Nohana;4bis La Moussé, 61300 Saint-Sulpice-sur-Risle, France
Noémie Institut;505 Lemps, 07210 Alissas, France
Noëline;82 Av. Pierre Mendès France batiment 3 Porte 1B, 64300 Orthez, France
Nirali Institut de Beauté;80 Bd Henri Barbusse, 93230 Romainville, France
Ninaléa à l'écoute des maux et des mots;Imp. du Père O, 17290 Aigrefeuille-d'Aunis, France
Niagara Institut;19B Rue du Bac, 94480 Ablon-sur-Seine, France
Nhyna Beauty;11-13 Rte de Montlhéry, 91310 Longpont-sur-Orge, France
New Skin Institut dermo-esthétique;6 Rue Xavier Rogé, 54700 Pont-à-Mousson, France
Nelly Barbosa ? Evanescence Ayurveda- Massages et soins ayurvédiques;7 Rte d'Auzeville, 76450 Ocqueville, France
Néah institut;8 Rue Alexandre Barbier, 60590 Sérifontaine, France
NawRelax Maderotherapie;39 Rue du Plateau, 01360 Béligneux, France
Nav aste massage;14 rue de l'appel du 18 juin 1940, 82350 Albias, France
Naturveda;1 Rue ar Mor, 29460 Logonna-Daoulas, France
Naturo'zen;6 Rue Anatole France, 57300 Hagondange, France
Natur'Essentielle;13 Rte de Moulière, 86130 Saint-Georges-lès-Baillargeaux, France
Natur'eme I Institut de beauté ARZAL;3 Bis Ker Anna, 56190 Arzal, France
Naturellement soa;581 chemin de st julien de cassagnas, 30500 Potelières, France
Naturellement Belle;1 Bis Pl. de l'Église, 10150 Creney-près-Troyes, France
Natur'elle Beauty institut de beauté Loulay;9 rue du moulin, 17330 Loulay, France
Natur'elle beauté | Institut de Beauté | Yvelines (78);323 Rue Louis Blériot, 78530 Buc, France
Naturelle Beauté;3 Rue Victor Robin, 43200 Saint-Maurice-de-Lignon, France
Naturel'Aura;41 Grande Rue, 73220 Val-d'Arc, France
Nature'L&Zen;124 Rue Jacques Brel, 30700 Saint-Hippolyte-de-Montaigu, France
Naturel Zen;9 Rue de Plaisance, 44310 Saint-Philbert-de-Grand-Lieu, France
Naturel Beauté;2 B Rue du 19 Mars 1962, 13550 Noves, France
Nature&Beauté;36 Av. de Stalingrad, 78260 Achères, France
Nature Zen;11 Pl. du Gén Leclerc, 61600 La Ferté Macé, France
nature L;3 clos du Lys, 33360 Carignan-de-Bordeaux, France
Nature et Beaute;14 Rue Jean Jaurès, 24160 Excideuil, France
Nature des Sens;155 Rue du Fort, 40310 Gabarret, France
Nature De Peau;19 A Rue Charles Delaunay, 10240 Ramerupt, France
Natur'an;88 Rue Grande, 36000 Châteauroux, France
NATUR'AMMA ~ Massages & Drainages by Victoria (PORTICCIO & AJACCIO);13 Bd Sampiero, 20000 Ajaccio, France
Natural massage institut;42 Rue Jean Baptiste Dumas, 30340 Salindres, France
Naturae;26 Av. Draio de la Mar, 13620 Carry-le-Rouet, France
Natur'& O;6 Rue du Petit Mouësse, 58000 Nevers, France
Natur Elle Beauté;360 Rte d'Annecy, 74350 Allonzier-la-Caille, France
Natur' Elle;Rue Jean Noizet, 08130 Attigny, France
Nathalie L - Esthéticienne - Accompagnement de la femme -Thourotte;3 Pl. Raymond Poincaré, 60150 Thourotte, France
Nat Evasion;29 Rue de Nantes, 85600 Montaigu-Vendée, France
Nat & Sens - Massage kobido;101 Av. du Général de Gaulle, 78600 Maisons-Laffitte, France
NACRÉA institut;21 Bis Bd Pierre Mendès-France, 77500 Chelles, France
N.A Beauté;12 bis Rue Blanqui, 59215 Abscon, France
Myriam Cervera - De l'assiette au Mouvement;4 Av. Joliot Curie, 13370 Mallemort, France
My Massage;13 Mail de Bourgchevreuil, 35510 Cesson-Sévigné, France
My Beauty Glow;1 Av. de la Libération, 33310 Lormont, France
Murielle Massage Balinais;3 All. du Compagnonnage, 77176 Savigny-le-Temple, France
MP l'atelier beauty;2B Rue Bacchus, 31620 Fronton, France
Moulin Sainte Catherine - salon m&m;16 Rue Mario Versepuy, 43000 Le Puy-en-Velay, France
Mothaím;500 rue du Centre, 74330 Epagny Metz-Tessy, France
Mosnier Angelique;Av. de Borgo résidence Casaluna, 20290 Borgo, France
MoonFlowers massages et formations;39 Rue du Fief Heulin, 44430 Le Loroux-Bottereau, France
Montecito Institut;15 Av. des Lavandières, 13390 Auriol, France
MonDia Zen Esthétique Massage;660 Chem. de Lagardelle, 31860 Labarthe-sur-Lèze, France
Monde de douceur;1 bis Rue du 3 Août 1944, 44850 Saint-Mars-du-Désert, France
Mona - Maison du Corps;10 Rue Henri de Savornin, 84160 Lourmarin, France
Mon Massage & Vous;44 Rue de Magny, 77700 Bailly-Romainvilliers, France
Mon estheticienne;27 Bd du General Leclerc, 06240 Beausoleil, France
MON ESCALE BEAUTE - Asnières sur seine - Coiffeur - Ombre Hair - Balayages - Épilation - Ongles - Soins du Visage - Drainages;44 Rue Maurice Bokanowski, 92600 Asnières-sur-Seine, France
Mon Cocon;10 Le Clos Madrie, 27600 Fontaine-Bellenger, France
Modologie Montbrison;Espace C-Briant, Chem. de la Bruyère, 42600 Savigneux, France
Modern Parfums Aurelie;425 Avenue St Alexandre Sauli, 20270 Aléria, France
Modelages du Monde;42 Esp. la Brasserie, 57970 Yutz, France
Moanna;18 Rue de l'Océan, 85470 Brem-sur-Mer, France
ML' E Sens - Massages - Drainage Lymphatique Oise;EXCLUSIVEMENT SUR RDV, 34 Rue de Verdun, 60550 Verneuil-en-Halatte, France
Mio Bio Beauté;16 Rue Tatin, 27400 Louviers, France
Minceur Nature;13 Rue Duguet, 58200 Cosne-Cours-sur-Loire, France
MILOROSE Institut - Institut de beauté Thuir;41 Av. Général Guillaut, 66300 Thuir, France
Mille et une douceurs;16 Pl. du Général Dorsenne, 62610 Ardres, France
Mille Et Une Beautes;1 Rue de Chartres, 28120 Illiers-Combray, France
Mille Et Une Beauté;4 Rue Cardinal, 17000 La Rochelle, France
Mille et un Soins;2 Rue de la République, 47200 Marmande, France
Mille Beauté;22 Sent. de Lozinghem, 62157 Allouagne, France
Mille & une Beauté;1 Rue de la Fontaine, 35680 Bais, France
MilaneySens Beauté et Massages;84 Av. Victor Hugo, 95630 Mériel, France
Milanaya Beauté;38 Rue du Général Leclerc, 95410 Groslay, France
MERCEDES CARRASCO;7 rue du Docteur Clauzet, 15600 Maurs, France
Mély Beauty;52 Rue de Figuey, 33640 Beautiran, France
Mélo dit Beauté;2 Rue de la Poste, 35750 Iffendic, France
Méli'spa;8 BIS Av. Roland Delachenal, 38460 Crémieu, France
Mélina Dros - Massages, drainage lymphatique & Naturopathie à La Motte Servolex et Chambéry;260 Chem. de la Côté du Noiray, 73290 La Motte-Servolex, France
Méli massage et drainage Château gontier;4 La Pescherie, 53200 La Roche-Neuville, France
Mélanie Esthétique;14A Av. Jean Jaurès, 82300 Caussade, France
melahel massage;8 Pl. de l'Hôtel de ville, 37600 Loches, France
MEL & ZEN;20 Rue de la République, 60600 Clermont, France
MBRH INSTITUT® | Centre Esthétique | Fontainebleau/Avon;57 Av. Franklin Roosevelt, 77210 Avon, France
Mbap Boulou - Massage Africain;11 Rés du Manoir, 50180 Agneaux, France
Maud Oliviero;OStudio Pilates et Bien-être, 7 Rue Malakoff, 92600 Asnières-sur-Seine, France
Mathilya Institut & Dressing;5 Pl. de la Mairie, 35230 Orgères, France
Mathilde Modern Massage;15 Rte de Bray, 77134 Les Ormes-sur-Voulzie, France
Mass'N Be;46 Grande Rue, 71350 Saint-Loup-Géanges, France
Mass'monde;Dans l'espace pluridisciplinaire, 12 Rue des Pesières, 39150 Saint-Laurent-en-Grandvaux, France
Mass'Ange;29 Rue Paul Cézanne, 81000 Albi, France
Massami Massage;13 Imp. des Côtes Catalanes, 66380 Pia, France
Massa'jé - Salon de Massages Septème;342 Rte des Mitoyens, 38780 Septème, France
Massaj;Vla Christophe, 77200 Torcy, France
Massages Yoga L’ELEPHANT VOLANT;Peyresourde, PEYRAGUDES, 65240 PEYRAGUDES, France
Massages Thezan les beziers;3 Rue de la Tour, 34490 Thézan-lès-Béziers, France
Massages RBNB Lourmarin;84160 Lourmarin, France
Massages Intuitifs by Elisabeth;30 Rue Louis bosc, Av. du Général de Gaulle, 83250 La Londe-les-Maures, France
Massages en Belledonne;38190 Laval-en-Belledonne, France
MASSAGES DU MONDE ZOÉ;434 Chem. des Princes, 33430 Lignan-de-Bazas, France
Massages du Monde par Eva;15 Rue Centrale, 83910 Pourrières, France
Massages du monde Meltherapy83;Cor du Castellas, 83210 Solliès-Toucas, France
Massages du monde by Céline;2 La Gautrais, 35120 Cherrueix, France
Massages Des connexions;Des connexions, 57 Rue Jean Jaurès local 3, 79200 Parthenay, France
Massages Christine Soin;12 Rue Henri de Savornin, 84160 Lourmarin, France
Massages by C Ardèche;Rte de Fontgrand, 07210 Alissas, France
Massages Ayurvediques Le chalet Zen;hameau du Villaret, 13 rue du Marronnier, Le Villaret, 11390 Brousses-et-Villaret, France
Massages Anahata by Laetitia;Les Pins, 4 Voie de Lamat, 32380 L'Isle-Bouzon, France
Massages à domicile Drôme et Ardèche;Les hautes marlhes, 26300 Alixan, France
Massages & soins énergétiques - Soins Sam?na.;Lieu dit Michel-Ange, Baléone, 20167 Afa, France
Massages - Au Centre de l'Être;25 Chem. Cantemerle, 81570 Cuq, France
Massage'S;Le Moulin de la Rivière, 79230 Vouillé, France
MassageRelaxant;23 Rue des Bûcherons, 94440 Marolles-en-Brie, France
Massage, hammam, sauna, L' espace Balnéo;Le Marais Doux, 17310 Saint-Pierre-d'Oléron, France
Massage traditionnel Thaïlandais Kanlaya Annecy;COLIN Kanlaya Massage, 1 Rue Camille Dunant, 74000 Annecy, France
Massage Time;52 Rue Edmond Faulat, 33440 Ambarès-et-Lagrave, France
Massage Tibétain Vincent Palmas;54 Chem. de la Girousse Road, 31410 Longages, France
Massage Terre Happy;14 Rue Eugène Delacroix, 33150 Cenon, France
Massage Tantrique & Constellations - Sakatori;148 Rue des Acacias, 40330 Amou, France
Massage Suédois et Californien;9 Rue du Peintre Maurice Ehlinger, 90400 Andelnans, France
massage sonia toussaint;Rue de l'Église, 60240 Fay-les-Étangs, France
Massage Siddarta Colmar;16a Chem. du Galtz, 68410 Niedermorschwihr, France
Massage Séte;2 Rue Frédéric Mistral, 34200 Sète, France
Massage professionnel et énergétique;17 Rue des Champs, 81200 Aiguefonde, France
Massage Perle Rouge;33 bis Rue Abbé Philippe le Gall, 56400 Auray, France
Massage Naturel à domicile et sur place à Metz;Rte de Plappeville, 57050 Metz, France
Massage Molitg;Maison Communale, 5 Carretera del Col de Jau, 66500 Molitg-les-Bains, France
Massage Milly la Forêt - Aerya;21 Bd du Maréchal Foch, 91490 Milly-la-Forêt, France
Massage Lyons Normandie, dédié aux Femmes;25 Rte des Hogues, 27480 Lyons-la-Forêt, France
Massage Lyon : REFLEX' MASSAGE;4 Rue de la Quarantaine, 69005 Lyon, France
Massage Lorient - Chakra etc.;17 Rue Madame Geoffroy, 56600 Lanester, France
Massage Longjumeau;2 Rue Gabriel Bertillon, 91160 Longjumeau, France
Massage La Londe BLOOM AURA;345 Rue Cinsault, 83250 La Londe-les-Maures, France
Massage Koncept - Salon de massage;13 Rue Jules Bertin, 03800 Gannat, France
Massage Kobido;1 bis Rue du Plessis, 95120 Ermont, France
Massage japonais Yubizen (Shiatsu, Sokuatsu, Anma...);cabinet de psychothérapie d'Anne Morabito, 8 Rte de Terssac, 81000 Albi, France
Massage i Des Halles;6 Rue du Porche, 81120 Réalmont, France
Massage et soins - Terre et Ciel - Reims - Julien;26 Rue Chanzy, 51100 Reims, France
Massage Energétique le Secret du Silence;38 Av. des Canadiens, 76140 Le Petit-Quevilly, France
Massage en duo;8 Rue Pierre Bertrandy, 46100 Figeac, France
Massage du sud;75 Impasse de l'argentiere, 83600 Les Adrets-de-l'Estérel, France
Massage Dreux (Relax Sensation);33 Rue Saint-Thibault, 28100 Dreux, France
Massage de L'aura;11 Pl. Saint-Benoît, 57310 Guénange, France
Massage Concept;15 Rue de la Grande Truanderie, 75001 Paris, France
Massage By Marie;3 Rue de la Croix Mallard, 78500 Sartrouville, France
Massage Aubenas - Le Secret du Bonheur;19A Chem. des Gras, 07200 Aubenas, France
Massage Alès;7 Av. Général de Gaulle, 30100 Alès, France
Massage à fleur de peau;45 Av. de Bayonne Centre oronoz, 64600 Anglet, France
MASSAGE A DOMICILE Metz - Remilly - Relax Sens;5 Rue de la Haute Beux, 57580 Beux, France
Massage à chatillon 92320 PALAIS D'OR;30 Rue Béranger, 92320 Châtillon, France
Massage à Bethune En Corps Plus Zen By Manon;41 Rue de la Lawe, 62400 Béthune, France
massage 94700 Maisons Alfort;136 Av. de la République, 94700 Maisons-Alfort, France
massage 79;Résidence minerve, 85 Av. du Général de Gaulle, 79200 Parthenay, France
Massage 77700 Serris;FR, 17 Rue Emile Cloud, 77700 Serris, France
Massage 4 Dimensions;18 Pl. de la Liberté, 78700 Conflans-Sainte-Honorine, France
Massa Mana;15 Rue Pierre Mendès France, 27400 Louviers, France
Mass Yana;1 bis All. de la Fontaine, 85600 Montaigu-Vendée, France
Maryse Esthétique;232 Rte nationale, 45140 Ingré, France
Mary's Beauty Institut De Beauté;195 Av. de Champagne, 51300 Frignicourt, France
marmapu massage;Chalet Caché, R. de Constantine, 73210 La Plagne Tarentaise, France
Marlène Institut;4 Rue du Commandant de Troussures, 28140 Loigny-la-Bataille, France
Marion PR?NA;Chem. aux Bœufs, 78121 Crespières, France
Marine Shape;1 Le Moulin de la Chaussée, 44310 Saint-Philbert-de-Grand-Lieu, France
Marina Massage;44 Chem. du 21 Août 1944 Lieu dit Pommiers, 42550 Apinac, France
Marie-Pierre Ferland - Cabinet Locmariaquer;cabinet à Auray également, Espace Orée des pins, 29C ZA de Kerran, 56740 Locmariaquer, France
MARIE RELAXATION MEDITATION;1 Rue Droite, 83510 Lorgues, France
Mariannick Fouyet;10 Rue Sainte-Anne, 65100 Lourdes, France
Margaux Institut;11 Pl. des Erables, 07210 Alissas, France
Margaux Bio Esthetique;6 Pl. Gabriel Cerezat, 19470 Le Lonzac, France
Marc Vienne Masseur Energéticien;2 Av. de la République, 81170 Cordes-sur-Ciel, France
Manon des Sens - Massage duo & solo Intuitif Aix en Provence;17 Rue Pavillon, 13100 Aix-en-Provence, France
Manea Papillon;952 Rue de Picardie, 60126 Longueil-Sainte-Marie, France
Mamselle Bulle Massage;18 Chem. des Grandes Vignes, 49140 Rives-du-Loir-en-Anjou, France
Malvina Facompré - Massages & Soins énergétiques - Naturopathe TCA (troubles alimentaires, digestifs, femme enceinte);73 Rue Emile Zola, 59320 Hallennes-lez-Haubourdin, France
Maloe;15 Rue de la Libération, 21400 Châtillon-sur-Seine, France
Maleia Institut de beauté _ Onglerie;20 Rue de l'Aunis, 17290 Aigrefeuille-d'Aunis, France
MaisonSLD;20b Rue de la Paturotte, 25210 Le Russey, France
MaisonB;14 Av. du Général Leclerc, 53100 Mayenne, France
Maison Sanae - Institut de beauté;8 Rue du Parc, 37420 Beaumont-en-Véron, France
MAISON NATIE Fougères Phytomer-Paul&Joe-Harcourt-Revitalash-TanTowel-NailMatic-Bachca-Nougatine-Beverlyhills formula;23 bis Rue nationale, 35300 Fougères, France
MAISON NATIE Acigné Phytomer-Paul&Joe-Harcourt-Revitalash-TanTowel-NailMatic-Bachca-Nougatine-Beverlyhills formula;C.C Les Clouères, Pl. de la Mairie, 35690 Acigné, France
Maison Malya;57 bis Rte d'Ousson, 45250 Briare, France
Maison Maïa;22 Rte du Banchet, 73470 Novalaise, France
Maison Louise;6 Av. Marcel Perrin, 95540 Méry-sur-Oise, France
Maison l'Instant;5 Av. du Petit Port, 73100 Aix-les-Bains, France
Maison la Fée;40 Rue Gautier 1er, 77140 Nemours, France
Maison Isalyna - L’art du soin;Espace soin - Maison Isalyna, 2 place de l'histoire, 64170 Lacq, France
Maison Holistic;10 Rte de Vitré, 35220 Châteaubourg, France
Maison Harmonie;18 Av. Allongue, 83510 Lorgues, France
Maison Grit;2 A Rue de Léry, 27740 Poses, France
Maison Detox & Moi;Rte de Saint-Trivier, 01990 Saint-Trivier-sur-Moignans, France
Maison de Beauté Nelly Cettier;1 Pl. Camille Gervais, 26140 Anneyron, France
Maison de Beauté Corcoué;4 Rue du Pé Garnier, 44650 Corcoué-sur-Logne, France
Maison de Beauté Charlotte;11 Rue Gambetta, 72130 Fresnay-sur-Sarthe, France
MAISON DE BEAUTE by terres d'ailleurs;65a Rte de Thann, 68700 Aspach-Michelbach, France
Maison Cocoon;9 Rue Dean, 53200 Château-Gontier-sur-Mayenne, France
Maison Cocon;202 Chem. de Peligre, 82160 Caylus, France
Maison Cirrus;1 Rue Rouairie, 35410 Châteaugiron, France
Maison CH;61 Rue Stendhal, 62800 Liévin, France
Maison Céleste;21 Rte de Voivres, 72210 La Suze-sur-Sarthe, France
Maison Bohème;2 Rue de Jebsheim, 68150 Ostheim, France
Maison Bioté;28 Rue de Pornic, 44830 Bouaye, France
Maison Beauté Institut;10 Rue de Nantes, 44880 Sautron, France
Maison Beauté;19 bis Rue de Bretagne, 35360 Médréac, France
Maison Assia - Colombes Institut de Beauté;42 Rue du Bournard, 92700 Colombes, France
Mahina;2 Rue Raudot, 89200 Avallon, France
MAHANA - Institut de beauté;6 Rue Nationale, Centre commercial Auchan Supermarché, 37250 Sorigny, France
MAGNY ESTHETIQUE;TER, 10 Rue de Crosne, 95420 Magny-en-Vexin, France
Magnifi'toi;28 Chem. Bas, 79370 Aigondigné, France
MaesoBeauty;Theleac, 44350 Saint-Molf, France
Maderotherapie LADY;41 Rue Victor Hugo, 93150 Le Blanc-Mesnil, France
MABULLE;5 Rue Jaubert, 13100 Aix-en-Provence, France
Maali;1 Rue Royale, 59320 Radinghem-en-Weppes, France
Ma Pause Beaute;25 Imp. du Monument aux Morts, 74330 Lovagny, France
Ma Na'ture Zen;La Perrière, 72360 Mayet, France
Ma Loge Beauté;130 Rue Pierre Trouvé, 78660 Ablis, France
Ma bulle détente;10 Place de l'Ancien Château, 60440 Nanteuil-le-Haudouin, France
Ma Bulle de Détente (Salon de massage);49 Rue Albert Lebrun, 54560 Audun-le-Roman, France
Ma Bulle d'Air;Galerie commerciale Les Orres 1650, 7 Pl. des Étoiles, 05200 Les Orres, France
Ma Beauty Room;Place de la république, 94290 Villeneuve-le-Roi, France
Ma beauté Green;3 Rue de la Paix, 19360 Malemort, France
M.Nature et Soins;2 Route de Salies, 64270 Carresse-Cassaber, France
M&M Massage;2 Rue des Barils, 27580 Bourth, France
M Reflexomassage;2 Imp. des Charmes, 38280 Villette-d'Anthon, France
M' et Soi - Marie THOMAS;2 Chem. des Parentières, 72300 Précigné, France
Lussala Massage;39 Rue de Ferrette, 68130 Altkirch, France
Lunessa - massage holistique féminin Corbie, à 15 mn d'Amiens;2 Rue du 14 Juillet, 80800 Corbie, France
Lumina Beauté - Centre de beauté;4 Bis Rue de la Tour, 85150 Les Achards, France
Lucie massage;33 Rue Colette Besson, 35340 Liffré, France
Lucie Concept Beauté et Formations;36 Rue du Maréchal Leclerc, 59540 Caudry, France
Lucia Détente;21 Rue des Saugets, 16470 Saint-Michel, France
Lubelle;831 Goddeloozenhouck Straete, 59270 Méteren, France
LR esthétique;22 Rue Etienne Dolet, 94140 Alfortville, France
LP.Beauty;3 Rue Jean-Baptiste Carpeaux, 59215 Abscon, France
Louisy;Rue Sylvestre Chauvelot 28, 21200 Beaune, France
L'Otium - Institut de beauté;20 Rue de Nantes, 85530 La Bruffière, France
Lorsica;Résidence Campo Meta, 20600 Furiani, France
L'Orchidée Blanche - Courbevoie;57 Rue Emile Deschanel, 92400 Courbevoie, France
L'Or institut PANAZOL;27 Rue Charles Baudelaire, 87350 Panazol, France
L'or détente;334 Rte Barthélémy de Laffemas, 26240 Beausemblant, France
L'Or de Soi;20 Rue Léo Lagrange, 80130 Friville-Escarbotin, France
Lolita;5 Rue du Château d'Eau Espace renaissance, 17290 Aigrefeuille-d'Aunis, France
L'Oiseau de Paradis -Institut de Beauté;Centre Oasis, 1 All. de la Pépinière Bât Passiflore, 80480 Dury, France
l'ocre du massage;6 Rue Raphaël, 06400 Cannes, France
LN Atelier esthétique Dijon;Groupe médical 21, 21600 Longvic, France
LMZen;28 bis Rue Marie Thérèse de Clinchamps, 78530 Buc, France
L-Mass';50 Rte de Margaux, 33480 Avensan, France
L-M L´Esthétic;2 Av. Paquet, 78260 Achères, France
L'institut, centre de beauté;6 Rue de l'Aumônerie, 49160 Longué-Jumelles, France
L'Institut Sarl;6 Rte de Saint-Come, 50500 Carentan-les-Marais, France
L'institut du Roi René;7 Bd du Roi René, 13150 Tarascon, France
L'institut du Moving;27 Rte de Paris À Dieppe, 95520 Osny, France
L'Institut du CABC;30-42 Rue Jean Jaurès, 92270 Bois-Colombes, France
L'Institut de Vanessa;59 Rue des Raques, 60600 Agnetz, France
L'Institut de Maud;150 Rue François Denoeu, 62145 Estrée-Blanche, France
L'institut de Camille;4 Pl. du Martroi, 45260 Lorris, France
L'Institut de Beauté - So Beauty;3 Sq. Jean-Baptiste Colbert, 74 Av. du Général Leclerc, 92340 Bourg-la-Reine, France
L'institut de Beauté;110 Rte de Rives, 38140 Apprieu, France
L'institut de Bas-en-Basset By Christie;4 Bd de la Sablière, 43210 Bas-en-Basset, France
L'Institut d'amandine;24 Rue Léon Lemetayer, 60220 Formerie, France
L'institut d'alice;Centre commerciale super u, Rue de Lyons, 27460 Igoville, France
L'institut d'Alex;1 Av. de Pézenas, 34230 Adissan, France
L'institut By Ju;2 Chem. du Pesquier, 30111 Congénies, France
L'institut By Donia B;169 Rue Supervielle, 62750 Loos-en-Gohelle, France
L'INSTITUT - beauté - d'emmanuelle;62 Rue Clemenceau, 57440 Algrange, France
L'instant't;5 Rue de la Planche Grégoire, 35530 Noyal-sur-Vilaine, France
L'instant zen et beauté;4RP2+F6, 60440 Nanteuil-le-Haudouin, France
L'instant Zen;11 Grand Rue, 83910 Pourrières, France
L'instant soin esthétique à domicile;2 BIS Chem. des Bruyères, 95510 Aincourt, France
L'Instant Serein;15 Grande Rue, 89310 Sainte-Vertu, France
L'instant présent;12 Rue du Colonel Boutin, 44430 Le Loroux-Bottereau, France
L'Instant Précieux;Baleone Lot 11, Michel Ange 2, 20167 Afa, France
L'Instant pour Soi;56 Rue du Maréchal Foch, 78570 Andrésy, France
L'Instant Pour Moi;1 Pl. Lucie Aubrac, 35230 Bourgbarré, France
L'Instant Naturel;9 Rue Fernand Bonis, 42160 Andrézieux-Bouthéon, France
L'instant d'un Soin;123 place du village, 84870 Loriol-du-Comtat, France
L'instant du Soin;33 Rte de Revel, 81700 Puylaurens, France
